label,model,EbN0_dB,blocks,block_errors,BLER,BLER_CI95_low,BLER_CI95_high,bit_errors_info,BER,avg_iterations,avg_iteration_se,avg_success_iterations,max_iterations_observed,fraction_reaching_max_iterations,undetected_errors,syndrome_pass_count,convergence_failures,channel_saturation_count,channel_quantizer_clip_count,app_init_saturation_count,q_sub_saturation_count,min_input_clip_count,check_magnitude_clip_count,app_add_saturation_count,app_update_saturation_count,saturation_block_fraction,saturation_events_per_block,saturation_error_blocks,saturation_clean_blocks,saturation_error_events,saturation_clean_events,expected_core_cycles,worst_configured_core_cycles,stage,profile,candidate,config_id,w_CH,w_APP,w_q,w_M,channel_gain,ch_to_app_shift,beta,beta_equiv,clip_fraction_at_4p4,layer_order,requested_stop_errors,requested_stop_blocks,requested_stop_completed,iteration_boundary_cycles
C_ch5_app7_q7_m6_g0.65_s0_b0,fixed,4.4,16,5,0.31250000,0.14164644,0.55595644,932,0.0068951231,9.687500,0.568028,8.636364,12,0.375000,0,11,5,171,171,0,0,0,0,0,0,1.000000,10.687500,5,11,44,127,687.812,852,screening_4p4,BG1_first4_high_rate,C,C_ch5_app7_q7_m6_g0.65_s0_b0,5,7,7,6,0.65,0,0,0.000000,0.001019,0-2-1-3,200,16,True,71
C_ch5_app7_q7_m6_g0.65_s0_b1,fixed,4.4,16,16,1.00000000,0.80639232,1.00000000,1216,0.0089962121,12.000000,0.000000,0.000000,12,1.000000,0,0,16,171,171,0,0,0,0,0,0,1.000000,10.687500,16,0,171,0,852.000,852,screening_4p4,BG1_first4_high_rate,C,C_ch5_app7_q7_m6_g0.65_s0_b1,5,7,7,6,0.65,0,1,1.538462,0.001019,0-2-1-3,200,16,True,71
C_ch5_app7_q7_m6_g0.759_s0_b0,fixed,4.4,16,4,0.25000000,0.10182067,0.49498317,827,0.0061183120,9.187500,0.534000,8.250000,12,0.250000,0,12,4,1579,1579,0,0,0,0,131,131,1.000000,106.875000,4,12,422,1288,652.312,852,screening_4p4,BG1_first4_high_rate,C,C_ch5_app7_q7_m6_g0.759_s0_b0,5,7,7,6,0.759,0,0,0.000000,0.010010,0-2-1-3,200,16,True,71
C_ch5_app7_q7_m6_g0.759_s0_b1,fixed,4.4,16,16,1.00000000,0.80639232,1.00000000,1399,0.0103500829,12.000000,0.000000,0.000000,12,1.000000,0,0,16,1579,1579,0,0,0,0,0,0,1.000000,98.687500,16,0,1579,0,852.000,852,screening_4p4,BG1_first4_high_rate,C,C_ch5_app7_q7_m6_g0.759_s0_b1,5,7,7,6,0.759,0,1,1.317523,0.010010,0-2-1-3,200,16,True,71
C_ch5_app7_q7_m6_g0.896_s0_b0,fixed,4.4,16,5,0.31250000,0.14164644,0.55595644,886,0.0065548059,9.125000,0.569173,7.818182,12,0.312500,0,11,5,8113,8113,0,0,0,0,364,364,1.000000,529.812500,5,11,2552,5925,647.875,852,screening_4p4,BG1_first4_high_rate,C,C_ch5_app7_q7_m6_g0.896_s0_b0,5,7,7,6,0.896,0,0,0.000000,0.049999,0-2-1-3,200,16,True,71
C_ch5_app7_q7_m6_g0.896_s0_b1,fixed,4.4,16,16,1.00000000,0.80639232,1.00000000,1480,0.0109493371,12.000000,0.000000,0.000000,12,1.000000,0,0,16,8113,8113,0,0,0,0,0,0,1.000000,507.062500,16,0,8113,0,852.000,852,screening_4p4,BG1_first4_high_rate,C,C_ch5_app7_q7_m6_g0.896_s0_b1,5,7,7,6,0.896,0,1,1.116071,0.049999,0-2-1-3,200,16,True,71
C_ch5_app7_q7_m6_g0.99_s0_b0,fixed,4.4,16,4,0.25000000,0.10182067,0.49498317,831,0.0061479048,9.000000,0.547723,8.000000,12,0.250000,0,12,4,15994,15994,0,7,0,0,16700,16700,1.000000,2043.812500,4,12,4049,28652,639.000,852,screening_4p4,BG1_first4_high_rate,C,C_ch5_app7_q7_m6_g0.99_s0_b0,5,7,7,6,0.99,0,0,0.000000,0.100027,0-2-1-3,200,16,True,71
C_ch5_app7_q7_m6_g0.99_s0_b1,fixed,4.4,16,15,0.93750000,0.71671262,0.98888066,1364,0.0100911458,12.000000,0.000000,12.000000,12,1.000000,0,1,15,15994,15994,0,0,0,0,0,0,1.000000,999.625000,15,1,14998,996,852.000,852,screening_4p4,BG1_first4_high_rate,C,C_ch5_app7_q7_m6_g0.99_s0_b1,5,7,7,6,0.99,0,1,1.010101,0.100027,0-2-1-3,200,16,True,71
C_ch5_app7_q7_m6_g1.137_s0_b0,fixed,4.4,16,3,0.18750000,0.06591599,0.43008881,610,0.0045129025,8.687500,0.582514,7.923077,12,0.250000,0,13,3,31885,31885,0,38,0,0,21859,21859,1.000000,3361.375000,3,13,5995,47787,616.812,852,screening_4p4,BG1_first4_high_rate,C,C_ch5_app7_q7_m6_g1.137_s0_b0,5,7,7,6,1.137,0,0,0.000000,0.199820,0-2-1-3,200,16,True,71
C_ch5_app7_q7_m6_g1.137_s0_b1,fixed,4.4,16,9,0.56250000,0.33178556,0.76901348,450,0.0033291903,11.250000,0.322749,10.285714,12,0.687500,0,7,9,31885,31885,0,0,0,0,0,0,1.000000,1992.812500,9,7,17943,13942,798.750,852,screening_4p4,BG1_first4_high_rate,C,C_ch5_app7_q7_m6_g1.137_s0_b1,5,7,7,6,1.137,0,1,0.879507,0.199820,0-2-1-3,200,16,True,71
C_ch5_app7_q7_m6_g0.65_s1_b0,fixed,4.4,16,5,0.31250000,0.14164644,0.55595644,932,0.0068951231,9.687500,0.568028,8.636364,12,0.375000,0,11,5,171,171,0,37,0,0,40552,40552,1.000000,2547.500000,5,11,44,40716,687.812,852,screening_4p4,BG1_first4_high_rate,C,C_ch5_app7_q7_m6_g0.65_s1_b0,5,7,7,6,0.65,1,0,0.000000,0.001019,0-2-1-3,200,16,True,71
C_ch5_app7_q7_m6_g0.65_s1_b1,fixed,4.4,16,5,0.31250000,0.14164644,0.55595644,131,0.0009691643,10.000000,0.447214,9.090909,12,0.375000,0,11,5,171,171,0,5,0,0,17484,17484,1.000000,1103.750000,5,11,7686,9974,710.000,852,screening_4p4,BG1_first4_high_rate,C,C_ch5_app7_q7_m6_g0.65_s1_b1,5,7,7,6,0.65,1,1,0.769231,0.001019,0-2-1-3,200,16,True,71
C_ch5_app7_q7_m6_g0.759_s1_b0,fixed,4.4,16,4,0.25000000,0.10182067,0.49498317,827,0.0061183120,9.187500,0.534000,8.250000,12,0.250000,0,12,4,1579,1579,0,145,0,0,58634,58634,1.000000,3772.375000,4,12,422,59936,652.312,852,screening_4p4,BG1_first4_high_rate,C,C_ch5_app7_q7_m6_g0.759_s1_b0,5,7,7,6,0.759,1,0,0.000000,0.010010,0-2-1-3,200,16,True,71
C_ch5_app7_q7_m6_g0.759_s1_b1,fixed,4.4,16,0,0.00000000,0.00000000,0.19360768,0,0.0000000000,8.312500,0.444585,8.312500,12,0.062500,0,16,0,1579,1579,0,35,0,0,43893,43893,1.000000,2844.187500,0,16,0,45507,590.188,852,screening_4p4,BG1_first4_high_rate,C,C_ch5_app7_q7_m6_g0.759_s1_b1,5,7,7,6,0.759,1,1,0.658762,0.010010,0-2-1-3,200,16,True,71
C_ch5_app7_q7_m6_g0.759_s1_b2,fixed,4.4,16,16,1.00000000,0.80639232,1.00000000,1399,0.0103500829,12.000000,0.000000,0.000000,12,1.000000,0,0,16,1579,1579,0,0,0,0,0,0,1.000000,98.687500,16,0,1579,0,852.000,852,screening_4p4,BG1_first4_high_rate,C,C_ch5_app7_q7_m6_g0.759_s1_b2,5,7,7,6,0.759,1,2,1.317523,0.010010,0-2-1-3,200,16,True,71
C_ch5_app7_q7_m6_g0.896_s1_b0,fixed,4.4,16,5,0.31250000,0.14164644,0.55595644,886,0.0065548059,9.125000,0.569173,7.818182,12,0.312500,0,11,5,8113,8113,0,1002,0,0,153174,153174,1.000000,10143.062500,5,11,2581,159708,647.875,852,screening_4p4,BG1_first4_high_rate,C,C_ch5_app7_q7_m6_g0.896_s1_b0,5,7,7,6,0.896,1,0,0.000000,0.049999,0-2-1-3,200,16,True,71
C_ch5_app7_q7_m6_g0.896_s1_b1,fixed,4.4,16,1,0.06250000,0.01111934,0.28328738,8255,0.0610721473,7.750000,0.423281,7.466667,12,0.062500,0,15,1,8113,8113,0,709,492,492,140470,140470,1.000000,9361.500000,1,15,39013,110771,550.250,852,screening_4p4,BG1_first4_high_rate,C,C_ch5_app7_q7_m6_g0.896_s1_b1,5,7,7,6,0.896,1,1,0.558036,0.049999,0-2-1-3,200,16,True,71
C_ch5_app7_q7_m6_g0.896_s1_b2,fixed,4.4,16,16,1.00000000,0.80639232,1.00000000,1480,0.0109493371,12.000000,0.000000,0.000000,12,1.000000,0,0,16,8113,8113,0,0,0,0,0,0,1.000000,507.062500,16,0,8113,0,852.000,852,screening_4p4,BG1_first4_high_rate,C,C_ch5_app7_q7_m6_g0.896_s1_b2,5,7,7,6,0.896,1,2,1.116071,0.049999,0-2-1-3,200,16,True,71
C_ch5_app7_q7_m6_g0.99_s1_b0,fixed,4.4,16,6,0.37500000,0.18481233,0.61358959,16098,0.1190962358,9.312500,0.603592,7.700000,12,0.375000,0,10,6,15994,15994,0,2428,230,230,206290,206290,1.000000,14058.875000,6,10,74706,150236,661.188,852,screening_4p4,BG1_first4_high_rate,C,C_ch5_app7_q7_m6_g0.99_s1_b0,5,7,7,6,0.99,1,0,0.000000,0.100027,0-2-1-3,200,16,True,71
C_ch5_app7_q7_m6_g0.99_s1_b1,fixed,4.4,16,1,0.06250000,0.01111934,0.28328738,8266,0.0611535275,7.250000,0.451848,6.933333,12,0.062500,0,15,1,15994,15994,0,936,628,628,140185,140185,1.000000,9858.937500,1,15,40446,117297,514.750,852,screening_4p4,BG1_first4_high_rate,C,C_ch5_app7_q7_m6_g0.99_s1_b1,5,7,7,6,0.99,1,1,0.505051,0.100027,0-2-1-3,200,16,True,71
C_ch5_app7_q7_m6_g0.99_s1_b2,fixed,4.4,16,15,0.93750000,0.71671262,0.98888066,1364,0.0100911458,12.000000,0.000000,12.000000,12,1.000000,0,1,15,15994,15994,0,0,0,0,732,732,1.000000,1045.375000,15,1,14998,1728,852.000,852,screening_4p4,BG1_first4_high_rate,C,C_ch5_app7_q7_m6_g0.99_s1_b2,5,7,7,6,0.99,1,2,1.010101,0.100027,0-2-1-3,200,16,True,71
C_ch5_app7_q7_m6_g1.137_s1_b0,fixed,4.4,16,4,0.25000000,0.10182067,0.49498317,8278,0.0612423059,8.812500,0.613859,7.750000,12,0.312500,0,12,4,31885,31885,0,3104,130,130,197330,197330,1.000000,14528.062500,4,12,42143,190306,625.688,852,screening_4p4,BG1_first4_high_rate,C,C_ch5_app7_q7_m6_g1.137_s1_b0,5,7,7,6,1.137,1,0,0.000000,0.199820,0-2-1-3,200,16,True,71
C_ch5_app7_q7_m6_g1.137_s1_b1,fixed,4.4,16,1,0.06250000,0.01111934,0.28328738,8033,0.0594297467,7.125000,0.464354,6.800000,12,0.062500,0,15,1,31885,31885,0,1995,339,339,252900,252900,1.000000,17944.937500,1,15,39557,247562,505.875,852,screening_4p4,BG1_first4_high_rate,C,C_ch5_app7_q7_m6_g1.137_s1_b1,5,7,7,6,1.137,1,1,0.439754,0.199820,0-2-1-3,200,16,True,71
C_ch5_app7_q7_m6_g1.137_s1_b2,fixed,4.4,16,9,0.56250000,0.33178556,0.76901348,450,0.0033291903,11.250000,0.322749,10.285714,12,0.687500,0,7,9,31885,31885,0,60,0,0,49851,49851,1.000000,5112.250000,9,7,29599,52197,798.750,852,screening_4p4,BG1_first4_high_rate,C,C_ch5_app7_q7_m6_g1.137_s1_b2,5,7,7,6,1.137,1,2,0.879507,0.199820,0-2-1-3,200,16,True,71
C_ch5_app7_q7_m6_g0.65_s2_b0,fixed,4.4,16,11,0.68750000,0.44404356,0.85835356,29052,0.2149325284,10.750000,0.536190,8.000000,12,0.687500,0,5,11,171,171,0,12184,136,136,340143,340143,1.000000,22039.625000,11,5,203626,149008,763.250,852,screening_4p4,BG1_first4_high_rate,C,C_ch5_app7_q7_m6_g0.65_s2_b0,5,7,7,6,0.65,2,0,0.000000,0.001019,0-2-1-3,200,16,True,71
C_ch5_app7_q7_m6_g0.65_s2_b1,fixed,4.4,16,1,0.06250000,0.01111934,0.28328738,7989,0.0591042259,7.000000,0.465475,6.666667,12,0.062500,0,15,1,171,171,0,8080,471,471,352439,352439,1.000000,22572.562500,1,15,44042,317119,497.000,852,screening_4p4,BG1_first4_high_rate,C,C_ch5_app7_q7_m6_g0.65_s2_b1,5,7,7,6,0.65,2,1,0.384615,0.001019,0-2-1-3,200,16,True,71
C_ch5_app7_q7_m6_g0.65_s2_b2,fixed,4.4,16,5,0.31250000,0.14164644,0.55595644,131,0.0009691643,10.000000,0.447214,9.090909,12,0.375000,0,11,5,171,171,0,2962,0,0,257798,257798,1.000000,16308.187500,5,11,53473,207458,710.000,852,screening_4p4,BG1_first4_high_rate,C,C_ch5_app7_q7_m6_g0.65_s2_b2,5,7,7,6,0.65,2,2,0.769231,0.001019,0-2-1-3,200,16,True,71
C_ch5_app7_q7_m6_g0.759_s2_b0,fixed,4.4,16,13,0.81250000,0.56991119,0.93408401,40796,0.3018169981,11.250000,0.442531,8.000000,12,0.812500,0,3,13,1579,1579,0,25767,138,138,378573,378573,1.000000,25378.562500,13,3,319612,86445,798.750,852,screening_4p4,BG1_first4_high_rate,C,C_ch5_app7_q7_m6_g0.759_s2_b0,5,7,7,6,0.759,2,0,0.000000,0.010010,0-2-1-3,200,16,True,71
C_ch5_app7_q7_m6_g0.759_s2_b1,fixed,4.4,16,1,0.06250000,0.01111934,0.28328738,7875,0.0582608310,6.937500,0.478441,6.600000,12,0.062500,0,15,1,1579,1579,0,20802,401,401,459275,459275,1.000000,30128.562500,1,15,46152,435905,492.562,852,screening_4p4,BG1_first4_high_rate,C,C_ch5_app7_q7_m6_g0.759_s2_b1,5,7,7,6,0.759,2,1,0.329381,0.010010,0-2-1-3,200,16,True,71
C_ch5_app7_q7_m6_g0.759_s2_b2,fixed,4.4,16,1,0.06250000,0.01111934,0.28328738,7980,0.0590376420,8.500000,0.500000,8.266667,12,0.125000,0,15,1,1579,1579,0,10107,378,378,459046,459046,1.000000,29444.375000,1,15,47473,423637,603.500,852,screening_4p4,BG1_first4_high_rate,C,C_ch5_app7_q7_m6_g0.759_s2_b2,5,7,7,6,0.759,2,2,0.658762,0.010010,0-2-1-3,200,16,True,71
C_ch5_app7_q7_m6_g0.759_s2_b3,fixed,4.4,16,15,0.93750000,0.71671262,0.98888066,1508,0.0111564867,11.937500,0.062500,11.000000,12,0.937500,0,1,15,1579,1579,0,729,0,0,25284,25284,1.000000,1724.500000,15,1,12176,15416,847.562,852,screening_4p4,BG1_first4_high_rate,C,C_ch5_app7_q7_m6_g0.759_s2_b3,5,7,7,6,0.759,2,3,0.988142,0.010010,0-2-1-3,200,16,True,71
C_ch5_app7_q7_m6_g0.896_s2_b0,fixed,4.4,16,16,1.00000000,0.80639232,1.00000000,22111,0.1635816170,12.000000,0.000000,0.000000,12,1.000000,0,0,16,8113,8113,0,42096,15,15,332517,332517,1.000000,23921.312500,16,0,382741,0,852.000,852,screening_4p4,BG1_first4_high_rate,C,C_ch5_app7_q7_m6_g0.896_s2_b0,5,7,7,6,0.896,2,0,0.000000,0.049999,0-2-1-3,200,16,True,71
C_ch5_app7_q7_m6_g0.896_s2_b1,fixed,4.4,16,6,0.37500000,0.18481233,0.61358959,40885,0.3024754380,8.375000,0.752080,6.200000,12,0.375000,0,10,6,8113,8113,0,48060,726,726,630384,630384,1.000000,42955.187500,6,10,285772,401511,594.625,852,screening_4p4,BG1_first4_high_rate,C,C_ch5_app7_q7_m6_g0.896_s2_b1,5,7,7,6,0.896,2,1,0.279018,0.049999,0-2-1-3,200,16,True,71
C_ch5_app7_q7_m6_g0.896_s2_b2,fixed,4.4,16,3,0.18750000,0.06591599,0.43008881,23028,0.1703657670,8.250000,0.559017,7.384615,12,0.187500,0,13,3,8113,8113,0,27991,626,626,684961,684961,1.000000,45105.687500,3,13,157646,564045,585.750,852,screening_4p4,BG1_first4_high_rate,C,C_ch5_app7_q7_m6_g0.896_s2_b2,5,7,7,6,0.896,2,2,0.558036,0.049999,0-2-1-3,200,16,True,71
C_ch5_app7_q7_m6_g0.896_s2_b3,fixed,4.4,16,7,0.43750000,0.23098652,0.66821444,7923,0.0586159446,10.500000,0.408248,9.333333,12,0.437500,0,9,7,8113,8113,0,15197,54,54,494824,494824,1.000000,32386.750000,7,9,182672,335516,745.500,852,screening_4p4,BG1_first4_high_rate,C,C_ch5_app7_q7_m6_g0.896_s2_b3,5,7,7,6,0.896,2,3,0.837054,0.049999,0-2-1-3,200,16,True,71
C_ch5_app7_q7_m6_g0.99_s2_b0,fixed,4.4,16,16,1.00000000,0.80639232,1.00000000,13642,0.1009262547,12.000000,0.000000,0.000000,12,1.000000,0,0,16,15994,15994,0,52072,20,20,316542,316542,1.000000,24039.250000,16,0,384628,0,852.000,852,screening_4p4,BG1_first4_high_rate,C,C_ch5_app7_q7_m6_g0.99_s2_b0,5,7,7,6,0.99,2,0,0.000000,0.100027,0-2-1-3,200,16,True,71
C_ch5_app7_q7_m6_g0.99_s2_b1,fixed,4.4,16,10,0.62500000,0.38641041,0.81518767,46033,0.3405613755,9.875000,0.735272,6.333333,12,0.625000,0,6,10,15994,15994,0,65464,747,747,629183,629183,1.000000,44461.750000,10,6,444775,266613,701.125,852,screening_4p4,BG1_first4_high_rate,C,C_ch5_app7_q7_m6_g0.99_s2_b1,5,7,7,6,0.99,2,1,0.252525,0.100027,0-2-1-3,200,16,True,71
C_ch5_app7_q7_m6_g0.99_s2_b2,fixed,4.4,16,5,0.31250000,0.14164644,0.55595644,33149,0.2452429569,8.437500,0.682939,6.818182,12,0.312500,0,11,5,15994,15994,0,40041,865,865,677722,677722,1.000000,45913.875000,5,11,257445,477177,599.062,852,screening_4p4,BG1_first4_high_rate,C,C_ch5_app7_q7_m6_g0.99_s2_b2,5,7,7,6,0.99,2,2,0.505051,0.100027,0-2-1-3,200,16,True,71
C_ch5_app7_q7_m6_g0.99_s2_b3,fixed,4.4,16,6,0.37500000,0.18481233,0.61358959,22871,0.1692042495,9.812500,0.534000,8.500000,12,0.437500,0,10,6,15994,15994,0,31086,537,537,693147,693147,1.000000,46297.750000,6,10,275257,465507,696.688,852,screening_4p4,BG1_first4_high_rate,C,C_ch5_app7_q7_m6_g0.99_s2_b3,5,7,7,6,0.99,2,3,0.757576,0.100027,0-2-1-3,200,16,True,71
C_ch5_app7_q7_m6_g1.137_s2_b0,fixed,4.4,16,16,1.00000000,0.80639232,1.00000000,11037,0.0816539418,12.000000,0.000000,0.000000,12,1.000000,0,0,16,31885,31885,0,64361,6,6,320402,320402,1.000000,26040.875000,16,0,416654,0,852.000,852,screening_4p4,BG1_first4_high_rate,C,C_ch5_app7_q7_m6_g1.137_s2_b0,5,7,7,6,1.137,2,0,0.000000,0.199820,0-2-1-3,200,16,True,71
C_ch5_app7_q7_m6_g1.137_s2_b1,fixed,4.4,16,16,1.00000000,0.80639232,1.00000000,41053,0.3037183357,12.000000,0.000000,0.000000,12,1.000000,0,0,16,31885,31885,0,83188,223,223,541980,541980,1.000000,41079.750000,16,0,657276,0,852.000,852,screening_4p4,BG1_first4_high_rate,C,C_ch5_app7_q7_m6_g1.137_s2_b1,5,7,7,6,1.137,2,1,0.219877,0.199820,0-2-1-3,200,16,True,71
C_ch5_app7_q7_m6_g1.137_s2_b2,fixed,4.4,16,11,0.68750000,0.44404356,0.85835356,47623,0.3523245147,10.000000,0.769199,5.600000,12,0.687500,0,5,11,31885,31885,0,59075,674,674,672536,672536,1.000000,47760.625000,11,5,541092,223078,710.000,852,screening_4p4,BG1_first4_high_rate,C,C_ch5_app7_q7_m6_g1.137_s2_b2,5,7,7,6,1.137,2,2,0.439754,0.199820,0-2-1-3,200,16,True,71
C_ch5_app7_q7_m6_g1.137_s2_b3,fixed,4.4,16,5,0.31250000,0.14164644,0.55595644,26768,0.1980350379,9.000000,0.625833,7.636364,12,0.312500,0,11,5,31885,31885,0,51386,342,342,788424,788424,1.000000,54502.312500,5,11,293484,578553,639.000,852,screening_4p4,BG1_first4_high_rate,C,C_ch5_app7_q7_m6_g1.137_s2_b3,5,7,7,6,1.137,2,3,0.659631,0.199820,0-2-1-3,200,16,True,71
C_ch5_app7_q7_m6_g1.137_s2_b4,fixed,4.4,16,9,0.56250000,0.33178556,0.76901348,451,0.0033365885,11.250000,0.322749,10.285714,12,0.687500,0,7,9,31885,31885,0,16726,0,0,503652,503652,1.000000,34516.437500,9,7,197527,354736,798.750,852,screening_4p4,BG1_first4_high_rate,C,C_ch5_app7_q7_m6_g1.137_s2_b4,5,7,7,6,1.137,2,4,0.879507,0.199820,0-2-1-3,200,16,True,71
D_ch5_app8_q8_m6_g0.65_s0_b0,fixed,4.4,16,5,0.31250000,0.14164644,0.55595644,932,0.0068951231,9.687500,0.568028,8.636364,12,0.375000,0,11,5,171,171,0,0,0,0,0,0,1.000000,10.687500,5,11,44,127,687.812,852,screening_4p4,BG1_first4_high_rate,D,D_ch5_app8_q8_m6_g0.65_s0_b0,5,8,8,6,0.65,0,0,0.000000,0.001019,0-2-1-3,200,16,True,71
D_ch5_app8_q8_m6_g0.65_s0_b1,fixed,4.4,16,16,1.00000000,0.80639232,1.00000000,1216,0.0089962121,12.000000,0.000000,0.000000,12,1.000000,0,0,16,171,171,0,0,0,0,0,0,1.000000,10.687500,16,0,171,0,852.000,852,screening_4p4,BG1_first4_high_rate,D,D_ch5_app8_q8_m6_g0.65_s0_b1,5,8,8,6,0.65,0,1,1.538462,0.001019,0-2-1-3,200,16,True,71
D_ch5_app8_q8_m6_g0.759_s0_b0,fixed,4.4,16,4,0.25000000,0.10182067,0.49498317,827,0.0061183120,9.187500,0.534000,8.250000,12,0.250000,0,12,4,1579,1579,0,0,0,0,0,0,1.000000,98.687500,4,12,422,1157,652.312,852,screening_4p4,BG1_first4_high_rate,D,D_ch5_app8_q8_m6_g0.759_s0_b0,5,8,8,6,0.759,0,0,0.000000,0.010010,0-2-1-3,200,16,True,71
D_ch5_app8_q8_m6_g0.759_s0_b1,fixed,4.4,16,16,1.00000000,0.80639232,1.00000000,1399,0.0103500829,12.000000,0.000000,0.000000,12,1.000000,0,0,16,1579,1579,0,0,0,0,0,0,1.000000,98.687500,16,0,1579,0,852.000,852,screening_4p4,BG1_first4_high_rate,D,D_ch5_app8_q8_m6_g0.759_s0_b1,5,8,8,6,0.759,0,1,1.317523,0.010010,0-2-1-3,200,16,True,71
D_ch5_app8_q8_m6_g0.896_s0_b0,fixed,4.4,16,5,0.31250000,0.14164644,0.55595644,886,0.0065548059,9.125000,0.569173,7.818182,12,0.312500,0,11,5,8113,8113,0,0,0,0,0,0,1.000000,507.062500,5,11,2552,5561,647.875,852,screening_4p4,BG1_first4_high_rate,D,D_ch5_app8_q8_m6_g0.896_s0_b0,5,8,8,6,0.896,0,0,0.000000,0.049999,0-2-1-3,200,16,True,71
D_ch5_app8_q8_m6_g0.896_s0_b1,fixed,4.4,16,16,1.00000000,0.80639232,1.00000000,1480,0.0109493371,12.000000,0.000000,0.000000,12,1.000000,0,0,16,8113,8113,0,0,0,0,0,0,1.000000,507.062500,16,0,8113,0,852.000,852,screening_4p4,BG1_first4_high_rate,D,D_ch5_app8_q8_m6_g0.896_s0_b1,5,8,8,6,0.896,0,1,1.116071,0.049999,0-2-1-3,200,16,True,71
D_ch5_app8_q8_m6_g0.99_s0_b0,fixed,4.4,16,4,0.25000000,0.10182067,0.49498317,831,0.0061479048,9.000000,0.547723,8.000000,12,0.250000,0,12,4,15994,15994,0,0,364,364,0,0,1.000000,1022.375000,4,12,4049,12309,639.000,852,screening_4p4,BG1_first4_high_rate,D,D_ch5_app8_q8_m6_g0.99_s0_b0,5,8,8,6,0.99,0,0,0.000000,0.100027,0-2-1-3,200,16,True,71
D_ch5_app8_q8_m6_g0.99_s0_b1,fixed,4.4,16,15,0.93750000,0.71671262,0.98888066,1364,0.0100911458,12.000000,0.000000,12.000000,12,1.000000,0,1,15,15994,15994,0,0,0,0,0,0,1.000000,999.625000,15,1,14998,996,852.000,852,screening_4p4,BG1_first4_high_rate,D,D_ch5_app8_q8_m6_g0.99_s0_b1,5,8,8,6,0.99,0,1,1.010101,0.100027,0-2-1-3,200,16,True,71
D_ch5_app8_q8_m6_g1.137_s0_b0,fixed,4.4,16,3,0.18750000,0.06591599,0.43008881,610,0.0045129025,8.687500,0.582514,7.923077,12,0.250000,0,13,3,31885,31885,0,0,2485,2485,2,2,1.000000,2148.250000,3,13,5995,28377,616.812,852,screening_4p4,BG1_first4_high_rate,D,D_ch5_app8_q8_m6_g1.137_s0_b0,5,8,8,6,1.137,0,0,0.000000,0.199820,0-2-1-3,200,16,True,71
D_ch5_app8_q8_m6_g1.137_s0_b1,fixed,4.4,16,9,0.56250000,0.33178556,0.76901348,450,0.0033291903,11.250000,0.322749,10.285714,12,0.687500,0,7,9,31885,31885,0,0,0,0,0,0,1.000000,1992.812500,9,7,17943,13942,798.750,852,screening_4p4,BG1_first4_high_rate,D,D_ch5_app8_q8_m6_g1.137_s0_b1,5,8,8,6,1.137,0,1,0.879507,0.199820,0-2-1-3,200,16,True,71
D_ch5_app8_q8_m6_g0.65_s1_b0,fixed,4.4,16,5,0.31250000,0.14164644,0.55595644,932,0.0068951231,9.687500,0.568028,8.636364,12,0.375000,0,11,5,171,171,0,0,2970,2970,0,0,1.000000,196.312500,5,11,44,3097,687.812,852,screening_4p4,BG1_first4_high_rate,D,D_ch5_app8_q8_m6_g0.65_s1_b0,5,8,8,6,0.65,1,0,0.000000,0.001019,0-2-1-3,200,16,True,71
D_ch5_app8_q8_m6_g0.65_s1_b1,fixed,4.4,16,5,0.31250000,0.14164644,0.55595644,131,0.0009691643,10.000000,0.447214,9.090909,12,0.375000,0,11,5,171,171,0,0,532,532,0,0,1.000000,43.937500,5,11,236,467,710.000,852,screening_4p4,BG1_first4_high_rate,D,D_ch5_app8_q8_m6_g0.65_s1_b1,5,8,8,6,0.65,1,1,0.769231,0.001019,0-2-1-3,200,16,True,71
D_ch5_app8_q8_m6_g0.759_s1_b0,fixed,4.4,16,4,0.25000000,0.10182067,0.49498317,827,0.0061183120,9.187500,0.534000,8.250000,12,0.250000,0,12,4,1579,1579,0,0,7957,7957,131,131,1.000000,604.187500,4,12,422,9245,652.312,852,screening_4p4,BG1_first4_high_rate,D,D_ch5_app8_q8_m6_g0.759_s1_b0,5,8,8,6,0.759,1,0,0.000000,0.010010,0-2-1-3,200,16,True,71
D_ch5_app8_q8_m6_g0.759_s1_b1,fixed,4.4,16,0,0.00000000,0.00000000,0.19360768,0,0.0000000000,8.312500,0.444585,8.312500,12,0.062500,0,16,0,1579,1579,0,0,6186,6186,39,39,1.000000,487.750000,0,16,0,7804,590.188,852,screening_4p4,BG1_first4_high_rate,D,D_ch5_app8_q8_m6_g0.759_s1_b1,5,8,8,6,0.759,1,1,0.658762,0.010010,0-2-1-3,200,16,True,71
D_ch5_app8_q8_m6_g0.759_s1_b2,fixed,4.4,16,16,1.00000000,0.80639232,1.00000000,1399,0.0103500829,12.000000,0.000000,0.000000,12,1.000000,0,0,16,1579,1579,0,0,0,0,0,0,1.000000,98.687500,16,0,1579,0,852.000,852,screening_4p4,BG1_first4_high_rate,D,D_ch5_app8_q8_m6_g0.759_s1_b2,5,8,8,6,0.759,1,2,1.317523,0.010010,0-2-1-3,200,16,True,71
D_ch5_app8_q8_m6_g0.896_s1_b0,fixed,4.4,16,5,0.31250000,0.14164644,0.55595644,886,0.0065548059,9.125000,0.569173,7.818182,12,0.312500,0,11,5,8113,8113,0,0,32766,32766,364,364,1.000000,2577.687500,5,11,2552,38691,647.875,852,screening_4p4,BG1_first4_high_rate,D,D_ch5_app8_q8_m6_g0.896_s1_b0,5,8,8,6,0.896,1,0,0.000000,0.049999,0-2-1-3,200,16,True,71
D_ch5_app8_q8_m6_g0.896_s1_b1,fixed,4.4,16,0,0.00000000,0.00000000,0.19360768,0,0.0000000000,7.562500,0.328744,7.562500,10,0.000000,0,16,0,8113,8113,0,6,48845,48845,17059,17059,1.000000,4626.437500,0,16,0,74023,536.938,852,screening_4p4,BG1_first4_high_rate,D,D_ch5_app8_q8_m6_g0.896_s1_b1,5,8,8,6,0.896,1,1,0.558036,0.049999,0-2-1-3,200,16,True,71
D_ch5_app8_q8_m6_g0.896_s1_b2,fixed,4.4,16,16,1.00000000,0.80639232,1.00000000,1480,0.0109493371,12.000000,0.000000,0.000000,12,1.000000,0,0,16,8113,8113,0,0,0,0,0,0,1.000000,507.062500,16,0,8113,0,852.000,852,screening_4p4,BG1_first4_high_rate,D,D_ch5_app8_q8_m6_g0.896_s1_b2,5,8,8,6,0.896,1,2,1.116071,0.049999,0-2-1-3,200,16,True,71
D_ch5_app8_q8_m6_g0.99_s1_b0,fixed,4.4,16,4,0.25000000,0.10182067,0.49498317,831,0.0061479048,9.000000,0.547723,8.000000,12,0.250000,0,12,4,15994,15994,0,6,86770,86770,16676,16676,1.000000,7465.375000,4,12,4049,115397,639.000,852,screening_4p4,BG1_first4_high_rate,D,D_ch5_app8_q8_m6_g0.99_s1_b0,5,8,8,6,0.99,1,0,0.000000,0.100027,0-2-1-3,200,16,True,71
D_ch5_app8_q8_m6_g0.99_s1_b1,fixed,4.4,16,0,0.00000000,0.00000000,0.19360768,0,0.0000000000,7.000000,0.329140,7.000000,9,0.000000,0,16,0,15994,15994,0,1,36762,36762,8854,8854,1.000000,3850.687500,0,16,0,61611,497.000,852,screening_4p4,BG1_first4_high_rate,D,D_ch5_app8_q8_m6_g0.99_s1_b1,5,8,8,6,0.99,1,1,0.505051,0.100027,0-2-1-3,200,16,True,71
D_ch5_app8_q8_m6_g0.99_s1_b2,fixed,4.4,16,15,0.93750000,0.71671262,0.98888066,1364,0.0100911458,12.000000,0.000000,12.000000,12,1.000000,0,1,15,15994,15994,0,0,12,12,0,0,1.000000,1000.375000,15,1,14998,1008,852.000,852,screening_4p4,BG1_first4_high_rate,D,D_ch5_app8_q8_m6_g0.99_s1_b2,5,8,8,6,0.99,1,2,1.010101,0.100027,0-2-1-3,200,16,True,71
D_ch5_app8_q8_m6_g1.137_s1_b0,fixed,4.4,16,3,0.18750000,0.06591599,0.43008881,610,0.0045129025,8.687500,0.582514,7.923077,12,0.250000,0,13,3,31885,31885,0,32,82918,82918,21717,21717,1.000000,8534.500000,3,13,5995,130557,616.812,852,screening_4p4,BG1_first4_high_rate,D,D_ch5_app8_q8_m6_g1.137_s1_b0,5,8,8,6,1.137,1,0,0.000000,0.199820,0-2-1-3,200,16,True,71
D_ch5_app8_q8_m6_g1.137_s1_b1,fixed,4.4,16,0,0.00000000,0.00000000,0.19360768,0,0.0000000000,6.875000,0.340037,6.875000,9,0.000000,0,16,0,31885,31885,0,10,88926,88926,14712,14712,1.000000,8470.812500,0,16,0,135533,488.125,852,screening_4p4,BG1_first4_high_rate,D,D_ch5_app8_q8_m6_g1.137_s1_b1,5,8,8,6,1.137,1,1,0.439754,0.199820,0-2-1-3,200,16,True,71
D_ch5_app8_q8_m6_g1.137_s1_b2,fixed,4.4,16,9,0.56250000,0.33178556,0.76901348,450,0.0033291903,11.250000,0.322749,10.285714,12,0.687500,0,7,9,31885,31885,0,0,5588,5588,0,0,1.000000,2342.062500,9,7,19396,18077,798.750,852,screening_4p4,BG1_first4_high_rate,D,D_ch5_app8_q8_m6_g1.137_s1_b2,5,8,8,6,1.137,1,2,0.879507,0.199820,0-2-1-3,200,16,True,71
D_ch5_app8_q8_m6_g0.65_s2_b0,fixed,4.4,16,5,0.31250000,0.14164644,0.55595644,932,0.0068951231,9.687500,0.568028,8.636364,12,0.375000,0,11,5,171,171,0,32,265000,265000,40308,40308,1.000000,19094.437500,5,11,11962,293549,687.812,852,screening_4p4,BG1_first4_high_rate,D,D_ch5_app8_q8_m6_g0.65_s2_b0,5,8,8,6,0.65,2,0,0.000000,0.001019,0-2-1-3,200,16,True,71
D_ch5_app8_q8_m6_g0.65_s2_b1,fixed,4.4,16,1,0.06250000,0.01111934,0.28328738,7639,0.0565148556,7.000000,0.465475,6.666667,12,0.062500,0,15,1,171,171,0,206,222301,222301,51906,51906,1.000000,17161.500000,1,15,104438,170146,497.000,852,screening_4p4,BG1_first4_high_rate,D,D_ch5_app8_q8_m6_g0.65_s2_b1,5,8,8,6,0.65,2,1,0.384615,0.001019,0-2-1-3,200,16,True,71
D_ch5_app8_q8_m6_g0.65_s2_b2,fixed,4.4,16,5,0.31250000,0.14164644,0.55595644,131,0.0009691643,10.000000,0.447214,9.090909,12,0.375000,0,11,5,171,171,0,5,127852,127852,17410,17410,1.000000,9089.875000,5,11,44157,101281,710.000,852,screening_4p4,BG1_first4_high_rate,D,D_ch5_app8_q8_m6_g0.65_s2_b2,5,8,8,6,0.65,2,2,0.769231,0.001019,0-2-1-3,200,16,True,71
D_ch5_app8_q8_m6_g0.759_s2_b0,fixed,4.4,16,4,0.25000000,0.10182067,0.49498317,827,0.0061183120,9.187500,0.534000,8.250000,12,0.250000,0,12,4,1579,1579,0,136,458740,458740,58276,58276,1.000000,32420.687500,4,12,39921,478810,652.312,852,screening_4p4,BG1_first4_high_rate,D,D_ch5_app8_q8_m6_g0.759_s2_b0,5,8,8,6,0.759,2,0,0.000000,0.010010,0-2-1-3,200,16,True,71
D_ch5_app8_q8_m6_g0.759_s2_b1,fixed,4.4,16,0,0.00000000,0.00000000,0.19360768,0,0.0000000000,6.687500,0.350223,6.687500,9,0.000000,0,16,0,1579,1579,0,195,323722,323722,62532,62532,1.000000,24251.750000,0,16,0,388028,474.812,852,screening_4p4,BG1_first4_high_rate,D,D_ch5_app8_q8_m6_g0.759_s2_b1,5,8,8,6,0.759,2,1,0.329381,0.010010,0-2-1-3,200,16,True,71
D_ch5_app8_q8_m6_g0.759_s2_b2,fixed,4.4,16,0,0.00000000,0.00000000,0.19360768,0,0.0000000000,8.312500,0.444585,8.312500,12,0.062500,0,16,0,1579,1579,0,35,304173,304173,43587,43587,1.000000,21835.875000,0,16,0,349374,590.188,852,screening_4p4,BG1_first4_high_rate,D,D_ch5_app8_q8_m6_g0.759_s2_b2,5,8,8,6,0.759,2,2,0.658762,0.010010,0-2-1-3,200,16,True,71
D_ch5_app8_q8_m6_g0.759_s2_b3,fixed,4.4,16,15,0.93750000,0.71671262,0.98888066,1508,0.0111564867,11.937500,0.062500,11.000000,12,0.937500,0,1,15,1579,1579,0,0,30110,30110,1,1,1.000000,1980.625000,15,1,22765,8925,847.562,852,screening_4p4,BG1_first4_high_rate,D,D_ch5_app8_q8_m6_g0.759_s2_b3,5,8,8,6,0.759,2,3,0.988142,0.010010,0-2-1-3,200,16,True,71
D_ch5_app8_q8_m6_g0.896_s2_b0,fixed,4.4,16,5,0.31250000,0.14164644,0.55595644,886,0.0065548059,9.125000,0.569173,7.818182,12,0.312500,0,11,5,8113,8113,0,983,847458,847458,152237,152237,1.000000,63049.437500,5,11,184720,824071,647.875,852,screening_4p4,BG1_first4_high_rate,D,D_ch5_app8_q8_m6_g0.896_s2_b0,5,8,8,6,0.896,2,0,0.000000,0.049999,0-2-1-3,200,16,True,71
D_ch5_app8_q8_m6_g0.896_s2_b1,fixed,4.4,16,1,0.06250000,0.01111934,0.28328738,8326,0.0615974195,7.062500,0.451560,6.733333,12,0.062500,0,15,1,8113,8113,0,878,685622,685622,162130,162130,1.000000,53546.437500,1,15,149736,707007,501.438,852,screening_4p4,BG1_first4_high_rate,D,D_ch5_app8_q8_m6_g0.896_s2_b1,5,8,8,6,0.896,2,1,0.279018,0.049999,0-2-1-3,200,16,True,71
D_ch5_app8_q8_m6_g0.896_s2_b2,fixed,4.4,16,0,0.00000000,0.00000000,0.19360768,0,0.0000000000,7.562500,0.328744,7.562500,10,0.000000,0,16,0,8113,8113,0,405,641531,641531,141013,141013,1.000000,49441.375000,0,16,0,791062,536.938,852,screening_4p4,BG1_first4_high_rate,D,D_ch5_app8_q8_m6_g0.896_s2_b2,5,8,8,6,0.896,2,2,0.558036,0.049999,0-2-1-3,200,16,True,71
D_ch5_app8_q8_m6_g0.896_s2_b3,fixed,4.4,16,5,0.31250000,0.14164644,0.55595644,341,0.0025227865,10.500000,0.408248,9.818182,12,0.437500,0,11,5,8113,8113,0,162,468676,468676,69951,69951,1.000000,34181.375000,5,11,81843,465059,745.500,852,screening_4p4,BG1_first4_high_rate,D,D_ch5_app8_q8_m6_g0.896_s2_b3,5,8,8,6,0.896,2,3,0.837054,0.049999,0-2-1-3,200,16,True,71
D_ch5_app8_q8_m6_g0.99_s2_b0,fixed,4.4,16,5,0.31250000,0.14164644,0.55595644,8212,0.0607540246,9.125000,0.576447,7.818182,12,0.312500,0,11,5,15994,15994,0,2181,1087902,1087902,206055,206055,1.000000,82008.250000,5,11,334725,977407,647.875,852,screening_4p4,BG1_first4_high_rate,D,D_ch5_app8_q8_m6_g0.99_s2_b0,5,8,8,6,0.99,2,0,0.000000,0.100027,0-2-1-3,200,16,True,71
D_ch5_app8_q8_m6_g0.99_s2_b1,fixed,4.4,16,0,0.00000000,0.00000000,0.19360768,0,0.0000000000,6.812500,0.367636,6.812500,10,0.000000,0,16,0,15994,15994,0,862,793196,793196,177092,177092,1.000000,61696.500000,0,16,0,987144,483.688,852,screening_4p4,BG1_first4_high_rate,D,D_ch5_app8_q8_m6_g0.99_s2_b1,5,8,8,6,0.99,2,1,0.252525,0.100027,0-2-1-3,200,16,True,71
D_ch5_app8_q8_m6_g0.99_s2_b2,fixed,4.4,16,0,0.00000000,0.00000000,0.19360768,0,0.0000000000,7.000000,0.329140,7.000000,9,0.000000,0,16,0,15994,15994,0,499,719959,719959,140062,140062,1.000000,54782.125000,0,16,0,876514,497.000,852,screening_4p4,BG1_first4_high_rate,D,D_ch5_app8_q8_m6_g0.99_s2_b2,5,8,8,6,0.99,2,2,0.505051,0.100027,0-2-1-3,200,16,True,71
D_ch5_app8_q8_m6_g0.99_s2_b3,fixed,4.4,16,4,0.25000000,0.10182067,0.49498317,8009,0.0592521899,9.437500,0.491331,8.583333,12,0.312500,0,12,4,15994,15994,0,290,716449,716449,97000,97000,1.000000,51858.312500,4,12,256869,572864,670.062,852,screening_4p4,BG1_first4_high_rate,D,D_ch5_app8_q8_m6_g0.99_s2_b3,5,8,8,6,0.99,2,3,0.757576,0.100027,0-2-1-3,200,16,True,71
D_ch5_app8_q8_m6_g1.137_s2_b0,fixed,4.4,16,4,0.25000000,0.10182067,0.49498317,8382,0.0620117188,8.812500,0.613859,7.750000,12,0.312500,0,12,4,31885,31885,0,2985,1332752,1332752,197474,197474,1.000000,97818.500000,4,12,387504,1177592,625.688,852,screening_4p4,BG1_first4_high_rate,D,D_ch5_app8_q8_m6_g1.137_s2_b0,5,8,8,6,1.137,2,0,0.000000,0.199820,0-2-1-3,200,16,True,71
D_ch5_app8_q8_m6_g1.137_s2_b1,fixed,4.4,16,1,0.06250000,0.01111934,0.28328738,8227,0.0608649976,7.312500,0.530085,7.000000,12,0.062500,0,15,1,31885,31885,0,3604,1147338,1147338,309833,309833,1.000000,93291.250000,1,15,160767,1331893,519.188,852,screening_4p4,BG1_first4_high_rate,D,D_ch5_app8_q8_m6_g1.137_s2_b1,5,8,8,6,1.137,2,1,0.219877,0.199820,0-2-1-3,200,16,True,71
D_ch5_app8_q8_m6_g1.137_s2_b2,fixed,4.4,16,1,0.06250000,0.01111934,0.28328738,8035,0.0594445431,7.125000,0.464354,6.800000,12,0.062500,0,15,1,31885,31885,0,1801,1013954,1013954,252960,252960,1.000000,81287.500000,1,15,149310,1151290,505.875,852,screening_4p4,BG1_first4_high_rate,D,D_ch5_app8_q8_m6_g1.137_s2_b2,5,8,8,6,1.137,2,2,0.439754,0.199820,0-2-1-3,200,16,True,71
D_ch5_app8_q8_m6_g1.137_s2_b3,fixed,4.4,16,1,0.06250000,0.01111934,0.28328738,8031,0.0594149503,8.125000,0.455293,7.866667,12,0.062500,0,15,1,31885,31885,0,673,953230,953230,153111,153111,1.000000,71181.187500,1,15,149985,988914,576.875,852,screening_4p4,BG1_first4_high_rate,D,D_ch5_app8_q8_m6_g1.137_s2_b3,5,8,8,6,1.137,2,3,0.659631,0.199820,0-2-1-3,200,16,True,71
D_ch5_app8_q8_m6_g1.137_s2_b4,fixed,4.4,16,9,0.56250000,0.33178556,0.76901348,450,0.0033291903,11.250000,0.322749,10.285714,12,0.687500,0,7,9,31885,31885,0,60,917636,917636,49561,49561,1.000000,62446.375000,9,7,471269,527873,798.750,852,screening_4p4,BG1_first4_high_rate,D,D_ch5_app8_q8_m6_g1.137_s2_b4,5,8,8,6,1.137,2,4,0.879507,0.199820,0-2-1-3,200,16,True,71
D_ch5_app8_q8_m6_g0.65_s3_b0,fixed,4.4,16,8,0.50000000,0.27999564,0.72000436,17445,0.1290616122,10.187500,0.600130,8.375000,12,0.562500,0,8,8,171,171,0,11706,2353805,2353805,334500,334500,1.000000,168761.375000,8,8,1362160,1338022,723.312,852,screening_4p4,BG1_first4_high_rate,D,D_ch5_app8_q8_m6_g0.65_s3_b0,5,8,8,6,0.65,3,0,0.000000,0.001019,0-2-1-3,200,16,True,71
D_ch5_app8_q8_m6_g0.65_s3_b1,fixed,4.4,16,2,0.12500000,0.03497749,0.36022827,7738,0.0572472775,7.625000,0.546771,7.000000,12,0.125000,0,14,2,171,171,0,14321,1812078,1812078,416743,416743,1.000000,140207.062500,2,14,385019,1858294,541.375,852,screening_4p4,BG1_first4_high_rate,D,D_ch5_app8_q8_m6_g0.65_s3_b1,5,8,8,6,0.65,3,1,0.192308,0.001019,0-2-1-3,200,16,True,71
D_ch5_app8_q8_m6_g0.65_s3_b2,fixed,4.4,16,1,0.06250000,0.01111934,0.28328738,8024,0.0593631629,7.000000,0.465475,6.666667,12,0.062500,0,15,1,171,171,0,7807,1603428,1603428,354241,354241,1.000000,122852.937500,1,15,191931,1773716,497.000,852,screening_4p4,BG1_first4_high_rate,D,D_ch5_app8_q8_m6_g0.65_s3_b2,5,8,8,6,0.65,3,2,0.384615,0.001019,0-2-1-3,200,16,True,71
D_ch5_app8_q8_m6_g0.65_s3_b3,fixed,4.4,16,1,0.06250000,0.01111934,0.28328738,7960,0.0588896780,7.750000,0.469929,7.466667,12,0.062500,0,15,1,171,171,0,5455,1715590,1715590,325494,325494,1.000000,127919.375000,1,15,195848,1850862,550.250,852,screening_4p4,BG1_first4_high_rate,D,D_ch5_app8_q8_m6_g0.65_s3_b3,5,8,8,6,0.65,3,3,0.576923,0.001019,0-2-1-3,200,16,True,71
D_ch5_app8_q8_m6_g0.65_s3_b4,fixed,4.4,16,5,0.31250000,0.14164644,0.55595644,131,0.0009691643,10.000000,0.447214,9.090909,12,0.375000,0,11,5,171,171,0,2906,2139133,2139133,258527,258527,1.000000,150046.062500,5,11,808422,1592315,710.000,852,screening_4p4,BG1_first4_high_rate,D,D_ch5_app8_q8_m6_g0.65_s3_b4,5,8,8,6,0.65,3,4,0.769231,0.001019,0-2-1-3,200,16,True,71
D_ch5_app8_q8_m6_g0.759_s3_b0,fixed,4.4,16,12,0.75000000,0.50501683,0.89817933,35421,0.2620516690,11.125000,0.446047,8.500000,12,0.750000,0,4,12,1579,1579,0,25659,2671006,2671006,380553,380553,1.000000,192424.812500,12,4,2330557,748240,789.875,852,screening_4p4,BG1_first4_high_rate,D,D_ch5_app8_q8_m6_g0.759_s3_b0,5,8,8,6,0.759,3,0,0.000000,0.010010,0-2-1-3,200,16,True,71
D_ch5_app8_q8_m6_g0.759_s3_b1,fixed,4.4,16,4,0.25000000,0.10182067,0.49498317,21857,0.1617024740,8.125000,0.657489,6.833333,12,0.250000,0,12,4,1579,1579,0,32309,2204360,2204360,541798,541798,1.000000,173752.875000,4,12,880700,1899346,576.875,852,screening_4p4,BG1_first4_high_rate,D,D_ch5_app8_q8_m6_g0.759_s3_b1,5,8,8,6,0.759,3,1,0.164690,0.010010,0-2-1-3,200,16,True,71
D_ch5_app8_q8_m6_g0.759_s3_b2,fixed,4.4,16,1,0.06250000,0.01111934,0.28328738,8055,0.0595925071,6.937500,0.478441,6.600000,12,0.062500,0,15,1,1579,1579,0,20598,1909425,1909425,462366,462366,1.000000,149623.000000,1,15,201199,2192769,492.562,852,screening_4p4,BG1_first4_high_rate,D,D_ch5_app8_q8_m6_g0.759_s3_b2,5,8,8,6,0.759,3,2,0.329381,0.010010,0-2-1-3,200,16,True,71
D_ch5_app8_q8_m6_g0.759_s3_b3,fixed,4.4,16,1,0.06250000,0.01111934,0.28328738,8124,0.0601029830,7.312500,0.435113,7.000000,12,0.062500,0,15,1,1579,1579,0,16586,1998718,1998718,492187,492187,1.000000,156816.875000,1,15,206609,2302461,519.188,852,screening_4p4,BG1_first4_high_rate,D,D_ch5_app8_q8_m6_g0.759_s3_b3,5,8,8,6,0.759,3,3,0.494071,0.010010,0-2-1-3,200,16,True,71
D_ch5_app8_q8_m6_g0.759_s3_b4,fixed,4.4,16,1,0.06250000,0.01111934,0.28328738,7987,0.0590894295,8.500000,0.500000,8.266667,12,0.125000,0,15,1,1579,1579,0,9891,2324335,2324335,458080,458080,1.000000,174617.812500,1,15,219549,2574336,603.500,852,screening_4p4,BG1_first4_high_rate,D,D_ch5_app8_q8_m6_g0.759_s3_b4,5,8,8,6,0.759,3,4,0.658762,0.010010,0-2-1-3,200,16,True,71
D_ch5_app8_q8_m6_g0.759_s3_b5,fixed,4.4,16,6,0.37500000,0.18481233,0.61358959,1395,0.0103204901,10.500000,0.376386,9.600000,12,0.375000,0,10,6,1579,1579,0,6998,2707216,2707216,354044,354044,1.000000,191864.812500,6,10,1174347,1895490,745.500,852,screening_4p4,BG1_first4_high_rate,D,D_ch5_app8_q8_m6_g0.759_s3_b5,5,8,8,6,0.759,3,5,0.823452,0.010010,0-2-1-3,200,16,True,71
D_ch5_app8_q8_m6_g0.896_s3_b0,fixed,4.4,16,16,1.00000000,0.80639232,1.00000000,24081,0.1781560724,12.000000,0.000000,0.000000,12,1.000000,0,0,16,8113,8113,0,42490,2791257,2791257,340025,340025,1.000000,198867.812500,16,0,3181885,0,852.000,852,screening_4p4,BG1_first4_high_rate,D,D_ch5_app8_q8_m6_g0.896_s3_b0,5,8,8,6,0.896,3,0,0.000000,0.049999,0-2-1-3,200,16,True,71
D_ch5_app8_q8_m6_g0.896_s3_b1,fixed,4.4,16,12,0.75000000,0.50501683,0.89817933,46127,0.3412568063,10.437500,0.701004,5.750000,12,0.750000,0,4,12,8113,8113,0,57897,2457889,2457889,545738,545738,1.000000,191852.312500,12,4,2453665,615972,741.062,852,screening_4p4,BG1_first4_high_rate,D,D_ch5_app8_q8_m6_g0.896_s3_b1,5,8,8,6,0.896,3,1,0.139509,0.049999,0-2-1-3,200,16,True,71
D_ch5_app8_q8_m6_g0.896_s3_b2,fixed,4.4,16,5,0.31250000,0.14164644,0.55595644,36071,0.2668604995,8.187500,0.714252,6.454545,12,0.312500,0,11,5,8113,8113,0,47811,2275810,2275810,648117,648117,1.000000,186240.687500,5,11,1063452,1916399,581.312,852,screening_4p4,BG1_first4_high_rate,D,D_ch5_app8_q8_m6_g0.896_s3_b2,5,8,8,6,0.896,3,2,0.279018,0.049999,0-2-1-3,200,16,True,71
D_ch5_app8_q8_m6_g0.896_s3_b3,fixed,4.4,16,5,0.31250000,0.14164644,0.55595644,38979,0.2883744673,8.125000,0.723850,6.363636,12,0.312500,0,11,5,8113,8113,0,38581,2282344,2282344,636407,636407,1.000000,185340.312500,5,11,1132449,1832996,576.875,852,screening_4p4,BG1_first4_high_rate,D,D_ch5_app8_q8_m6_g0.896_s3_b3,5,8,8,6,0.896,3,3,0.418527,0.049999,0-2-1-3,200,16,True,71
D_ch5_app8_q8_m6_g0.896_s3_b4,fixed,4.4,16,2,0.12500000,0.03497749,0.36022827,15657,0.1158336293,8.000000,0.500000,7.428571,12,0.125000,0,14,2,8113,8113,0,27540,2484158,2484158,691048,691048,1.000000,200678.687500,2,14,449512,2761347,568.000,852,screening_4p4,BG1_first4_high_rate,D,D_ch5_app8_q8_m6_g0.896_s3_b4,5,8,8,6,0.896,3,4,0.558036,0.049999,0-2-1-3,200,16,True,71
D_ch5_app8_q8_m6_g0.896_s3_b5,fixed,4.4,16,1,0.06250000,0.01111934,0.28328738,7914,0.0585493608,8.500000,0.524404,8.266667,12,0.125000,0,15,1,8113,8113,0,23598,2641460,2641460,582062,582062,1.000000,203452.062500,1,15,248531,3006702,603.500,852,screening_4p4,BG1_first4_high_rate,D,D_ch5_app8_q8_m6_g0.896_s3_b5,5,8,8,6,0.896,3,5,0.697545,0.049999,0-2-1-3,200,16,True,71
D_ch5_app8_q8_m6_g0.896_s3_b6,fixed,4.4,16,6,0.37500000,0.18481233,0.61358959,3600,0.0266335227,10.500000,0.408248,9.600000,12,0.437500,0,10,6,8113,8113,0,15138,3224577,3224577,500331,500331,1.000000,234259.937500,6,10,1449794,2298365,745.500,852,screening_4p4,BG1_first4_high_rate,D,D_ch5_app8_q8_m6_g0.896_s3_b6,5,8,8,6,0.896,3,6,0.837054,0.049999,0-2-1-3,200,16,True,71
D_ch5_app8_q8_m6_g0.99_s3_b0,fixed,4.4,16,16,1.00000000,0.80639232,1.00000000,14577,0.1078435724,12.000000,0.000000,0.000000,12,1.000000,0,0,16,15994,15994,0,52459,2864819,2864819,321936,321936,1.000000,203450.500000,16,0,3255208,0,852.000,852,screening_4p4,BG1_first4_high_rate,D,D_ch5_app8_q8_m6_g0.99_s3_b0,5,8,8,6,0.99,3,0,0.000000,0.100027,0-2-1-3,200,16,True,71
D_ch5_app8_q8_m6_g0.99_s3_b1,fixed,4.4,16,14,0.87500000,0.63977173,0.96502251,41279,0.3053903291,11.250000,0.512348,6.000000,12,0.875000,0,2,14,15994,15994,0,75038,2596321,2596321,552687,552687,1.000000,202502.500000,14,2,2912030,328010,798.750,852,screening_4p4,BG1_first4_high_rate,D,D_ch5_app8_q8_m6_g0.99_s3_b1,5,8,8,6,0.99,3,1,0.126263,0.100027,0-2-1-3,200,16,True,71
D_ch5_app8_q8_m6_g0.99_s3_b2,fixed,4.4,16,9,0.56250000,0.33178556,0.76901348,46220,0.3419448390,9.500000,0.758288,6.285714,12,0.562500,0,7,9,15994,15994,0,65638,2449784,2449784,653284,653284,1.000000,199043.750000,9,7,1922900,1261800,674.500,852,screening_4p4,BG1_first4_high_rate,D,D_ch5_app8_q8_m6_g0.99_s3_b2,5,8,8,6,0.99,3,2,0.252525,0.100027,0-2-1-3,200,16,True,71
D_ch5_app8_q8_m6_g0.99_s3_b3,fixed,4.4,16,6,0.37500000,0.18481233,0.61358959,38678,0.2861476089,8.500000,0.752773,6.400000,12,0.375000,0,10,6,15994,15994,0,57061,2389523,2389523,700283,700283,1.000000,197678.812500,6,10,1324301,1838560,603.500,852,screening_4p4,BG1_first4_high_rate,D,D_ch5_app8_q8_m6_g0.99_s3_b3,5,8,8,6,0.99,3,3,0.378788,0.100027,0-2-1-3,200,16,True,71
D_ch5_app8_q8_m6_g0.99_s3_b4,fixed,4.4,16,1,0.06250000,0.01111934,0.28328738,7686,0.0568625710,7.250000,0.451848,6.933333,12,0.062500,0,15,1,15994,15994,0,39455,2427165,2427165,689035,689035,1.000000,198228.062500,1,15,218940,2952709,514.750,852,screening_4p4,BG1_first4_high_rate,D,D_ch5_app8_q8_m6_g0.99_s3_b4,5,8,8,6,0.99,3,4,0.505051,0.100027,0-2-1-3,200,16,True,71
D_ch5_app8_q8_m6_g0.99_s3_b5,fixed,4.4,16,2,0.12500000,0.03497749,0.36022827,15750,0.1165216619,8.000000,0.508265,7.428571,12,0.125000,0,14,2,15994,15994,0,38586,2644883,2644883,713220,713220,1.000000,213292.687500,2,14,550257,2862426,568.000,852,screening_4p4,BG1_first4_high_rate,D,D_ch5_app8_q8_m6_g0.99_s3_b5,5,8,8,6,0.99,3,5,0.631313,0.100027,0-2-1-3,200,16,True,71
D_ch5_app8_q8_m6_g0.99_s3_b6,fixed,4.4,16,4,0.25000000,0.10182067,0.49498317,8007,0.0592373935,9.437500,0.491331,8.583333,12,0.312500,0,12,4,15994,15994,0,30731,3148398,3148398,700200,700200,1.000000,243457.687500,4,12,1113256,2782067,670.062,852,screening_4p4,BG1_first4_high_rate,D,D_ch5_app8_q8_m6_g0.99_s3_b6,5,8,8,6,0.99,3,6,0.757576,0.100027,0-2-1-3,200,16,True,71
D_ch5_app8_q8_m6_g1.137_s3_b0,fixed,4.4,16,16,1.00000000,0.80639232,1.00000000,11787,0.0872025923,12.000000,0.000000,0.000000,12,1.000000,0,0,16,31885,31885,0,65265,2887440,2887440,327700,327700,1.000000,207018.125000,16,0,3312290,0,852.000,852,screening_4p4,BG1_first4_high_rate,D,D_ch5_app8_q8_m6_g1.137_s3_b0,5,8,8,6,1.137,3,0,0.000000,0.199820,0-2-1-3,200,16,True,71
D_ch5_app8_q8_m6_g1.137_s3_b1,fixed,4.4,16,16,1.00000000,0.80639232,1.00000000,21520,0.1592092803,12.000000,0.000000,0.000000,12,1.000000,0,0,16,31885,31885,0,85687,2701119,2701119,448785,448785,1.000000,204217.250000,16,0,3267476,0,852.000,852,screening_4p4,BG1_first4_high_rate,D,D_ch5_app8_q8_m6_g1.137_s3_b1,5,8,8,6,1.137,3,1,0.109938,0.199820,0-2-1-3,200,16,True,71
D_ch5_app8_q8_m6_g1.137_s3_b2,fixed,4.4,16,16,1.00000000,0.80639232,1.00000000,45861,0.3392888849,12.000000,0.000000,0.000000,12,1.000000,0,0,16,31885,31885,0,84815,2566203,2566203,571404,571404,1.000000,203394.187500,16,0,3254307,0,852.000,852,screening_4p4,BG1_first4_high_rate,D,D_ch5_app8_q8_m6_g1.137_s3_b2,5,8,8,6,1.137,3,2,0.219877,0.199820,0-2-1-3,200,16,True,71
D_ch5_app8_q8_m6_g1.137_s3_b3,fixed,4.4,16,12,0.75000000,0.50501683,0.89817933,45900,0.3395774148,10.312500,0.756741,5.250000,12,0.750000,0,4,12,31885,31885,0,79855,2474822,2474822,677308,677308,1.000000,203991.875000,12,4,2584498,679372,732.188,852,screening_4p4,BG1_first4_high_rate,D,D_ch5_app8_q8_m6_g1.137_s3_b3,5,8,8,6,1.137,3,3,0.329815,0.199820,0-2-1-3,200,16,True,71
D_ch5_app8_q8_m6_g1.137_s3_b4,fixed,4.4,16,9,0.56250000,0.33178556,0.76901348,45332,0.3353752367,9.250000,0.808806,5.714286,12,0.562500,0,7,9,31885,31885,0,58963,2525596,2525596,696689,696689,1.000000,207070.812500,9,7,2080364,1232769,656.750,852,screening_4p4,BG1_first4_high_rate,D,D_ch5_app8_q8_m6_g1.137_s3_b4,5,8,8,6,1.137,3,4,0.439754,0.199820,0-2-1-3,200,16,True,71
D_ch5_app8_q8_m6_g1.137_s3_b5,fixed,4.4,16,3,0.18750000,0.06591599,0.43008881,15151,0.1120901397,7.875000,0.576447,6.923077,12,0.187500,0,13,3,31885,31885,0,59736,2623881,2623881,785567,785567,1.000000,218816.812500,3,13,731267,2769802,559.125,852,screening_4p4,BG1_first4_high_rate,D,D_ch5_app8_q8_m6_g1.137_s3_b5,5,8,8,6,1.137,3,5,0.549692,0.199820,0-2-1-3,200,16,True,71
D_ch5_app8_q8_m6_g1.137_s3_b6,fixed,4.4,16,2,0.12500000,0.03497749,0.36022827,14103,0.1043368253,8.375000,0.515388,7.857143,12,0.125000,0,14,2,31885,31885,0,51170,2896990,2896990,813693,813693,1.000000,237108.625000,2,14,514166,3279572,594.625,852,screening_4p4,BG1_first4_high_rate,D,D_ch5_app8_q8_m6_g1.137_s3_b6,5,8,8,6,1.137,3,6,0.659631,0.199820,0-2-1-3,200,16,True,71
D_ch5_app8_q8_m6_g1.137_s3_b7,fixed,4.4,16,5,0.31250000,0.14164644,0.55595644,13463,0.0996019768,9.625000,0.507239,8.545455,12,0.375000,0,11,5,31885,31885,0,46930,3378235,3378235,814294,814294,1.000000,266959.000000,5,11,1470520,2800824,683.375,852,screening_4p4,BG1_first4_high_rate,D,D_ch5_app8_q8_m6_g1.137_s3_b7,5,8,8,6,1.137,3,7,0.769569,0.199820,0-2-1-3,200,16,True,71
F_ch6_app8_q8_m6_g1.32_s0_b0,fixed,4.4,16,4,0.25000000,0.10182067,0.49498317,790,0.0058445786,8.687500,0.575317,7.583333,12,0.250000,0,12,4,170,170,0,0,1163,1163,0,0,1.000000,83.312500,4,12,37,1296,616.812,852,screening_4p4,BG1_first4_high_rate,F,F_ch6_app8_q8_m6_g1.32_s0_b0,6,8,8,6,1.32,0,0,0.000000,0.001000,0-2-1-3,200,16,True,71
F_ch6_app8_q8_m6_g1.32_s0_b1,fixed,4.4,16,4,0.25000000,0.10182067,0.49498317,74,0.0005474669,9.250000,0.487340,8.333333,12,0.250000,0,12,4,170,170,0,0,11901,11901,658,658,1.000000,795.562500,4,12,37,12692,656.750,852,screening_4p4,BG1_first4_high_rate,F,F_ch6_app8_q8_m6_g1.32_s0_b1,6,8,8,6,1.32,0,1,0.757576,0.001000,0-2-1-3,200,16,True,71
F_ch6_app8_q8_m6_g1.542_s0_b0,fixed,4.4,16,4,0.25000000,0.10182067,0.49498317,781,0.0057779948,8.812500,0.607033,7.750000,12,0.250000,0,12,4,1574,1574,0,0,21780,21780,1220,1220,1.000000,1535.875000,4,12,420,24154,625.688,852,screening_4p4,BG1_first4_high_rate,F,F_ch6_app8_q8_m6_g1.542_s0_b0,6,8,8,6,1.542,0,0,0.000000,0.009968,0-2-1-3,200,16,True,71
F_ch6_app8_q8_m6_g1.542_s0_b1,fixed,4.4,16,0,0.00000000,0.00000000,0.19360768,0,0.0000000000,8.062500,0.451560,8.062500,11,0.000000,0,16,0,1574,1574,0,0,27715,27715,6127,6127,1.000000,2213.500000,0,16,0,35416,572.438,852,screening_4p4,BG1_first4_high_rate,F,F_ch6_app8_q8_m6_g1.542_s0_b1,6,8,8,6,1.542,0,1,0.648508,0.009968,0-2-1-3,200,16,True,71
F_ch6_app8_q8_m6_g1.542_s0_b2,fixed,4.4,16,16,1.00000000,0.80639232,1.00000000,1807,0.0133685488,12.000000,0.000000,0.000000,12,1.000000,0,0,16,1574,1574,0,0,0,0,0,0,1.000000,98.375000,16,0,1574,0,852.000,852,screening_4p4,BG1_first4_high_rate,F,F_ch6_app8_q8_m6_g1.542_s0_b2,6,8,8,6,1.542,0,2,1.297017,0.009968,0-2-1-3,200,16,True,71
F_ch6_app8_q8_m6_g1.821_s0_b0,fixed,4.4,16,4,0.25000000,0.10182067,0.49498317,583,0.0043131510,8.625000,0.569173,7.500000,12,0.250000,0,12,4,8115,8115,0,0,52321,52321,3083,3083,1.000000,3969.937500,4,12,2054,61465,612.375,852,screening_4p4,BG1_first4_high_rate,F,F_ch6_app8_q8_m6_g1.821_s0_b0,6,8,8,6,1.821,0,0,0.000000,0.050018,0-2-1-3,200,16,True,71
F_ch6_app8_q8_m6_g1.821_s0_b1,fixed,4.4,16,0,0.00000000,0.00000000,0.19360768,0,0.0000000000,7.312500,0.361925,7.312500,10,0.000000,0,16,0,8115,8115,0,5,48835,48835,14796,14796,1.000000,4484.437500,0,16,0,71751,519.188,852,screening_4p4,BG1_first4_high_rate,F,F_ch6_app8_q8_m6_g1.821_s0_b1,6,8,8,6,1.821,0,1,0.549149,0.050018,0-2-1-3,200,16,True,71
F_ch6_app8_q8_m6_g1.821_s0_b2,fixed,4.4,16,16,1.00000000,0.80639232,1.00000000,1775,0.0131318063,12.000000,0.000000,0.000000,12,1.000000,0,0,16,8115,8115,0,0,0,0,0,0,1.000000,507.187500,16,0,8115,0,852.000,852,screening_4p4,BG1_first4_high_rate,F,F_ch6_app8_q8_m6_g1.821_s0_b2,6,8,8,6,1.821,0,2,1.098298,0.050018,0-2-1-3,200,16,True,71
F_ch6_app8_q8_m6_g2.012_s0_b0,fixed,4.4,16,3,0.18750000,0.06591599,0.43008881,489,0.0036177202,8.500000,0.584523,7.692308,12,0.250000,0,13,3,15997,15997,0,2,69759,69759,16072,16072,1.000000,6364.375000,3,13,3047,98783,603.500,852,screening_4p4,BG1_first4_high_rate,F,F_ch6_app8_q8_m6_g2.012_s0_b0,6,8,8,6,2.012,0,0,0.000000,0.100048,0-2-1-3,200,16,True,71
F_ch6_app8_q8_m6_g2.012_s0_b1,fixed,4.4,16,0,0.00000000,0.00000000,0.19360768,0,0.0000000000,7.000000,0.329140,7.000000,10,0.000000,0,16,0,15997,15997,0,5,75160,75160,18835,18835,1.000000,6874.812500,0,16,0,109997,497.000,852,screening_4p4,BG1_first4_high_rate,F,F_ch6_app8_q8_m6_g2.012_s0_b1,6,8,8,6,2.012,0,1,0.497018,0.100048,0-2-1-3,200,16,True,71
F_ch6_app8_q8_m6_g2.012_s0_b2,fixed,4.4,16,15,0.93750000,0.71671262,0.98888066,1402,0.0103722775,11.937500,0.062500,11.000000,12,0.937500,0,1,15,15997,15997,0,0,16,16,0,0,1.000000,1000.812500,15,1,15001,1012,847.562,852,screening_4p4,BG1_first4_high_rate,F,F_ch6_app8_q8_m6_g2.012_s0_b2,6,8,8,6,2.012,0,2,0.994036,0.100048,0-2-1-3,200,16,True,71
F_ch6_app8_q8_m6_g2.311_s0_b0,fixed,4.4,16,4,0.25000000,0.10182067,0.49498317,464,0.0034327652,8.500000,0.598609,7.333333,12,0.250000,0,12,4,31902,31902,0,23,138550,138550,29214,29214,1.000000,12480.562500,4,12,9721,189968,603.500,852,screening_4p4,BG1_first4_high_rate,F,F_ch6_app8_q8_m6_g2.311_s0_b0,6,8,8,6,2.311,0,0,0.000000,0.199943,0-2-1-3,200,16,True,71
F_ch6_app8_q8_m6_g2.311_s0_b1,fixed,4.4,16,0,0.00000000,0.00000000,0.19360768,0,0.0000000000,6.687500,0.312500,6.687500,9,0.000000,0,16,0,31902,31902,0,16,86523,86523,21133,21133,1.000000,8723.375000,0,16,0,139574,474.812,852,screening_4p4,BG1_first4_high_rate,F,F_ch6_app8_q8_m6_g2.311_s0_b1,6,8,8,6,2.311,0,1,0.432713,0.199943,0-2-1-3,200,16,True,71
F_ch6_app8_q8_m6_g2.311_s0_b2,fixed,4.4,16,7,0.43750000,0.23098652,0.66821444,411,0.0030406605,10.875000,0.363719,10.000000,12,0.500000,0,9,7,31902,31902,0,0,15789,15789,72,72,1.000000,2985.187500,7,9,19431,28332,772.125,852,screening_4p4,BG1_first4_high_rate,F,F_ch6_app8_q8_m6_g2.311_s0_b2,6,8,8,6,2.311,0,2,0.865426,0.199943,0-2-1-3,200,16,True,71
F_ch6_app8_q8_m6_g1.32_s1_b0,fixed,4.4,16,4,0.25000000,0.10182067,0.49498317,790,0.0058445786,8.687500,0.575317,7.583333,12,0.250000,0,12,4,170,170,0,16,253713,253713,38473,38473,1.000000,18273.250000,4,12,10384,281988,616.812,852,screening_4p4,BG1_first4_high_rate,F,F_ch6_app8_q8_m6_g1.32_s1_b0,6,8,8,6,1.32,1,0,0.000000,0.001000,0-2-1-3,200,16,True,71
F_ch6_app8_q8_m6_g1.32_s1_b1,fixed,4.4,16,0,0.00000000,0.00000000,0.19360768,0,0.0000000000,6.562500,0.328744,6.562500,9,0.000000,0,16,0,170,170,0,94,187850,187850,43963,43963,1.000000,14504.812500,0,16,0,232077,465.938,852,screening_4p4,BG1_first4_high_rate,F,F_ch6_app8_q8_m6_g1.32_s1_b1,6,8,8,6,1.32,1,1,0.378788,0.001000,0-2-1-3,200,16,True,71
F_ch6_app8_q8_m6_g1.32_s1_b2,fixed,4.4,16,4,0.25000000,0.10182067,0.49498317,74,0.0005474669,9.250000,0.487340,8.333333,12,0.250000,0,12,4,170,170,0,70,118936,118936,33845,33845,1.000000,9563.812500,4,12,8572,144449,656.750,852,screening_4p4,BG1_first4_high_rate,F,F_ch6_app8_q8_m6_g1.32_s1_b2,6,8,8,6,1.32,1,2,0.757576,0.001000,0-2-1-3,200,16,True,71
F_ch6_app8_q8_m6_g1.542_s1_b0,fixed,4.4,16,4,0.25000000,0.10182067,0.49498317,781,0.0057779948,8.812500,0.607033,7.750000,12,0.250000,0,12,4,1574,1574,0,387,501235,501235,94748,94748,1.000000,37371.500000,4,12,48514,549430,625.688,852,screening_4p4,BG1_first4_high_rate,F,F_ch6_app8_q8_m6_g1.542_s1_b0,6,8,8,6,1.542,1,0,0.000000,0.009968,0-2-1-3,200,16,True,71
F_ch6_app8_q8_m6_g1.542_s1_b1,fixed,4.4,16,0,0.00000000,0.00000000,0.19360768,0,0.0000000000,6.625000,0.301040,6.625000,9,0.000000,0,16,0,1574,1574,0,195,376346,376346,77019,77019,1.000000,28445.875000,0,16,0,455134,470.375,852,screening_4p4,BG1_first4_high_rate,F,F_ch6_app8_q8_m6_g1.542_s1_b1,6,8,8,6,1.542,1,1,0.324254,0.009968,0-2-1-3,200,16,True,71
F_ch6_app8_q8_m6_g1.542_s1_b2,fixed,4.4,16,1,0.06250000,0.01111934,0.28328738,8028,0.0593927557,8.187500,0.501820,7.933333,12,0.062500,0,15,1,1574,1574,0,189,368255,368255,69322,69322,1.000000,27458.750000,1,15,118732,320608,581.312,852,screening_4p4,BG1_first4_high_rate,F,F_ch6_app8_q8_m6_g1.542_s1_b2,6,8,8,6,1.542,1,2,0.648508,0.009968,0-2-1-3,200,16,True,71
F_ch6_app8_q8_m6_g1.542_s1_b3,fixed,4.4,16,13,0.81250000,0.56991119,0.93408401,1287,0.0095214844,11.937500,0.062500,11.666667,12,0.937500,0,3,13,1574,1574,0,0,79587,79587,715,715,1.000000,5117.250000,13,3,30994,50882,847.562,852,screening_4p4,BG1_first4_high_rate,F,F_ch6_app8_q8_m6_g1.542_s1_b3,6,8,8,6,1.542,1,3,0.972763,0.009968,0-2-1-3,200,16,True,71
F_ch6_app8_q8_m6_g1.821_s1_b0,fixed,4.4,16,4,0.25000000,0.10182067,0.49498317,583,0.0043131510,8.625000,0.569173,7.500000,12,0.250000,0,12,4,8115,8115,0,1333,876700,876700,200543,200543,1.000000,67918.187500,4,12,160249,926442,612.375,852,screening_4p4,BG1_first4_high_rate,F,F_ch6_app8_q8_m6_g1.821_s1_b0,6,8,8,6,1.821,1,0,0.000000,0.050018,0-2-1-3,200,16,True,71
F_ch6_app8_q8_m6_g1.821_s1_b1,fixed,4.4,16,1,0.06250000,0.01111934,0.28328738,8162,0.0603841146,6.937500,0.503891,6.600000,12,0.062500,0,15,1,8115,8115,0,917,700826,700826,166664,166664,1.000000,54782.625000,1,15,140035,736487,492.562,852,screening_4p4,BG1_first4_high_rate,F,F_ch6_app8_q8_m6_g1.821_s1_b1,6,8,8,6,1.821,1,1,0.274574,0.050018,0-2-1-3,200,16,True,71
F_ch6_app8_q8_m6_g1.821_s1_b2,fixed,4.4,16,1,0.06250000,0.01111934,0.28328738,8091,0.0598588423,7.500000,0.456435,7.200000,12,0.062500,0,15,1,8115,8115,0,464,661300,661300,143266,143266,1.000000,50821.562500,1,15,135448,677697,532.500,852,screening_4p4,BG1_first4_high_rate,F,F_ch6_app8_q8_m6_g1.821_s1_b2,6,8,8,6,1.821,1,2,0.549149,0.050018,0-2-1-3,200,16,True,71
F_ch6_app8_q8_m6_g1.821_s1_b3,fixed,4.4,16,4,0.25000000,0.10182067,0.49498317,250,0.0018495502,10.312500,0.405368,9.545455,12,0.375000,0,11,5,8115,8115,0,186,567789,567789,99669,99669,1.000000,42234.937500,4,12,65865,609894,732.188,852,screening_4p4,BG1_first4_high_rate,F,F_ch6_app8_q8_m6_g1.821_s1_b3,6,8,8,6,1.821,1,3,0.823723,0.050018,0-2-1-3,200,16,True,71
F_ch6_app8_q8_m6_g2.012_s1_b0,fixed,4.4,16,3,0.18750000,0.06591599,0.43008881,489,0.0036177202,8.500000,0.584523,7.692308,12,0.250000,0,13,3,15997,15997,0,2266,1080616,1080616,195799,195799,1.000000,80917.375000,3,13,169450,1125228,603.500,852,screening_4p4,BG1_first4_high_rate,F,F_ch6_app8_q8_m6_g2.012_s1_b0,6,8,8,6,2.012,1,0,0.000000,0.100048,0-2-1-3,200,16,True,71
F_ch6_app8_q8_m6_g2.012_s1_b1,fixed,4.4,16,1,0.06250000,0.01111934,0.28328738,8128,0.0601325758,6.875000,0.490535,6.533333,12,0.062500,0,15,1,15997,15997,0,1442,841073,841073,187136,187136,1.000000,65353.000000,1,15,144036,901612,488.125,852,screening_4p4,BG1_first4_high_rate,F,F_ch6_app8_q8_m6_g2.012_s1_b1,6,8,8,6,2.012,1,1,0.248509,0.100048,0-2-1-3,200,16,True,71
F_ch6_app8_q8_m6_g2.012_s1_b2,fixed,4.4,16,0,0.00000000,0.00000000,0.19360768,0,0.0000000000,7.000000,0.329140,7.000000,10,0.000000,0,16,0,15997,15997,0,903,833754,833754,219331,219331,1.000000,66874.062500,0,16,0,1069985,497.000,852,screening_4p4,BG1_first4_high_rate,F,F_ch6_app8_q8_m6_g2.012_s1_b2,6,8,8,6,2.012,1,2,0.497018,0.100048,0-2-1-3,200,16,True,71
F_ch6_app8_q8_m6_g2.012_s1_b3,fixed,4.4,16,3,0.18750000,0.06591599,0.43008881,8098,0.0599106297,9.187500,0.518160,8.538462,12,0.312500,0,13,3,15997,15997,0,382,812556,812556,118174,118174,1.000000,59194.312500,3,13,244394,702715,652.312,852,screening_4p4,BG1_first4_high_rate,F,F_ch6_app8_q8_m6_g2.012_s1_b3,6,8,8,6,2.012,1,3,0.745527,0.100048,0-2-1-3,200,16,True,71
F_ch6_app8_q8_m6_g2.012_s1_b4,fixed,4.4,16,15,0.93750000,0.71671262,0.98888066,1402,0.0103722775,11.937500,0.062500,11.000000,12,0.937500,0,1,15,15997,15997,0,1,310115,310115,959,959,1.000000,20442.000000,15,1,278451,48621,847.562,852,screening_4p4,BG1_first4_high_rate,F,F_ch6_app8_q8_m6_g2.012_s1_b4,6,8,8,6,2.012,1,4,0.994036,0.100048,0-2-1-3,200,16,True,71
F_ch6_app8_q8_m6_g2.311_s1_b0,fixed,4.4,16,5,0.31250000,0.14164644,0.55595644,8551,0.0632620147,8.687500,0.637173,7.181818,12,0.312500,0,11,5,31902,31902,0,5645,1431449,1431449,289998,289998,1.000000,109937.125000,5,11,561980,1197014,616.812,852,screening_4p4,BG1_first4_high_rate,F,F_ch6_app8_q8_m6_g2.311_s1_b0,6,8,8,6,2.311,1,0,0.000000,0.199943,0-2-1-3,200,16,True,71
F_ch6_app8_q8_m6_g2.311_s1_b1,fixed,4.4,16,1,0.06250000,0.01111934,0.28328738,8074,0.0597330729,7.000000,0.516398,6.666667,12,0.062500,0,15,1,31902,31902,0,2958,1102329,1102329,250099,250099,1.000000,86705.500000,1,15,160892,1226396,497.000,852,screening_4p4,BG1_first4_high_rate,F,F_ch6_app8_q8_m6_g2.311_s1_b1,6,8,8,6,2.311,1,1,0.216357,0.199943,0-2-1-3,200,16,True,71
F_ch6_app8_q8_m6_g2.311_s1_b2,fixed,4.4,16,1,0.06250000,0.01111934,0.28328738,8006,0.0592299953,6.937500,0.451560,6.600000,12,0.062500,0,15,1,31902,31902,0,1675,1018036,1018036,231161,231161,1.000000,80173.375000,1,15,149572,1133202,492.562,852,screening_4p4,BG1_first4_high_rate,F,F_ch6_app8_q8_m6_g2.311_s1_b2,6,8,8,6,2.311,1,2,0.432713,0.199943,0-2-1-3,200,16,True,71
F_ch6_app8_q8_m6_g2.311_s1_b3,fixed,4.4,16,1,0.06250000,0.01111934,0.28328738,8114,0.0600290009,7.937500,0.451560,7.666667,12,0.062500,0,15,1,31902,31902,0,848,1014457,1014457,177651,177651,1.000000,76553.625000,1,15,154150,1070708,563.562,852,screening_4p4,BG1_first4_high_rate,F,F_ch6_app8_q8_m6_g2.311_s1_b3,6,8,8,6,2.311,1,3,0.649070,0.199943,0-2-1-3,200,16,True,71
F_ch6_app8_q8_m6_g2.311_s1_b4,fixed,4.4,16,7,0.43750000,0.23098652,0.66821444,411,0.0030406605,10.875000,0.363719,10.000000,12,0.500000,0,9,7,31902,31902,0,196,1024892,1024892,86553,86553,1.000000,71471.437500,7,9,437871,705672,772.125,852,screening_4p4,BG1_first4_high_rate,F,F_ch6_app8_q8_m6_g2.311_s1_b4,6,8,8,6,2.311,1,4,0.865426,0.199943,0-2-1-3,200,16,True,71
F_ch6_app8_q8_m6_g1.32_s2_b0,fixed,4.4,16,10,0.62500000,0.38641041,0.81518767,38606,0.2856149384,10.062500,0.679882,6.833333,12,0.625000,0,6,10,170,170,0,15887,2161530,2161530,369491,369491,1.000000,159192.375000,10,6,1724973,822105,714.438,852,screening_4p4,BG1_first4_high_rate,F,F_ch6_app8_q8_m6_g1.32_s2_b0,6,8,8,6,1.32,2,0,0.000000,0.001000,0-2-1-3,200,16,True,71
F_ch6_app8_q8_m6_g1.32_s2_b1,fixed,4.4,16,2,0.12500000,0.03497749,0.36022827,15816,0.1170099432,7.312500,0.589624,6.642857,12,0.125000,0,14,2,170,170,0,14537,1709556,1709556,385764,385764,1.000000,131876.687500,2,14,405587,1704440,519.188,852,screening_4p4,BG1_first4_high_rate,F,F_ch6_app8_q8_m6_g1.32_s2_b1,6,8,8,6,1.32,2,1,0.189394,0.001000,0-2-1-3,200,16,True,71
F_ch6_app8_q8_m6_g1.32_s2_b2,fixed,4.4,16,1,0.06250000,0.01111934,0.28328738,8094,0.0598810369,6.812500,0.467429,6.466667,12,0.062500,0,15,1,170,170,0,8209,1551890,1551890,338605,338605,1.000000,118679.625000,1,15,181180,1717694,483.688,852,screening_4p4,BG1_first4_high_rate,F,F_ch6_app8_q8_m6_g1.32_s2_b2,6,8,8,6,1.32,2,2,0.378788,0.001000,0-2-1-3,200,16,True,71
F_ch6_app8_q8_m6_g1.32_s2_b3,fixed,4.4,16,1,0.06250000,0.01111934,0.28328738,8144,0.0602509470,7.437500,0.456150,7.133333,12,0.062500,0,15,1,170,170,0,6008,1640752,1640752,335284,335284,1.000000,123888.375000,1,15,186152,1796062,528.062,852,screening_4p4,BG1_first4_high_rate,F,F_ch6_app8_q8_m6_g1.32_s2_b3,6,8,8,6,1.32,2,3,0.568182,0.001000,0-2-1-3,200,16,True,71
F_ch6_app8_q8_m6_g1.32_s2_b4,fixed,4.4,16,5,0.31250000,0.14164644,0.55595644,8153,0.0603175308,9.312500,0.505954,8.090909,12,0.312500,0,11,5,170,170,0,2302,1952579,1952579,199145,199145,1.000000,134637.250000,5,11,811140,1343056,661.188,852,screening_4p4,BG1_first4_high_rate,F,F_ch6_app8_q8_m6_g1.32_s2_b4,6,8,8,6,1.32,2,4,0.757576,0.001000,0-2-1-3,200,16,True,71
F_ch6_app8_q8_m6_g1.542_s2_b0,fixed,4.4,16,13,0.81250000,0.56991119,0.93408401,33951,0.2511763139,10.750000,0.673919,5.333333,12,0.812500,0,3,13,1574,1574,0,32060,2525464,2525464,374825,374825,1.000000,183370.187500,13,3,2550692,383231,763.250,852,screening_4p4,BG1_first4_high_rate,F,F_ch6_app8_q8_m6_g1.542_s2_b0,6,8,8,6,1.542,2,0,0.000000,0.009968,0-2-1-3,200,16,True,71
F_ch6_app8_q8_m6_g1.542_s2_b1,fixed,4.4,16,3,0.18750000,0.06591599,0.43008881,20216,0.1495620265,7.625000,0.670044,6.615385,12,0.187500,0,13,3,1574,1574,0,32677,2041023,2041023,485188,485188,1.000000,160028.875000,3,13,622809,1937653,541.375,852,screening_4p4,BG1_first4_high_rate,F,F_ch6_app8_q8_m6_g1.542_s2_b1,6,8,8,6,1.542,2,1,0.162127,0.009968,0-2-1-3,200,16,True,71
F_ch6_app8_q8_m6_g1.542_s2_b2,fixed,4.4,16,1,0.06250000,0.01111934,0.28328738,8155,0.0603323272,6.875000,0.446047,6.533333,12,0.062500,0,15,1,1574,1574,0,23688,1930106,1930106,514484,514484,1.000000,154365.750000,1,15,204238,2265614,488.125,852,screening_4p4,BG1_first4_high_rate,F,F_ch6_app8_q8_m6_g1.542_s2_b2,6,8,8,6,1.542,2,2,0.324254,0.009968,0-2-1-3,200,16,True,71
F_ch6_app8_q8_m6_g1.542_s2_b3,fixed,4.4,16,1,0.06250000,0.01111934,0.28328738,8035,0.0594445431,7.125000,0.473242,6.800000,12,0.062500,0,15,1,1574,1574,0,18224,1957797,1957797,493801,493801,1.000000,154462.250000,1,15,203098,2268298,505.875,852,screening_4p4,BG1_first4_high_rate,F,F_ch6_app8_q8_m6_g1.542_s2_b3,6,8,8,6,1.542,2,3,0.486381,0.009968,0-2-1-3,200,16,True,71
F_ch6_app8_q8_m6_g1.542_s2_b4,fixed,4.4,16,1,0.06250000,0.01111934,0.28328738,7997,0.0591634115,8.187500,0.501820,7.933333,12,0.062500,0,15,1,1574,1574,0,11524,2268166,2268166,487369,487369,1.000000,173039.562500,1,15,225516,2543117,581.312,852,screening_4p4,BG1_first4_high_rate,F,F_ch6_app8_q8_m6_g1.542_s2_b4,6,8,8,6,1.542,2,4,0.648508,0.009968,0-2-1-3,200,16,True,71
F_ch6_app8_q8_m6_g1.542_s2_b5,fixed,4.4,16,5,0.31250000,0.14164644,0.55595644,7773,0.0575062145,9.937500,0.432712,9.000000,12,0.312500,0,11,5,1574,1574,0,8234,2586106,2586106,381745,381745,1.000000,186103.687500,5,11,979204,1998455,705.562,852,screening_4p4,BG1_first4_high_rate,F,F_ch6_app8_q8_m6_g1.542_s2_b5,6,8,8,6,1.542,2,5,0.810636,0.009968,0-2-1-3,200,16,True,71
F_ch6_app8_q8_m6_g1.821_s2_b0,fixed,4.4,16,16,1.00000000,0.80639232,1.00000000,27448,0.2030658144,12.000000,0.000000,0.000000,12,1.000000,0,0,16,8115,8115,0,56276,2707132,2707132,396461,396461,1.000000,197999.000000,16,0,3167984,0,852.000,852,screening_4p4,BG1_first4_high_rate,F,F_ch6_app8_q8_m6_g1.821_s2_b0,6,8,8,6,1.821,2,0,0.000000,0.050018,0-2-1-3,200,16,True,71
F_ch6_app8_q8_m6_g1.821_s2_b1,fixed,4.4,16,12,0.75000000,0.50501683,0.89817933,51136,0.3783143939,10.437500,0.701004,5.750000,12,0.750000,0,4,12,8115,8115,0,62817,2407355,2407355,564233,564233,1.000000,190157.500000,12,4,2418615,623905,741.062,852,screening_4p4,BG1_first4_high_rate,F,F_ch6_app8_q8_m6_g1.821_s2_b1,6,8,8,6,1.821,2,1,0.137287,0.050018,0-2-1-3,200,16,True,71
F_ch6_app8_q8_m6_g1.821_s2_b2,fixed,4.4,16,7,0.43750000,0.23098652,0.66821444,42903,0.3174050071,8.500000,0.816497,5.777778,12,0.437500,0,9,7,8115,8115,0,50866,2236846,2236846,619352,619352,1.000000,182198.687500,7,9,1493932,1421247,603.500,852,screening_4p4,BG1_first4_high_rate,F,F_ch6_app8_q8_m6_g1.821_s2_b2,6,8,8,6,1.821,2,2,0.274574,0.050018,0-2-1-3,200,16,True,71
F_ch6_app8_q8_m6_g1.821_s2_b3,fixed,4.4,16,5,0.31250000,0.14164644,0.55595644,35502,0.2626509233,7.875000,0.746520,6.000000,12,0.312500,0,11,5,8115,8115,0,42485,2245430,2245430,649357,649357,1.000000,184086.687500,5,11,1161434,1783953,559.125,852,screening_4p4,BG1_first4_high_rate,F,F_ch6_app8_q8_m6_g1.821_s2_b3,6,8,8,6,1.821,2,3,0.411862,0.050018,0-2-1-3,200,16,True,71
F_ch6_app8_q8_m6_g1.821_s2_b4,fixed,4.4,16,1,0.06250000,0.01111934,0.28328738,7958,0.0588748816,7.500000,0.456435,7.200000,12,0.062500,0,15,1,8115,8115,0,29278,2404249,2404249,681610,681610,1.000000,195203.250000,1,15,226334,2896918,532.500,852,screening_4p4,BG1_first4_high_rate,F,F_ch6_app8_q8_m6_g1.821_s2_b4,6,8,8,6,1.821,2,4,0.549149,0.050018,0-2-1-3,200,16,True,71
F_ch6_app8_q8_m6_g1.821_s2_b5,fixed,4.4,16,1,0.06250000,0.01111934,0.28328738,7949,0.0588082978,8.375000,0.473242,8.133333,12,0.062500,0,15,1,8115,8115,0,27222,2631531,2631531,661350,661350,1.000000,208013.625000,1,15,244077,3084141,594.625,852,screening_4p4,BG1_first4_high_rate,F,F_ch6_app8_q8_m6_g1.821_s2_b5,6,8,8,6,1.821,2,5,0.686436,0.050018,0-2-1-3,200,16,True,71
F_ch6_app8_q8_m6_g1.821_s2_b6,fixed,4.4,16,5,0.31250000,0.14164644,0.55595644,3925,0.0290379380,10.312500,0.405368,9.545455,12,0.375000,0,11,5,8115,8115,0,17829,3201436,3201436,573123,573123,1.000000,237531.437500,5,11,1192666,2607837,732.188,852,screening_4p4,BG1_first4_high_rate,F,F_ch6_app8_q8_m6_g1.821_s2_b6,6,8,8,6,1.821,2,6,0.823723,0.050018,0-2-1-3,200,16,True,71
F_ch6_app8_q8_m6_g2.012_s2_b0,fixed,4.4,16,16,1.00000000,0.80639232,1.00000000,15160,0.1121567235,12.000000,0.000000,0.000000,12,1.000000,0,0,16,15997,15997,0,67293,2750880,2750880,362820,362820,1.000000,199811.875000,16,0,3196990,0,852.000,852,screening_4p4,BG1_first4_high_rate,F,F_ch6_app8_q8_m6_g2.012_s2_b0,6,8,8,6,2.012,2,0,0.000000,0.100048,0-2-1-3,200,16,True,71
F_ch6_app8_q8_m6_g2.012_s2_b1,fixed,4.4,16,13,0.81250000,0.56991119,0.93408401,30330,0.2243874290,10.750000,0.673919,5.333333,12,0.812500,0,3,13,15997,15997,0,79491,2503684,2503684,555133,555133,1.000000,197144.062500,13,3,2690644,463661,763.250,852,screening_4p4,BG1_first4_high_rate,F,F_ch6_app8_q8_m6_g2.012_s2_b1,6,8,8,6,2.012,2,1,0.124254,0.100048,0-2-1-3,200,16,True,71
F_ch6_app8_q8_m6_g2.012_s2_b2,fixed,4.4,16,10,0.62500000,0.38641041,0.81518767,38693,0.2862585819,9.562500,0.821425,5.500000,12,0.625000,0,6,10,15997,15997,0,67026,2317738,2317738,612122,612122,1.000000,188305.187500,10,6,2044362,968521,678.938,852,screening_4p4,BG1_first4_high_rate,F,F_ch6_app8_q8_m6_g2.012_s2_b2,6,8,8,6,2.012,2,2,0.248509,0.100048,0-2-1-3,200,16,True,71
F_ch6_app8_q8_m6_g2.012_s2_b3,fixed,4.4,16,9,0.56250000,0.33178556,0.76901348,60786,0.4497070312,9.250000,0.808806,5.714286,12,0.562500,0,7,9,15997,15997,0,61248,2405139,2405139,731279,731279,1.000000,200853.937500,9,7,2025457,1188206,656.750,852,screening_4p4,BG1_first4_high_rate,F,F_ch6_app8_q8_m6_g2.012_s2_b3,6,8,8,6,2.012,2,3,0.372763,0.100048,0-2-1-3,200,16,True,71
F_ch6_app8_q8_m6_g2.012_s2_b4,fixed,4.4,16,3,0.18750000,0.06591599,0.43008881,21374,0.1581291430,7.562500,0.584300,6.538462,12,0.187500,0,13,3,15997,15997,0,42141,2454407,2454407,735241,735241,1.000000,202986.625000,3,13,765455,2482331,536.938,852,screening_4p4,BG1_first4_high_rate,F,F_ch6_app8_q8_m6_g2.012_s2_b4,6,8,8,6,2.012,2,4,0.497018,0.100048,0-2-1-3,200,16,True,71
F_ch6_app8_q8_m6_g2.012_s2_b5,fixed,4.4,16,2,0.12500000,0.03497749,0.36022827,14100,0.1043146307,8.000000,0.508265,7.428571,12,0.125000,0,14,2,15997,15997,0,43067,2650336,2650336,790956,790956,1.000000,218772.250000,2,14,520661,2979695,568.000,852,screening_4p4,BG1_first4_high_rate,F,F_ch6_app8_q8_m6_g2.012_s2_b5,6,8,8,6,2.012,2,5,0.621272,0.100048,0-2-1-3,200,16,True,71
F_ch6_app8_q8_m6_g2.012_s2_b6,fixed,4.4,16,4,0.25000000,0.10182067,0.49498317,14584,0.1078953598,9.312500,0.545579,8.416667,12,0.375000,0,12,4,15997,15997,0,33956,3088342,3088342,775465,775465,1.000000,244610.000000,4,12,1138936,2774824,661.188,852,screening_4p4,BG1_first4_high_rate,F,F_ch6_app8_q8_m6_g2.012_s2_b6,6,8,8,6,2.012,2,6,0.745527,0.100048,0-2-1-3,200,16,True,71
F_ch6_app8_q8_m6_g2.012_s2_b7,fixed,4.4,16,6,0.37500000,0.18481233,0.61358959,444,0.0032848011,10.937500,0.335022,10.111111,12,0.500000,0,9,7,15997,15997,0,24411,3598786,3598786,624731,624731,1.000000,266495.312500,6,10,1561658,2702267,776.562,852,screening_4p4,BG1_first4_high_rate,F,F_ch6_app8_q8_m6_g2.012_s2_b7,6,8,8,6,2.012,2,7,0.869781,0.100048,0-2-1-3,200,16,True,71
F_ch6_app8_q8_m6_g2.311_s2_b0,fixed,4.4,16,16,1.00000000,0.80639232,1.00000000,12582,0.0930841619,12.000000,0.000000,0.000000,12,1.000000,0,0,16,31902,31902,0,80991,2803082,2803082,357946,357946,1.000000,204620.062500,16,0,3273921,0,852.000,852,screening_4p4,BG1_first4_high_rate,F,F_ch6_app8_q8_m6_g2.311_s2_b0,6,8,8,6,2.311,2,0,0.000000,0.199943,0-2-1-3,200,16,True,71
F_ch6_app8_q8_m6_g2.311_s2_b1,fixed,4.4,16,16,1.00000000,0.80639232,1.00000000,22914,0.1695223722,12.000000,0.000000,0.000000,12,1.000000,0,0,16,31902,31902,0,94612,2610285,2610285,473229,473229,1.000000,200626.750000,16,0,3210028,0,852.000,852,screening_4p4,BG1_first4_high_rate,F,F_ch6_app8_q8_m6_g2.311_s2_b1,6,8,8,6,2.311,2,1,0.108178,0.199943,0-2-1-3,200,16,True,71
F_ch6_app8_q8_m6_g2.311_s2_b2,fixed,4.4,16,15,0.93750000,0.71671262,0.98888066,41363,0.3060117779,11.562500,0.437500,5.000000,12,0.937500,0,1,15,31902,31902,0,86396,2478844,2478844,581752,581752,1.000000,198680.875000,15,1,3017808,161086,820.938,852,screening_4p4,BG1_first4_high_rate,F,F_ch6_app8_q8_m6_g2.311_s2_b2,6,8,8,6,2.311,2,2,0.216357,0.199943,0-2-1-3,200,16,True,71
F_ch6_app8_q8_m6_g2.311_s2_b3,fixed,4.4,16,13,0.81250000,0.56991119,0.93408401,55085,0.4075298887,10.875000,0.625000,6.000000,12,0.812500,0,3,13,31902,31902,0,83554,2479700,2479700,690097,690097,1.000000,205328.312500,13,3,2712424,572829,772.125,852,screening_4p4,BG1_first4_high_rate,F,F_ch6_app8_q8_m6_g2.311_s2_b3,6,8,8,6,2.311,2,3,0.324535,0.199943,0-2-1-3,200,16,True,71
F_ch6_app8_q8_m6_g2.311_s2_b4,fixed,4.4,16,7,0.43750000,0.23098652,0.66821444,35399,0.2618889086,8.562500,0.800878,5.888889,12,0.437500,0,9,7,31902,31902,0,62394,2457476,2457476,718841,718841,1.000000,204413.312500,7,9,1609546,1661067,607.938,852,screening_4p4,BG1_first4_high_rate,F,F_ch6_app8_q8_m6_g2.311_s2_b4,6,8,8,6,2.311,2,4,0.432713,0.199943,0-2-1-3,200,16,True,71
F_ch6_app8_q8_m6_g2.311_s2_b5,fixed,4.4,16,7,0.43750000,0.23098652,0.66821444,40927,0.3027861624,8.750000,0.750000,6.222222,12,0.437500,0,9,7,31902,31902,0,63534,2612122,2612122,802308,802308,1.000000,219366.625000,7,9,1752641,1757225,621.250,852,screening_4p4,BG1_first4_high_rate,F,F_ch6_app8_q8_m6_g2.311_s2_b5,6,8,8,6,2.311,2,5,0.540891,0.199943,0-2-1-3,200,16,True,71
F_ch6_app8_q8_m6_g2.311_s2_b6,fixed,4.4,16,4,0.25000000,0.10182067,0.49498317,26411,0.1953938802,8.562500,0.605315,7.416667,12,0.250000,0,12,4,31902,31902,0,53339,2849270,2849270,831481,831481,1.000000,235374.500000,4,12,1073034,2692958,607.938,852,screening_4p4,BG1_first4_high_rate,F,F_ch6_app8_q8_m6_g2.311_s2_b6,6,8,8,6,2.311,2,6,0.649070,0.199943,0-2-1-3,200,16,True,71
F_ch6_app8_q8_m6_g2.311_s2_b7,fixed,4.4,16,4,0.25000000,0.10182067,0.49498317,13295,0.0983590791,9.500000,0.524404,8.666667,12,0.375000,0,12,4,31902,31902,0,51694,3354582,3354582,896901,896901,1.000000,270942.437500,4,12,1213369,3121710,674.500,852,screening_4p4,BG1_first4_high_rate,F,F_ch6_app8_q8_m6_g2.311_s2_b7,6,8,8,6,2.311,2,7,0.757248,0.199943,0-2-1-3,200,16,True,71
G_ch6_app9_q9_m7_g1.32_s0_b0,fixed,4.4,16,4,0.25000000,0.10182067,0.49498317,790,0.0058445786,8.687500,0.575317,7.583333,12,0.250000,0,12,4,170,170,0,0,0,0,0,0,1.000000,10.625000,4,12,37,133,616.812,852,screening_4p4,BG1_first4_high_rate,G,G_ch6_app9_q9_m7_g1.32_s0_b0,6,9,9,7,1.32,0,0,0.000000,0.001000,0-2-1-3,200,16,True,71
G_ch6_app9_q9_m7_g1.32_s0_b1,fixed,4.4,16,4,0.25000000,0.10182067,0.49498317,74,0.0005474669,9.250000,0.487340,8.333333,12,0.250000,0,12,4,170,170,0,0,0,0,0,0,1.000000,10.625000,4,12,37,133,656.750,852,screening_4p4,BG1_first4_high_rate,G,G_ch6_app9_q9_m7_g1.32_s0_b1,6,9,9,7,1.32,0,1,0.757576,0.001000,0-2-1-3,200,16,True,71
G_ch6_app9_q9_m7_g1.542_s0_b0,fixed,4.4,16,4,0.25000000,0.10182067,0.49498317,781,0.0057779948,8.812500,0.607033,7.750000,12,0.250000,0,12,4,1574,1574,0,0,0,0,0,0,1.000000,98.375000,4,12,420,1154,625.688,852,screening_4p4,BG1_first4_high_rate,G,G_ch6_app9_q9_m7_g1.542_s0_b0,6,9,9,7,1.542,0,0,0.000000,0.009968,0-2-1-3,200,16,True,71
G_ch6_app9_q9_m7_g1.542_s0_b1,fixed,4.4,16,0,0.00000000,0.00000000,0.19360768,0,0.0000000000,8.062500,0.451560,8.062500,11,0.000000,0,16,0,1574,1574,0,0,38,38,0,0,1.000000,100.750000,0,16,0,1612,572.438,852,screening_4p4,BG1_first4_high_rate,G,G_ch6_app9_q9_m7_g1.542_s0_b1,6,9,9,7,1.542,0,1,0.648508,0.009968,0-2-1-3,200,16,True,71
G_ch6_app9_q9_m7_g1.542_s0_b2,fixed,4.4,16,16,1.00000000,0.80639232,1.00000000,1807,0.0133685488,12.000000,0.000000,0.000000,12,1.000000,0,0,16,1574,1574,0,0,0,0,0,0,1.000000,98.375000,16,0,1574,0,852.000,852,screening_4p4,BG1_first4_high_rate,G,G_ch6_app9_q9_m7_g1.542_s0_b2,6,9,9,7,1.542,0,2,1.297017,0.009968,0-2-1-3,200,16,True,71
G_ch6_app9_q9_m7_g1.821_s0_b0,fixed,4.4,16,4,0.25000000,0.10182067,0.49498317,583,0.0043131510,8.625000,0.569173,7.500000,12,0.250000,0,12,4,8115,8115,0,0,0,0,0,0,1.000000,507.187500,4,12,2053,6062,612.375,852,screening_4p4,BG1_first4_high_rate,G,G_ch6_app9_q9_m7_g1.821_s0_b0,6,9,9,7,1.821,0,0,0.000000,0.050018,0-2-1-3,200,16,True,71
G_ch6_app9_q9_m7_g1.821_s0_b1,fixed,4.4,16,0,0.00000000,0.00000000,0.19360768,0,0.0000000000,7.312500,0.361925,7.312500,10,0.000000,0,16,0,8115,8115,0,0,735,735,0,0,1.000000,553.125000,0,16,0,8850,519.188,852,screening_4p4,BG1_first4_high_rate,G,G_ch6_app9_q9_m7_g1.821_s0_b1,6,9,9,7,1.821,0,1,0.549149,0.050018,0-2-1-3,200,16,True,71
G_ch6_app9_q9_m7_g1.821_s0_b2,fixed,4.4,16,16,1.00000000,0.80639232,1.00000000,1775,0.0131318063,12.000000,0.000000,0.000000,12,1.000000,0,0,16,8115,8115,0,0,0,0,0,0,1.000000,507.187500,16,0,8115,0,852.000,852,screening_4p4,BG1_first4_high_rate,G,G_ch6_app9_q9_m7_g1.821_s0_b2,6,9,9,7,1.821,0,2,1.098298,0.050018,0-2-1-3,200,16,True,71
G_ch6_app9_q9_m7_g2.012_s0_b0,fixed,4.4,16,3,0.18750000,0.06591599,0.43008881,489,0.0036177202,8.500000,0.584523,7.692308,12,0.250000,0,13,3,15997,15997,0,0,153,153,0,0,1.000000,1009.375000,3,13,3047,13103,603.500,852,screening_4p4,BG1_first4_high_rate,G,G_ch6_app9_q9_m7_g2.012_s0_b0,6,9,9,7,2.012,0,0,0.000000,0.100048,0-2-1-3,200,16,True,71
G_ch6_app9_q9_m7_g2.012_s0_b1,fixed,4.4,16,0,0.00000000,0.00000000,0.19360768,0,0.0000000000,7.000000,0.329140,7.000000,10,0.000000,0,16,0,15997,15997,0,0,396,396,0,0,1.000000,1024.562500,0,16,0,16393,497.000,852,screening_4p4,BG1_first4_high_rate,G,G_ch6_app9_q9_m7_g2.012_s0_b1,6,9,9,7,2.012,0,1,0.497018,0.100048,0-2-1-3,200,16,True,71
G_ch6_app9_q9_m7_g2.012_s0_b2,fixed,4.4,16,15,0.93750000,0.71671262,0.98888066,1402,0.0103722775,11.937500,0.062500,11.000000,12,0.937500,0,1,15,15997,15997,0,0,0,0,0,0,1.000000,999.812500,15,1,15001,996,847.562,852,screening_4p4,BG1_first4_high_rate,G,G_ch6_app9_q9_m7_g2.012_s0_b2,6,9,9,7,2.012,0,2,0.994036,0.100048,0-2-1-3,200,16,True,71
G_ch6_app9_q9_m7_g2.311_s0_b0,fixed,4.4,16,4,0.25000000,0.10182067,0.49498317,464,0.0034327652,8.500000,0.598609,7.333333,12,0.250000,0,12,4,31902,31902,0,0,1843,1843,0,0,1.000000,2109.062500,4,12,8034,25711,603.500,852,screening_4p4,BG1_first4_high_rate,G,G_ch6_app9_q9_m7_g2.311_s0_b0,6,9,9,7,2.311,0,0,0.000000,0.199943,0-2-1-3,200,16,True,71
G_ch6_app9_q9_m7_g2.311_s0_b1,fixed,4.4,16,0,0.00000000,0.00000000,0.19360768,0,0.0000000000,6.687500,0.312500,6.687500,9,0.000000,0,16,0,31902,31902,0,0,2019,2019,0,0,1.000000,2120.062500,0,16,0,33921,474.812,852,screening_4p4,BG1_first4_high_rate,G,G_ch6_app9_q9_m7_g2.311_s0_b1,6,9,9,7,2.311,0,1,0.432713,0.199943,0-2-1-3,200,16,True,71
G_ch6_app9_q9_m7_g2.311_s0_b2,fixed,4.4,16,7,0.43750000,0.23098652,0.66821444,411,0.0030406605,10.875000,0.363719,10.000000,12,0.500000,0,9,7,31902,31902,0,0,0,0,0,0,1.000000,1993.875000,7,9,13938,17964,772.125,852,screening_4p4,BG1_first4_high_rate,G,G_ch6_app9_q9_m7_g2.311_s0_b2,6,9,9,7,2.311,0,2,0.865426,0.199943,0-2-1-3,200,16,True,71
G_ch6_app9_q9_m7_g1.32_s1_b0,fixed,4.4,16,4,0.25000000,0.10182067,0.49498317,790,0.0058445786,8.687500,0.575317,7.583333,12,0.250000,0,12,4,170,170,0,0,1163,1163,0,0,1.000000,83.312500,4,12,37,1296,616.812,852,screening_4p4,BG1_first4_high_rate,G,G_ch6_app9_q9_m7_g1.32_s1_b0,6,9,9,7,1.32,1,0,0.000000,0.001000,0-2-1-3,200,16,True,71
G_ch6_app9_q9_m7_g1.32_s1_b1,fixed,4.4,16,0,0.00000000,0.00000000,0.19360768,0,0.0000000000,6.562500,0.328744,6.562500,9,0.000000,0,16,0,170,170,0,0,10411,10411,467,467,1.000000,690.500000,0,16,0,11048,465.938,852,screening_4p4,BG1_first4_high_rate,G,G_ch6_app9_q9_m7_g1.32_s1_b1,6,9,9,7,1.32,1,1,0.378788,0.001000,0-2-1-3,200,16,True,71
G_ch6_app9_q9_m7_g1.32_s1_b2,fixed,4.4,16,4,0.25000000,0.10182067,0.49498317,74,0.0005474669,9.250000,0.487340,8.333333,12,0.250000,0,12,4,170,170,0,0,11901,11901,658,658,1.000000,795.562500,4,12,37,12692,656.750,852,screening_4p4,BG1_first4_high_rate,G,G_ch6_app9_q9_m7_g1.32_s1_b2,6,9,9,7,1.32,1,2,0.757576,0.001000,0-2-1-3,200,16,True,71
G_ch6_app9_q9_m7_g1.542_s1_b0,fixed,4.4,16,4,0.25000000,0.10182067,0.49498317,781,0.0057779948,8.812500,0.607033,7.750000,12,0.250000,0,12,4,1574,1574,0,0,21780,21780,1220,1220,1.000000,1535.875000,4,12,420,24154,625.688,852,screening_4p4,BG1_first4_high_rate,G,G_ch6_app9_q9_m7_g1.542_s1_b0,6,9,9,7,1.542,1,0,0.000000,0.009968,0-2-1-3,200,16,True,71
G_ch6_app9_q9_m7_g1.542_s1_b1,fixed,4.4,16,0,0.00000000,0.00000000,0.19360768,0,0.0000000000,6.625000,0.301040,6.625000,9,0.000000,0,16,0,1574,1574,0,0,19916,19916,2122,2122,1.000000,1475.750000,0,16,0,23612,470.375,852,screening_4p4,BG1_first4_high_rate,G,G_ch6_app9_q9_m7_g1.542_s1_b1,6,9,9,7,1.542,1,1,0.324254,0.009968,0-2-1-3,200,16,True,71
G_ch6_app9_q9_m7_g1.542_s1_b2,fixed,4.4,16,0,0.00000000,0.00000000,0.19360768,0,0.0000000000,8.062500,0.451560,8.062500,11,0.000000,0,16,0,1574,1574,0,0,27715,27715,6127,6127,1.000000,2213.500000,0,16,0,35416,572.438,852,screening_4p4,BG1_first4_high_rate,G,G_ch6_app9_q9_m7_g1.542_s1_b2,6,9,9,7,1.542,1,2,0.648508,0.009968,0-2-1-3,200,16,True,71
G_ch6_app9_q9_m7_g1.542_s1_b3,fixed,4.4,16,13,0.81250000,0.56991119,0.93408401,1287,0.0095214844,11.937500,0.062500,11.666667,12,0.937500,0,3,13,1574,1574,0,0,1,1,0,0,1.000000,98.437500,13,3,1287,288,847.562,852,screening_4p4,BG1_first4_high_rate,G,G_ch6_app9_q9_m7_g1.542_s1_b3,6,9,9,7,1.542,1,3,0.972763,0.009968,0-2-1-3,200,16,True,71
G_ch6_app9_q9_m7_g1.821_s1_b0,fixed,4.4,16,4,0.25000000,0.10182067,0.49498317,583,0.0043131510,8.625000,0.569173,7.500000,12,0.250000,0,12,4,8115,8115,0,0,52321,52321,3083,3083,1.000000,3969.937500,4,12,2054,61465,612.375,852,screening_4p4,BG1_first4_high_rate,G,G_ch6_app9_q9_m7_g1.821_s1_b0,6,9,9,7,1.821,1,0,0.000000,0.050018,0-2-1-3,200,16,True,71
G_ch6_app9_q9_m7_g1.821_s1_b1,fixed,4.4,16,0,0.00000000,0.00000000,0.19360768,0,0.0000000000,6.687500,0.384261,6.687500,10,0.000000,0,16,0,8115,8115,0,1,47503,47503,7003,7003,1.000000,3913.875000,0,16,0,62622,474.812,852,screening_4p4,BG1_first4_high_rate,G,G_ch6_app9_q9_m7_g1.821_s1_b1,6,9,9,7,1.821,1,1,0.274574,0.050018,0-2-1-3,200,16,True,71
G_ch6_app9_q9_m7_g1.821_s1_b2,fixed,4.4,16,0,0.00000000,0.00000000,0.19360768,0,0.0000000000,7.312500,0.361925,7.312500,10,0.000000,0,16,0,8115,8115,0,5,48835,48835,14798,14798,1.000000,4484.562500,0,16,0,71753,519.188,852,screening_4p4,BG1_first4_high_rate,G,G_ch6_app9_q9_m7_g1.821_s1_b2,6,9,9,7,1.821,1,2,0.549149,0.050018,0-2-1-3,200,16,True,71
G_ch6_app9_q9_m7_g1.821_s1_b3,fixed,4.4,16,4,0.25000000,0.10182067,0.49498317,250,0.0018495502,10.312500,0.405368,9.545455,12,0.375000,0,11,5,8115,8115,0,0,28930,28930,3928,3928,1.000000,2560.812500,4,12,2053,38920,732.188,852,screening_4p4,BG1_first4_high_rate,G,G_ch6_app9_q9_m7_g1.821_s1_b3,6,9,9,7,1.821,1,3,0.823723,0.050018,0-2-1-3,200,16,True,71
G_ch6_app9_q9_m7_g2.012_s1_b0,fixed,4.4,16,3,0.18750000,0.06591599,0.43008881,489,0.0036177202,8.500000,0.584523,7.692308,12,0.250000,0,13,3,15997,15997,0,2,69759,69759,16072,16072,1.000000,6364.375000,3,13,3047,98783,603.500,852,screening_4p4,BG1_first4_high_rate,G,G_ch6_app9_q9_m7_g2.012_s1_b0,6,9,9,7,2.012,1,0,0.000000,0.100048,0-2-1-3,200,16,True,71
G_ch6_app9_q9_m7_g2.012_s1_b1,fixed,4.4,16,0,0.00000000,0.00000000,0.19360768,0,0.0000000000,6.625000,0.363719,6.625000,9,0.000000,0,16,0,15997,15997,0,15,67926,67926,19234,19234,1.000000,6448.250000,0,16,0,103172,470.375,852,screening_4p4,BG1_first4_high_rate,G,G_ch6_app9_q9_m7_g2.012_s1_b1,6,9,9,7,2.012,1,1,0.248509,0.100048,0-2-1-3,200,16,True,71
G_ch6_app9_q9_m7_g2.012_s1_b2,fixed,4.4,16,0,0.00000000,0.00000000,0.19360768,0,0.0000000000,7.000000,0.329140,7.000000,10,0.000000,0,16,0,15997,15997,0,5,75160,75160,18835,18835,1.000000,6874.812500,0,16,0,109997,497.000,852,screening_4p4,BG1_first4_high_rate,G,G_ch6_app9_q9_m7_g2.012_s1_b2,6,9,9,7,2.012,1,2,0.497018,0.100048,0-2-1-3,200,16,True,71
G_ch6_app9_q9_m7_g2.012_s1_b3,fixed,4.4,16,2,0.12500000,0.03497749,0.36022827,7,0.0000517874,9.125000,0.498957,8.714286,12,0.250000,0,14,2,15997,15997,0,82,65436,65436,35906,35906,1.000000,7338.812500,2,14,2085,115336,647.875,852,screening_4p4,BG1_first4_high_rate,G,G_ch6_app9_q9_m7_g2.012_s1_b3,6,9,9,7,2.012,1,3,0.745527,0.100048,0-2-1-3,200,16,True,71
G_ch6_app9_q9_m7_g2.012_s1_b4,fixed,4.4,16,15,0.93750000,0.71671262,0.98888066,1402,0.0103722775,11.937500,0.062500,11.000000,12,0.937500,0,1,15,15997,15997,0,0,16,16,0,0,1.000000,1000.812500,15,1,15001,1012,847.562,852,screening_4p4,BG1_first4_high_rate,G,G_ch6_app9_q9_m7_g2.012_s1_b4,6,9,9,7,2.012,1,4,0.994036,0.100048,0-2-1-3,200,16,True,71
G_ch6_app9_q9_m7_g2.311_s1_b0,fixed,4.4,16,4,0.25000000,0.10182067,0.49498317,464,0.0034327652,8.500000,0.598609,7.333333,12,0.250000,0,12,4,31902,31902,0,23,138550,138550,29215,29215,1.000000,12480.625000,4,12,9721,189969,603.500,852,screening_4p4,BG1_first4_high_rate,G,G_ch6_app9_q9_m7_g2.311_s1_b0,6,9,9,7,2.311,1,0,0.000000,0.199943,0-2-1-3,200,16,True,71
G_ch6_app9_q9_m7_g2.311_s1_b1,fixed,4.4,16,0,0.00000000,0.00000000,0.19360768,0,0.0000000000,6.812500,0.420503,6.812500,11,0.000000,0,16,0,31902,31902,0,138,113740,113740,39488,39488,1.000000,11579.250000,0,16,0,185268,483.688,852,screening_4p4,BG1_first4_high_rate,G,G_ch6_app9_q9_m7_g2.311_s1_b1,6,9,9,7,2.311,1,1,0.216357,0.199943,0-2-1-3,200,16,True,71
G_ch6_app9_q9_m7_g2.311_s1_b2,fixed,4.4,16,0,0.00000000,0.00000000,0.19360768,0,0.0000000000,6.687500,0.312500,6.687500,9,0.000000,0,16,0,31902,31902,0,16,86523,86523,21133,21133,1.000000,8723.375000,0,16,0,139574,474.812,852,screening_4p4,BG1_first4_high_rate,G,G_ch6_app9_q9_m7_g2.311_s1_b2,6,9,9,7,2.311,1,2,0.432713,0.199943,0-2-1-3,200,16,True,71
G_ch6_app9_q9_m7_g2.311_s1_b3,fixed,4.4,16,0,0.00000000,0.00000000,0.19360768,0,0.0000000000,7.750000,0.370810,7.750000,10,0.000000,0,16,0,31902,31902,0,16,59678,59678,19057,19057,1.000000,6915.812500,0,16,0,110653,550.250,852,screening_4p4,BG1_first4_high_rate,G,G_ch6_app9_q9_m7_g2.311_s1_b3,6,9,9,7,2.311,1,3,0.649070,0.199943,0-2-1-3,200,16,True,71
G_ch6_app9_q9_m7_g2.311_s1_b4,fixed,4.4,16,7,0.43750000,0.23098652,0.66821444,411,0.0030406605,10.875000,0.363719,10.000000,12,0.500000,0,9,7,31902,31902,0,0,15789,15789,72,72,1.000000,2985.187500,7,9,19431,28332,772.125,852,screening_4p4,BG1_first4_high_rate,G,G_ch6_app9_q9_m7_g2.311_s1_b4,6,9,9,7,2.311,1,4,0.865426,0.199943,0-2-1-3,200,16,True,71
G_ch6_app9_q9_m7_g1.32_s2_b0,fixed,4.4,16,4,0.25000000,0.10182067,0.49498317,790,0.0058445786,8.687500,0.575317,7.583333,12,0.250000,0,12,4,170,170,0,16,253713,253713,38473,38473,1.000000,18273.250000,4,12,10384,281988,616.812,852,screening_4p4,BG1_first4_high_rate,G,G_ch6_app9_q9_m7_g1.32_s2_b0,6,9,9,7,1.32,2,0,0.000000,0.001000,0-2-1-3,200,16,True,71
G_ch6_app9_q9_m7_g1.32_s2_b1,fixed,4.4,16,1,0.06250000,0.01111934,0.28328738,8263,0.0611313329,7.250000,0.559017,6.933333,12,0.062500,0,15,1,170,170,0,309,270745,270745,61728,61728,1.000000,20809.500000,1,15,122774,210178,514.750,852,screening_4p4,BG1_first4_high_rate,G,G_ch6_app9_q9_m7_g1.32_s2_b1,6,9,9,7,1.32,2,1,0.189394,0.001000,0-2-1-3,200,16,True,71
G_ch6_app9_q9_m7_g1.32_s2_b2,fixed,4.4,16,0,0.00000000,0.00000000,0.19360768,0,0.0000000000,6.562500,0.328744,6.562500,9,0.000000,0,16,0,170,170,0,94,187851,187851,44072,44072,1.000000,14511.687500,0,16,0,232187,465.938,852,screening_4p4,BG1_first4_high_rate,G,G_ch6_app9_q9_m7_g1.32_s2_b2,6,9,9,7,1.32,2,2,0.378788,0.001000,0-2-1-3,200,16,True,71
G_ch6_app9_q9_m7_g1.32_s2_b3,fixed,4.4,16,0,0.00000000,0.00000000,0.19360768,0,0.0000000000,7.250000,0.359398,7.250000,9,0.000000,0,16,0,170,170,0,137,185938,185938,45522,45522,1.000000,14485.437500,0,16,0,231767,514.750,852,screening_4p4,BG1_first4_high_rate,G,G_ch6_app9_q9_m7_g1.32_s2_b3,6,9,9,7,1.32,2,3,0.568182,0.001000,0-2-1-3,200,16,True,71
G_ch6_app9_q9_m7_g1.32_s2_b4,fixed,4.4,16,4,0.25000000,0.10182067,0.49498317,74,0.0005474669,9.250000,0.487340,8.333333,12,0.250000,0,12,4,170,170,0,70,118936,118936,33849,33849,1.000000,9564.062500,4,12,8572,144453,656.750,852,screening_4p4,BG1_first4_high_rate,G,G_ch6_app9_q9_m7_g1.32_s2_b4,6,9,9,7,1.32,2,4,0.757576,0.001000,0-2-1-3,200,16,True,71
G_ch6_app9_q9_m7_g1.542_s2_b0,fixed,4.4,16,4,0.25000000,0.10182067,0.49498317,781,0.0057779948,8.812500,0.607033,7.750000,12,0.250000,0,12,4,1574,1574,0,387,501235,501235,94796,94796,1.000000,37374.500000,4,12,48514,549478,625.688,852,screening_4p4,BG1_first4_high_rate,G,G_ch6_app9_q9_m7_g1.542_s2_b0,6,9,9,7,1.542,2,0,0.000000,0.009968,0-2-1-3,200,16,True,71
G_ch6_app9_q9_m7_g1.542_s2_b1,fixed,4.4,16,1,0.06250000,0.01111934,0.28328738,8122,0.0600881866,7.250000,0.573730,6.933333,12,0.062500,0,15,1,1574,1574,0,393,431532,431532,80246,80246,1.000000,32109.062500,1,15,128173,385572,514.750,852,screening_4p4,BG1_first4_high_rate,G,G_ch6_app9_q9_m7_g1.542_s2_b1,6,9,9,7,1.542,2,1,0.162127,0.009968,0-2-1-3,200,16,True,71
G_ch6_app9_q9_m7_g1.542_s2_b2,fixed,4.4,16,0,0.00000000,0.00000000,0.19360768,0,0.0000000000,6.625000,0.301040,6.625000,9,0.000000,0,16,0,1574,1574,0,195,376362,376362,77173,77173,1.000000,28456.500000,0,16,0,455304,470.375,852,screening_4p4,BG1_first4_high_rate,G,G_ch6_app9_q9_m7_g1.542_s2_b2,6,9,9,7,1.542,2,2,0.324254,0.009968,0-2-1-3,200,16,True,71
G_ch6_app9_q9_m7_g1.542_s2_b3,fixed,4.4,16,0,0.00000000,0.00000000,0.19360768,0,0.0000000000,6.875000,0.352077,6.875000,10,0.000000,0,16,0,1574,1574,0,89,334101,334101,63551,63551,1.000000,24957.187500,0,16,0,399315,488.125,852,screening_4p4,BG1_first4_high_rate,G,G_ch6_app9_q9_m7_g1.542_s2_b3,6,9,9,7,1.542,2,3,0.486381,0.009968,0-2-1-3,200,16,True,71
G_ch6_app9_q9_m7_g1.542_s2_b4,fixed,4.4,16,1,0.06250000,0.01111934,0.28328738,8034,0.0594371449,8.187500,0.501820,7.933333,12,0.062500,0,15,1,1574,1574,0,189,368274,368274,69340,69340,1.000000,27461.062500,1,15,118769,320608,581.312,852,screening_4p4,BG1_first4_high_rate,G,G_ch6_app9_q9_m7_g1.542_s2_b4,6,9,9,7,1.542,2,4,0.648508,0.009968,0-2-1-3,200,16,True,71
G_ch6_app9_q9_m7_g1.542_s2_b5,fixed,4.4,16,4,0.25000000,0.10182067,0.49498317,235,0.0017385772,9.937500,0.432712,9.250000,12,0.312500,0,12,4,1574,1574,0,131,278639,278639,50632,50632,1.000000,20686.000000,4,12,19775,311201,705.562,852,screening_4p4,BG1_first4_high_rate,G,G_ch6_app9_q9_m7_g1.542_s2_b5,6,9,9,7,1.542,2,5,0.810636,0.009968,0-2-1-3,200,16,True,71
G_ch6_app9_q9_m7_g1.821_s2_b0,fixed,4.4,16,4,0.25000000,0.10182067,0.49498317,583,0.0043131510,8.625000,0.569173,7.500000,12,0.250000,0,12,4,8115,8115,0,1333,876700,876700,200547,200547,1.000000,67918.437500,4,12,160249,926446,612.375,852,screening_4p4,BG1_first4_high_rate,G,G_ch6_app9_q9_m7_g1.821_s2_b0,6,9,9,7,1.821,2,0,0.000000,0.050018,0-2-1-3,200,16,True,71
G_ch6_app9_q9_m7_g1.821_s2_b1,fixed,4.4,16,2,0.12500000,0.03497749,0.36022827,8129,0.0601399740,7.500000,0.562731,6.857143,12,0.125000,0,14,2,8115,8115,0,1163,761993,761993,171952,171952,1.000000,58951.437500,2,14,181584,761639,532.500,852,screening_4p4,BG1_first4_high_rate,G,G_ch6_app9_q9_m7_g1.821_s2_b1,6,9,9,7,1.821,2,1,0.137287,0.050018,0-2-1-3,200,16,True,71
G_ch6_app9_q9_m7_g1.821_s2_b2,fixed,4.4,16,1,0.06250000,0.01111934,0.28328738,8168,0.0604285038,6.937500,0.503891,6.600000,12,0.062500,0,15,1,8115,8115,0,937,701373,701373,166973,166973,1.000000,54837.375000,1,15,140889,736509,492.562,852,screening_4p4,BG1_first4_high_rate,G,G_ch6_app9_q9_m7_g1.821_s2_b2,6,9,9,7,1.821,2,2,0.274574,0.050018,0-2-1-3,200,16,True,71
G_ch6_app9_q9_m7_g1.821_s2_b3,fixed,4.4,16,0,0.00000000,0.00000000,0.19360768,0,0.0000000000,6.750000,0.381881,6.750000,10,0.000000,0,16,0,8115,8115,0,658,631615,631615,154507,154507,1.000000,49680.937500,0,16,0,794895,479.250,852,screening_4p4,BG1_first4_high_rate,G,G_ch6_app9_q9_m7_g1.821_s2_b3,6,9,9,7,1.821,2,3,0.411862,0.050018,0-2-1-3,200,16,True,71
G_ch6_app9_q9_m7_g1.821_s2_b4,fixed,4.4,16,1,0.06250000,0.01111934,0.28328738,8111,0.0600068063,7.500000,0.456435,7.200000,12,0.062500,0,15,1,8115,8115,0,475,661538,661538,143360,143360,1.000000,50843.000000,1,15,135791,677697,532.500,852,screening_4p4,BG1_first4_high_rate,G,G_ch6_app9_q9_m7_g1.821_s2_b4,6,9,9,7,1.821,2,4,0.549149,0.050018,0-2-1-3,200,16,True,71
G_ch6_app9_q9_m7_g1.821_s2_b5,fixed,4.4,16,1,0.06250000,0.01111934,0.28328738,8115,0.0600363991,8.375000,0.473242,8.133333,12,0.062500,0,15,1,8115,8115,0,320,587194,587194,93076,93076,1.000000,43044.062500,1,15,130527,558178,594.625,852,screening_4p4,BG1_first4_high_rate,G,G_ch6_app9_q9_m7_g1.821_s2_b5,6,9,9,7,1.821,2,5,0.686436,0.050018,0-2-1-3,200,16,True,71
G_ch6_app9_q9_m7_g1.821_s2_b6,fixed,4.4,16,4,0.25000000,0.10182067,0.49498317,250,0.0018495502,10.312500,0.405368,9.545455,12,0.375000,0,11,5,8115,8115,0,187,567793,567793,99808,99808,1.000000,42243.937500,4,12,65865,610038,732.188,852,screening_4p4,BG1_first4_high_rate,G,G_ch6_app9_q9_m7_g1.821_s2_b6,6,9,9,7,1.821,2,6,0.823723,0.050018,0-2-1-3,200,16,True,71
G_ch6_app9_q9_m7_g2.012_s2_b0,fixed,4.4,16,3,0.18750000,0.06591599,0.43008881,489,0.0036177202,8.500000,0.584523,7.692308,12,0.250000,0,13,3,15997,15997,0,2267,1080661,1080661,196168,196168,1.000000,80943.312500,3,13,169450,1125643,603.500,852,screening_4p4,BG1_first4_high_rate,G,G_ch6_app9_q9_m7_g2.012_s2_b0,6,9,9,7,2.012,2,0,0.000000,0.100048,0-2-1-3,200,16,True,71
G_ch6_app9_q9_m7_g2.012_s2_b1,fixed,4.4,16,1,0.06250000,0.01111934,0.28328738,7958,0.0588748816,7.625000,0.590727,7.333333,12,0.125000,0,15,1,15997,15997,0,2756,1031810,1031810,278138,278138,1.000000,83043.812500,1,15,146796,1181905,541.375,852,screening_4p4,BG1_first4_high_rate,G,G_ch6_app9_q9_m7_g2.012_s2_b1,6,9,9,7,2.012,2,1,0.124254,0.100048,0-2-1-3,200,16,True,71
G_ch6_app9_q9_m7_g2.012_s2_b2,fixed,4.4,16,1,0.06250000,0.01111934,0.28328738,8133,0.0601695668,6.875000,0.490535,6.533333,12,0.062500,0,15,1,15997,15997,0,1462,841825,841825,187460,187460,1.000000,65421.500000,1,15,145095,901649,488.125,852,screening_4p4,BG1_first4_high_rate,G,G_ch6_app9_q9_m7_g2.012_s2_b2,6,9,9,7,2.012,2,2,0.248509,0.100048,0-2-1-3,200,16,True,71
G_ch6_app9_q9_m7_g2.012_s2_b3,fixed,4.4,16,1,0.06250000,0.01111934,0.28328738,8160,0.0603693182,7.062500,0.451560,6.733333,12,0.062500,0,15,1,15997,15997,0,1553,881778,881778,252319,252319,1.000000,71977.937500,1,15,145535,1006112,501.438,852,screening_4p4,BG1_first4_high_rate,G,G_ch6_app9_q9_m7_g2.012_s2_b3,6,9,9,7,2.012,2,3,0.372763,0.100048,0-2-1-3,200,16,True,71
G_ch6_app9_q9_m7_g2.012_s2_b4,fixed,4.4,16,0,0.00000000,0.00000000,0.19360768,0,0.0000000000,7.000000,0.329140,7.000000,10,0.000000,0,16,0,15997,15997,0,903,833769,833769,219490,219490,1.000000,66884.937500,0,16,0,1070159,497.000,852,screening_4p4,BG1_first4_high_rate,G,G_ch6_app9_q9_m7_g2.012_s2_b4,6,9,9,7,2.012,2,4,0.497018,0.100048,0-2-1-3,200,16,True,71
G_ch6_app9_q9_m7_g2.012_s2_b5,fixed,4.4,16,1,0.06250000,0.01111934,0.28328738,8066,0.0596738873,7.812500,0.458428,7.533333,12,0.062500,0,15,1,15997,15997,0,507,781066,781066,139810,139810,1.000000,58586.250000,1,15,140149,797231,554.688,852,screening_4p4,BG1_first4_high_rate,G,G_ch6_app9_q9_m7_g2.012_s2_b5,6,9,9,7,2.012,2,5,0.621272,0.100048,0-2-1-3,200,16,True,71
G_ch6_app9_q9_m7_g2.012_s2_b6,fixed,4.4,16,3,0.18750000,0.06591599,0.43008881,8110,0.0599994081,9.187500,0.518160,8.538462,12,0.312500,0,13,3,15997,15997,0,387,812666,812666,118527,118527,1.000000,59223.562500,3,13,244861,702716,652.312,852,screening_4p4,BG1_first4_high_rate,G,G_ch6_app9_q9_m7_g2.012_s2_b6,6,9,9,7,2.012,2,6,0.745527,0.100048,0-2-1-3,200,16,True,71
G_ch6_app9_q9_m7_g2.012_s2_b7,fixed,4.4,16,6,0.37500000,0.18481233,0.61358959,442,0.0032700047,10.937500,0.335022,10.300000,12,0.500000,0,10,6,15997,15997,0,94,681730,681730,66422,66422,1.000000,47765.187500,6,10,228168,536075,776.562,852,screening_4p4,BG1_first4_high_rate,G,G_ch6_app9_q9_m7_g2.012_s2_b7,6,9,9,7,2.012,2,7,0.869781,0.100048,0-2-1-3,200,16,True,71
G_ch6_app9_q9_m7_g2.311_s2_b0,fixed,4.4,16,5,0.31250000,0.14164644,0.55595644,8558,0.0633138021,8.687500,0.637173,7.181818,12,0.312500,0,11,5,31902,31902,0,5671,1431994,1431994,290867,290867,1.000000,110027.125000,5,11,562722,1197712,616.812,852,screening_4p4,BG1_first4_high_rate,G,G_ch6_app9_q9_m7_g2.311_s2_b0,6,9,9,7,2.311,2,0,0.000000,0.199943,0-2-1-3,200,16,True,71
G_ch6_app9_q9_m7_g2.311_s2_b1,fixed,4.4,16,2,0.12500000,0.03497749,0.36022827,7707,0.0570179332,7.500000,0.598609,6.857143,12,0.125000,0,14,2,31902,31902,0,4269,1194213,1194213,269929,269929,1.000000,93769.562500,2,14,256653,1243660,532.500,852,screening_4p4,BG1_first4_high_rate,G,G_ch6_app9_q9_m7_g2.311_s2_b1,6,9,9,7,2.311,2,1,0.108178,0.199943,0-2-1-3,200,16,True,71
G_ch6_app9_q9_m7_g2.311_s2_b2,fixed,4.4,16,1,0.06250000,0.01111934,0.28328738,8082,0.0597922585,7.000000,0.516398,6.666667,12,0.062500,0,15,1,31902,31902,0,2987,1103012,1103012,250527,250527,1.000000,86776.750000,1,15,161850,1226578,497.000,852,screening_4p4,BG1_first4_high_rate,G,G_ch6_app9_q9_m7_g2.311_s2_b2,6,9,9,7,2.311,2,2,0.216357,0.199943,0-2-1-3,200,16,True,71
G_ch6_app9_q9_m7_g2.311_s2_b3,fixed,4.4,16,1,0.06250000,0.01111934,0.28328738,8207,0.0607170336,6.875000,0.464354,6.533333,12,0.062500,0,15,1,31902,31902,0,2826,1049694,1049694,272859,272859,1.000000,84830.062500,1,15,159396,1197885,488.125,852,screening_4p4,BG1_first4_high_rate,G,G_ch6_app9_q9_m7_g2.311_s2_b3,6,9,9,7,2.311,2,3,0.324535,0.199943,0-2-1-3,200,16,True,71
G_ch6_app9_q9_m7_g2.311_s2_b4,fixed,4.4,16,1,0.06250000,0.01111934,0.28328738,8018,0.0593187737,6.937500,0.451560,6.600000,12,0.062500,0,15,1,31902,31902,0,1687,1018332,1018332,231225,231225,1.000000,80196.625000,1,15,149944,1133202,492.562,852,screening_4p4,BG1_first4_high_rate,G,G_ch6_app9_q9_m7_g2.311_s2_b4,6,9,9,7,2.311,2,4,0.432713,0.199943,0-2-1-3,200,16,True,71
G_ch6_app9_q9_m7_g2.311_s2_b5,fixed,4.4,16,0,0.00000000,0.00000000,0.19360768,0,0.0000000000,7.062500,0.347236,7.062500,10,0.000000,0,16,0,31902,31902,0,1594,996381,996381,238862,238862,1.000000,79296.187500,0,16,0,1268739,501.438,852,screening_4p4,BG1_first4_high_rate,G,G_ch6_app9_q9_m7_g2.311_s2_b5,6,9,9,7,2.311,2,5,0.540891,0.199943,0-2-1-3,200,16,True,71
G_ch6_app9_q9_m7_g2.311_s2_b6,fixed,4.4,16,1,0.06250000,0.01111934,0.28328738,8121,0.0600807884,7.937500,0.451560,7.666667,12,0.062500,0,15,1,31902,31902,0,857,1014744,1014744,177937,177937,1.000000,76590.000000,1,15,154723,1070717,563.562,852,screening_4p4,BG1_first4_high_rate,G,G_ch6_app9_q9_m7_g2.311_s2_b6,6,9,9,7,2.311,2,6,0.649070,0.199943,0-2-1-3,200,16,True,71
G_ch6_app9_q9_m7_g2.311_s2_b7,fixed,4.4,16,2,0.12500000,0.03497749,0.36022827,39,0.0002885298,9.250000,0.469929,8.857143,12,0.250000,0,14,2,31902,31902,0,746,1100440,1100440,175845,175845,1.000000,81808.312500,2,14,140527,1168406,656.750,852,screening_4p4,BG1_first4_high_rate,G,G_ch6_app9_q9_m7_g2.311_s2_b7,6,9,9,7,2.311,2,7,0.757248,0.199943,0-2-1-3,200,16,True,71
G_ch6_app9_q9_m7_g1.32_s3_b0,fixed,4.4,16,10,0.62500000,0.38641041,0.81518767,38956,0.2882043087,10.062500,0.679882,6.833333,12,0.625000,0,6,10,170,170,0,15925,2163173,2163173,370530,370530,1.000000,159362.375000,10,6,1727639,822159,714.438,852,screening_4p4,BG1_first4_high_rate,G,G_ch6_app9_q9_m7_g1.32_s3_b0,6,9,9,7,1.32,3,0,0.000000,0.001000,0-2-1-3,200,16,True,71
G_ch6_app9_q9_m7_g1.32_s3_b1,fixed,4.4,16,5,0.31250000,0.14164644,0.55595644,14281,0.1056537050,8.312500,0.722950,6.636364,12,0.312500,0,11,5,170,170,0,16856,1885644,1885644,381608,381608,1.000000,142767.375000,5,11,884418,1399860,590.188,852,screening_4p4,BG1_first4_high_rate,G,G_ch6_app9_q9_m7_g1.32_s3_b1,6,9,9,7,1.32,3,1,0.094697,0.001000,0-2-1-3,200,16,True,71
G_ch6_app9_q9_m7_g1.32_s3_b2,fixed,4.4,16,2,0.12500000,0.03497749,0.36022827,15841,0.1171948982,7.312500,0.589624,6.642857,12,0.125000,0,14,2,170,170,0,14569,1710646,1710646,387155,387155,1.000000,132033.750000,2,14,407406,1705134,519.188,852,screening_4p4,BG1_first4_high_rate,G,G_ch6_app9_q9_m7_g1.32_s3_b2,6,9,9,7,1.32,3,2,0.189394,0.001000,0-2-1-3,200,16,True,71
G_ch6_app9_q9_m7_g1.32_s3_b3,fixed,4.4,16,1,0.06250000,0.01111934,0.28328738,8157,0.0603471236,6.875000,0.481966,6.533333,12,0.062500,0,15,1,170,170,0,11578,1590544,1590544,380397,380397,1.000000,123918.062500,1,15,190131,1792558,488.125,852,screening_4p4,BG1_first4_high_rate,G,G_ch6_app9_q9_m7_g1.32_s3_b3,6,9,9,7,1.32,3,3,0.284091,0.001000,0-2-1-3,200,16,True,71
G_ch6_app9_q9_m7_g1.32_s3_b4,fixed,4.4,16,1,0.06250000,0.01111934,0.28328738,8099,0.0599180279,6.812500,0.467429,6.466667,12,0.062500,0,15,1,170,170,0,8216,1552288,1552288,338853,338853,1.000000,118720.437500,1,15,181693,1717834,483.688,852,screening_4p4,BG1_first4_high_rate,G,G_ch6_app9_q9_m7_g1.32_s3_b4,6,9,9,7,1.32,3,4,0.378788,0.001000,0-2-1-3,200,16,True,71
G_ch6_app9_q9_m7_g1.32_s3_b5,fixed,4.4,16,1,0.06250000,0.01111934,0.28328738,8114,0.0600290009,7.187500,0.439875,6.866667,12,0.062500,0,15,1,170,170,0,8274,1644804,1644804,409513,409513,1.000000,128922.562500,1,15,186237,1876524,510.312,852,screening_4p4,BG1_first4_high_rate,G,G_ch6_app9_q9_m7_g1.32_s3_b5,6,9,9,7,1.32,3,5,0.473485,0.001000,0-2-1-3,200,16,True,71
G_ch6_app9_q9_m7_g1.32_s3_b6,fixed,4.4,16,1,0.06250000,0.01111934,0.28328738,8156,0.0603397254,7.437500,0.456150,7.133333,12,0.062500,0,15,1,170,170,0,6013,1641165,1641165,335825,335825,1.000000,123948.312500,1,15,186874,1796299,528.062,852,screening_4p4,BG1_first4_high_rate,G,G_ch6_app9_q9_m7_g1.32_s3_b6,6,9,9,7,1.32,3,6,0.568182,0.001000,0-2-1-3,200,16,True,71
G_ch6_app9_q9_m7_g1.32_s3_b7,fixed,4.4,16,1,0.06250000,0.01111934,0.28328738,8144,0.0602509470,8.312500,0.505954,8.066667,12,0.062500,0,15,1,170,170,0,5346,1822447,1822447,357962,357962,1.000000,136620.312500,1,15,192851,1993074,590.188,852,screening_4p4,BG1_first4_high_rate,G,G_ch6_app9_q9_m7_g1.32_s3_b7,6,9,9,7,1.32,3,7,0.662879,0.001000,0-2-1-3,200,16,True,71
G_ch6_app9_q9_m7_g1.32_s3_b8,fixed,4.4,16,5,0.31250000,0.14164644,0.55595644,8161,0.0603767164,9.312500,0.505954,8.090909,12,0.312500,0,11,5,170,170,0,2302,1952561,1952561,199136,199136,1.000000,134635.562500,5,11,811113,1343056,661.188,852,screening_4p4,BG1_first4_high_rate,G,G_ch6_app9_q9_m7_g1.32_s3_b8,6,9,9,7,1.32,3,8,0.757576,0.001000,0-2-1-3,200,16,True,71
G_ch6_app9_q9_m7_g1.542_s3_b0,fixed,4.4,16,13,0.81250000,0.56991119,0.93408401,34480,0.2550899621,10.750000,0.673919,5.333333,12,0.812500,0,3,13,1574,1574,0,32159,2527401,2527401,377038,377038,1.000000,183635.750000,13,3,2554933,383239,763.250,852,screening_4p4,BG1_first4_high_rate,G,G_ch6_app9_q9_m7_g1.542_s3_b0,6,9,9,7,1.542,3,0,0.000000,0.009968,0-2-1-3,200,16,True,71
G_ch6_app9_q9_m7_g1.542_s3_b1,fixed,4.4,16,7,0.43750000,0.23098652,0.66821444,25035,0.1852139560,9.187500,0.748436,7.000000,12,0.500000,0,9,7,1574,1574,0,38364,2327408,2327408,493038,493038,1.000000,178774.000000,7,9,1386018,1474366,652.312,852,screening_4p4,BG1_first4_high_rate,G,G_ch6_app9_q9_m7_g1.542_s3_b1,6,9,9,7,1.542,3,1,0.081064,0.009968,0-2-1-3,200,16,True,71
G_ch6_app9_q9_m7_g1.542_s3_b2,fixed,4.4,16,3,0.18750000,0.06591599,0.43008881,20497,0.1516409209,7.625000,0.670044,6.615385,12,0.187500,0,13,3,1574,1574,0,32751,2042251,2042251,487698,487698,1.000000,160267.125000,3,13,625231,1939043,541.375,852,screening_4p4,BG1_first4_high_rate,G,G_ch6_app9_q9_m7_g1.542_s3_b2,6,9,9,7,1.542,3,2,0.162127,0.009968,0-2-1-3,200,16,True,71
G_ch6_app9_q9_m7_g1.542_s3_b3,fixed,4.4,16,3,0.18750000,0.06591599,0.43008881,22953,0.1698109020,7.250000,0.635741,6.153846,12,0.187500,0,13,3,1574,1574,0,29765,1964835,1964835,510277,510277,1.000000,156653.187500,3,13,668253,1838198,514.750,852,screening_4p4,BG1_first4_high_rate,G,G_ch6_app9_q9_m7_g1.542_s3_b3,6,9,9,7,1.542,3,3,0.243191,0.009968,0-2-1-3,200,16,True,71
G_ch6_app9_q9_m7_g1.542_s3_b4,fixed,4.4,16,1,0.06250000,0.01111934,0.28328738,8152,0.0603101326,6.875000,0.446047,6.533333,12,0.062500,0,15,1,1574,1574,0,23710,1930386,1930386,514943,514943,1.000000,154413.312500,1,15,204514,2266099,488.125,852,screening_4p4,BG1_first4_high_rate,G,G_ch6_app9_q9_m7_g1.542_s3_b4,6,9,9,7,1.542,3,4,0.324254,0.009968,0-2-1-3,200,16,True,71
G_ch6_app9_q9_m7_g1.542_s3_b5,fixed,4.4,16,1,0.06250000,0.01111934,0.28328738,8138,0.0602065578,6.812500,0.458428,6.466667,12,0.062500,0,15,1,1574,1574,0,20821,1858307,1858307,454892,454892,1.000000,145974.625000,1,15,200732,2134862,483.688,852,screening_4p4,BG1_first4_high_rate,G,G_ch6_app9_q9_m7_g1.542_s3_b5,6,9,9,7,1.542,3,5,0.405318,0.009968,0-2-1-3,200,16,True,71
G_ch6_app9_q9_m7_g1.542_s3_b6,fixed,4.4,16,1,0.06250000,0.01111934,0.28328738,8052,0.0595703125,7.125000,0.473242,6.800000,12,0.062500,0,15,1,1574,1574,0,18237,1958117,1958117,495179,495179,1.000000,154569.187500,1,15,203659,2269448,505.875,852,screening_4p4,BG1_first4_high_rate,G,G_ch6_app9_q9_m7_g1.542_s3_b6,6,9,9,7,1.542,3,6,0.486381,0.009968,0-2-1-3,200,16,True,71
G_ch6_app9_q9_m7_g1.542_s3_b7,fixed,4.4,16,1,0.06250000,0.01111934,0.28328738,8046,0.0595259233,7.562500,0.474067,7.266667,12,0.062500,0,15,1,1574,1574,0,16681,2070655,2070655,516764,516764,1.000000,162854.625000,1,15,208911,2396763,536.938,852,screening_4p4,BG1_first4_high_rate,G,G_ch6_app9_q9_m7_g1.542_s3_b7,6,9,9,7,1.542,3,7,0.567445,0.009968,0-2-1-3,200,16,True,71
G_ch6_app9_q9_m7_g1.542_s3_b8,fixed,4.4,16,1,0.06250000,0.01111934,0.28328738,8007,0.0592373935,8.187500,0.501820,7.933333,12,0.062500,0,15,1,1574,1574,0,11524,2268245,2268245,487379,487379,1.000000,173045.125000,1,15,225605,2543117,581.312,852,screening_4p4,BG1_first4_high_rate,G,G_ch6_app9_q9_m7_g1.542_s3_b8,6,9,9,7,1.542,3,8,0.648508,0.009968,0-2-1-3,200,16,True,71
G_ch6_app9_q9_m7_g1.542_s3_b9,fixed,4.4,16,2,0.12500000,0.03497749,0.36022827,8108,0.0599846117,9.000000,0.491596,8.571429,12,0.187500,0,14,2,1574,1574,0,11510,2421953,2421953,493543,493543,1.000000,183036.250000,2,14,433862,2494718,639.000,852,screening_4p4,BG1_first4_high_rate,G,G_ch6_app9_q9_m7_g1.542_s3_b9,6,9,9,7,1.542,3,9,0.729572,0.009968,0-2-1-3,200,16,True,71
G_ch6_app9_q9_m7_g1.542_s3_b10,fixed,4.4,16,5,0.31250000,0.14164644,0.55595644,7799,0.0576985677,9.937500,0.432712,9.000000,12,0.312500,0,11,5,1574,1574,0,8239,2586140,2586140,382402,382402,1.000000,186147.187500,5,11,979474,1998881,705.562,852,screening_4p4,BG1_first4_high_rate,G,G_ch6_app9_q9_m7_g1.542_s3_b10,6,9,9,7,1.542,3,10,0.810636,0.009968,0-2-1-3,200,16,True,71
G_ch6_app9_q9_m7_g1.821_s3_b0,fixed,4.4,16,16,1.00000000,0.80639232,1.00000000,28402,0.2101236979,12.000000,0.000000,0.000000,12,1.000000,0,0,16,8115,8115,0,56472,2708678,2708678,398751,398751,1.000000,198251.000000,16,0,3172016,0,852.000,852,screening_4p4,BG1_first4_high_rate,G,G_ch6_app9_q9_m7_g1.821_s3_b0,6,9,9,7,1.821,3,0,0.000000,0.050018,0-2-1-3,200,16,True,71
G_ch6_app9_q9_m7_g1.821_s3_b2,fixed,4.4,16,12,0.75000000,0.50501683,0.89817933,52221,0.3863414418,10.437500,0.701004,5.750000,12,0.750000,0,4,12,8115,8115,0,63191,2411377,2411377,570116,570116,1.000000,190799.937500,12,4,2428251,624548,741.062,852,screening_4p4,BG1_first4_high_rate,G,G_ch6_app9_q9_m7_g1.821_s3_b2,6,9,9,7,1.821,3,2,0.137287,0.050018,0-2-1-3,200,16,True,71
G_ch6_app9_q9_m7_g1.821_s3_b3,fixed,4.4,16,9,0.56250000,0.33178556,0.76901348,49917,0.3692959872,9.312500,0.804771,5.857143,12,0.562500,0,7,9,8115,8115,0,59913,2326643,2326643,615157,615157,1.000000,188114.250000,9,7,1895293,1114535,661.188,852,screening_4p4,BG1_first4_high_rate,G,G_ch6_app9_q9_m7_g1.821_s3_b3,6,9,9,7,1.821,3,3,0.205931,0.050018,0-2-1-3,200,16,True,71
G_ch6_app9_q9_m7_g1.821_s3_b4,fixed,4.4,16,7,0.43750000,0.23098652,0.66821444,43306,0.3203864820,8.500000,0.816497,5.777778,12,0.437500,0,9,7,8115,8115,0,50936,2238873,2238873,621502,621502,1.000000,182464.125000,7,9,1497791,1421635,603.500,852,screening_4p4,BG1_first4_high_rate,G,G_ch6_app9_q9_m7_g1.821_s3_b4,6,9,9,7,1.821,3,4,0.274574,0.050018,0-2-1-3,200,16,True,71
G_ch6_app9_q9_m7_g1.821_s3_b5,fixed,4.4,16,6,0.37500000,0.18481233,0.61358959,43065,0.3186035156,8.125000,0.795168,5.800000,12,0.375000,0,10,6,8115,8115,0,48258,2217646,2217646,639125,639125,1.000000,182071.500000,6,10,1347430,1565714,576.875,852,screening_4p4,BG1_first4_high_rate,G,G_ch6_app9_q9_m7_g1.821_s3_b5,6,9,9,7,1.821,3,5,0.343218,0.050018,0-2-1-3,200,16,True,71
G_ch6_app9_q9_m7_g1.821_s3_b6,fixed,4.4,16,5,0.31250000,0.14164644,0.55595644,35680,0.2639678030,7.875000,0.746520,6.000000,12,0.312500,0,11,5,8115,8115,0,42557,2246650,2246650,651959,651959,1.000000,184330.062500,5,11,1164256,1785025,559.125,852,screening_4p4,BG1_first4_high_rate,G,G_ch6_app9_q9_m7_g1.821_s3_b6,6,9,9,7,1.821,3,6,0.411862,0.050018,0-2-1-3,200,16,True,71
G_ch6_app9_q9_m7_g1.821_s3_b7,fixed,4.4,16,1,0.06250000,0.01111934,0.28328738,7924,0.0586233428,7.125000,0.446047,6.800000,12,0.062500,0,15,1,8115,8115,0,39044,2254465,2254465,678837,678837,1.000000,186278.812500,1,15,216673,2763788,505.875,852,screening_4p4,BG1_first4_high_rate,G,G_ch6_app9_q9_m7_g1.821_s3_b7,6,9,9,7,1.821,3,7,0.480505,0.050018,0-2-1-3,200,16,True,71
G_ch6_app9_q9_m7_g1.821_s3_b8,fixed,4.4,16,1,0.06250000,0.01111934,0.28328738,7958,0.0588748816,7.500000,0.456435,7.200000,12,0.062500,0,15,1,8115,8115,0,29282,2404304,2404304,681584,681584,1.000000,195205.312500,1,15,226426,2896859,532.500,852,screening_4p4,BG1_first4_high_rate,G,G_ch6_app9_q9_m7_g1.821_s3_b8,6,9,9,7,1.821,3,8,0.549149,0.050018,0-2-1-3,200,16,True,71
G_ch6_app9_q9_m7_g1.821_s3_b9,fixed,4.4,16,1,0.06250000,0.01111934,0.28328738,7907,0.0584975734,7.687500,0.453861,7.400000,12,0.062500,0,15,1,8115,8115,0,29779,2407209,2407209,642148,642148,1.000000,192953.187500,1,15,232909,2854342,545.812,852,screening_4p4,BG1_first4_high_rate,G,G_ch6_app9_q9_m7_g1.821_s3_b9,6,9,9,7,1.821,3,9,0.617792,0.050018,0-2-1-3,200,16,True,71
G_ch6_app9_q9_m7_g1.821_s3_b10,fixed,4.4,16,1,0.06250000,0.01111934,0.28328738,7960,0.0588896780,8.375000,0.473242,8.133333,12,0.062500,0,15,1,8115,8115,0,27238,2631539,2631539,662960,662960,1.000000,208115.750000,1,15,244297,3085555,594.625,852,screening_4p4,BG1_first4_high_rate,G,G_ch6_app9_q9_m7_g1.821_s3_b10,6,9,9,7,1.821,3,10,0.686436,0.050018,0-2-1-3,200,16,True,71
G_ch6_app9_q9_m7_g1.821_s3_b11,fixed,4.4,16,4,0.25000000,0.10182067,0.49498317,7948,0.0588008996,9.375000,0.490535,8.500000,12,0.312500,0,12,4,8115,8115,0,25007,2931521,2931521,661389,661389,1.000000,226627.000000,4,12,1054636,2571396,665.625,852,screening_4p4,BG1_first4_high_rate,G,G_ch6_app9_q9_m7_g1.821_s3_b11,6,9,9,7,1.821,3,11,0.755080,0.050018,0-2-1-3,200,16,True,71
G_ch6_app9_q9_m7_g2.012_s3_b0,fixed,4.4,16,16,1.00000000,0.80639232,1.00000000,15806,0.1169359612,12.000000,0.000000,0.000000,12,1.000000,0,0,16,15997,15997,0,67621,2749960,2749960,364908,364908,1.000000,199905.375000,16,0,3198486,0,852.000,852,screening_4p4,BG1_first4_high_rate,G,G_ch6_app9_q9_m7_g2.012_s3_b0,6,9,9,7,2.012,3,0,0.000000,0.100048,0-2-1-3,200,16,True,71
G_ch6_app9_q9_m7_g2.012_s3_b2,fixed,4.4,16,13,0.81250000,0.56991119,0.93408401,31121,0.2302394058,10.750000,0.673919,5.333333,12,0.812500,0,3,13,15997,15997,0,80038,2505426,2505426,561174,561174,1.000000,197664.687500,13,3,2698403,464232,763.250,852,screening_4p4,BG1_first4_high_rate,G,G_ch6_app9_q9_m7_g2.012_s3_b2,6,9,9,7,2.012,3,2,0.124254,0.100048,0-2-1-3,200,16,True,71
G_ch6_app9_q9_m7_g2.012_s3_b3,fixed,4.4,16,13,0.81250000,0.56991119,0.93408401,49770,0.3682084517,10.750000,0.673919,5.333333,12,0.812500,0,3,13,15997,15997,0,78718,2409936,2409936,614748,614748,1.000000,194962.437500,13,3,2637239,482160,763.250,852,screening_4p4,BG1_first4_high_rate,G,G_ch6_app9_q9_m7_g2.012_s3_b3,6,9,9,7,2.012,3,3,0.186382,0.100048,0-2-1-3,200,16,True,71
G_ch6_app9_q9_m7_g2.012_s3_b4,fixed,4.4,16,10,0.62500000,0.38641041,0.81518767,39484,0.2921105587,9.562500,0.821425,5.500000,12,0.625000,0,6,10,15997,15997,0,67161,2319823,2319823,615330,615330,1.000000,188644.437500,10,6,2049132,969179,678.938,852,screening_4p4,BG1_first4_high_rate,G,G_ch6_app9_q9_m7_g2.012_s3_b4,6,9,9,7,2.012,3,4,0.248509,0.100048,0-2-1-3,200,16,True,71
G_ch6_app9_q9_m7_g2.012_s3_b5,fixed,4.4,16,9,0.56250000,0.33178556,0.76901348,52705,0.3899221709,9.187500,0.827742,5.571429,12,0.562500,0,7,9,15997,15997,0,68290,2357265,2357265,710315,710315,1.000000,196991.687500,9,7,1970064,1181803,652.312,852,screening_4p4,BG1_first4_high_rate,G,G_ch6_app9_q9_m7_g2.012_s3_b5,6,9,9,7,2.012,3,5,0.310636,0.100048,0-2-1-3,200,16,True,71
G_ch6_app9_q9_m7_g2.012_s3_b6,fixed,4.4,16,9,0.56250000,0.33178556,0.76901348,61183,0.4526441170,9.250000,0.808806,5.714286,12,0.562500,0,7,9,15997,15997,0,61381,2406578,2406578,734900,734900,1.000000,201178.500000,9,7,2029577,1189279,656.750,852,screening_4p4,BG1_first4_high_rate,G,G_ch6_app9_q9_m7_g2.012_s3_b6,6,9,9,7,2.012,3,6,0.372763,0.100048,0-2-1-3,200,16,True,71
G_ch6_app9_q9_m7_g2.012_s3_b7,fixed,4.4,16,7,0.43750000,0.23098652,0.66821444,45950,0.3399473248,8.562500,0.790405,5.888889,12,0.437500,0,9,7,15997,15997,0,57356,2402145,2402145,741854,741854,1.000000,201084.500000,7,9,1643971,1573381,607.938,852,screening_4p4,BG1_first4_high_rate,G,G_ch6_app9_q9_m7_g2.012_s3_b7,6,9,9,7,2.012,3,7,0.434891,0.100048,0-2-1-3,200,16,True,71
G_ch6_app9_q9_m7_g2.012_s3_b8,fixed,4.4,16,3,0.18750000,0.06591599,0.43008881,21394,0.1582771070,7.562500,0.584300,6.538462,12,0.187500,0,13,3,15997,15997,0,42151,2454308,2454308,735298,735298,1.000000,202984.625000,3,13,765380,2482374,536.938,852,screening_4p4,BG1_first4_high_rate,G,G_ch6_app9_q9_m7_g2.012_s3_b8,6,9,9,7,2.012,3,8,0.497018,0.100048,0-2-1-3,200,16,True,71
G_ch6_app9_q9_m7_g2.012_s3_b9,fixed,4.4,16,2,0.12500000,0.03497749,0.36022827,14330,0.1060162169,7.562500,0.532046,6.928571,12,0.125000,0,14,2,15997,15997,0,45110,2467792,2467792,744088,744088,1.000000,204561.687500,2,14,490954,2782033,536.938,852,screening_4p4,BG1_first4_high_rate,G,G_ch6_app9_q9_m7_g2.012_s3_b9,6,9,9,7,2.012,3,9,0.559145,0.100048,0-2-1-3,200,16,True,71
G_ch6_app9_q9_m7_g2.012_s3_b10,fixed,4.4,16,2,0.12500000,0.03497749,0.36022827,14129,0.1045291785,8.000000,0.508265,7.428571,12,0.125000,0,14,2,15997,15997,0,43108,2650376,2650376,793475,793475,1.000000,218934.750000,2,14,521094,2981862,568.000,852,screening_4p4,BG1_first4_high_rate,G,G_ch6_app9_q9_m7_g2.012_s3_b10,6,9,9,7,2.012,3,10,0.621272,0.100048,0-2-1-3,200,16,True,71
G_ch6_app9_q9_m7_g2.012_s3_b12,fixed,4.4,16,4,0.25000000,0.10182067,0.49498317,14616,0.1081321023,9.312500,0.545579,8.416667,12,0.375000,0,12,4,15997,15997,0,33959,3088210,3088210,775801,775801,1.000000,244622.937500,4,12,1138953,2775014,661.188,852,screening_4p4,BG1_first4_high_rate,G,G_ch6_app9_q9_m7_g2.012_s3_b12,6,9,9,7,2.012,3,12,0.745527,0.100048,0-2-1-3,200,16,True,71
G_ch6_app9_q9_m7_g2.012_s3_b13,fixed,4.4,16,5,0.31250000,0.14164644,0.55595644,8085,0.0598144531,9.812500,0.467429,8.818182,12,0.312500,0,11,5,15997,15997,0,29396,3232113,3232113,641848,641848,1.000000,244959.625000,5,11,1319787,2599567,696.688,852,screening_4p4,BG1_first4_high_rate,G,G_ch6_app9_q9_m7_g2.012_s3_b13,6,9,9,7,2.012,3,13,0.807654,0.100048,0-2-1-3,200,16,True,71
G_ch6_app9_q9_m7_g2.311_s3_b0,fixed,4.4,16,16,1.00000000,0.80639232,1.00000000,12673,0.0937573982,12.000000,0.000000,0.000000,12,1.000000,0,0,16,31902,31902,0,81377,2804011,2804011,359676,359676,1.000000,204810.375000,16,0,3276966,0,852.000,852,screening_4p4,BG1_first4_high_rate,G,G_ch6_app9_q9_m7_g2.311_s3_b0,6,9,9,7,2.311,3,0,0.000000,0.199943,0-2-1-3,200,16,True,71
G_ch6_app9_q9_m7_g2.311_s3_b2,fixed,4.4,16,16,1.00000000,0.80639232,1.00000000,23503,0.1738799124,12.000000,0.000000,0.000000,12,1.000000,0,0,16,31902,31902,0,95835,2620259,2620259,488977,488977,1.000000,202310.812500,16,0,3236973,0,852.000,852,screening_4p4,BG1_first4_high_rate,G,G_ch6_app9_q9_m7_g2.311_s3_b2,6,9,9,7,2.311,3,2,0.108178,0.199943,0-2-1-3,200,16,True,71
G_ch6_app9_q9_m7_g2.311_s3_b3,fixed,4.4,16,16,1.00000000,0.80639232,1.00000000,38143,0.2821895715,12.000000,0.000000,0.000000,12,1.000000,0,0,16,31902,31902,0,94974,2537297,2537297,542095,542095,1.000000,200391.750000,16,0,3206268,0,852.000,852,screening_4p4,BG1_first4_high_rate,G,G_ch6_app9_q9_m7_g2.311_s3_b3,6,9,9,7,2.311,3,3,0.162267,0.199943,0-2-1-3,200,16,True,71
G_ch6_app9_q9_m7_g2.311_s3_b4,fixed,4.4,16,15,0.93750000,0.71671262,0.98888066,42430,0.3139056581,11.562500,0.437500,5.000000,12,0.937500,0,1,15,31902,31902,0,86679,2480587,2480587,586496,586496,1.000000,199104.000000,15,1,3024446,161218,820.938,852,screening_4p4,BG1_first4_high_rate,G,G_ch6_app9_q9_m7_g2.311_s3_b4,6,9,9,7,2.311,3,4,0.216357,0.199943,0-2-1-3,200,16,True,71
G_ch6_app9_q9_m7_g2.311_s3_b5,fixed,4.4,16,14,0.87500000,0.63977173,0.96502251,49014,0.3626154119,11.125000,0.597739,5.000000,12,0.875000,0,2,14,31902,31902,0,90176,2468155,2468155,651096,651096,1.000000,202583.062500,14,2,2907787,333542,789.875,852,screening_4p4,BG1_first4_high_rate,G,G_ch6_app9_q9_m7_g2.311_s3_b5,6,9,9,7,2.311,3,5,0.270446,0.199943,0-2-1-3,200,16,True,71
G_ch6_app9_q9_m7_g2.311_s3_b6,fixed,4.4,16,13,0.81250000,0.56991119,0.93408401,55995,0.4142622514,10.875000,0.625000,6.000000,12,0.812500,0,3,13,31902,31902,0,83893,2481853,2481853,695590,695590,1.000000,205827.375000,13,3,2719784,573454,772.125,852,screening_4p4,BG1_first4_high_rate,G,G_ch6_app9_q9_m7_g2.311_s3_b6,6,9,9,7,2.311,3,6,0.324535,0.199943,0-2-1-3,200,16,True,71
G_ch6_app9_q9_m7_g2.311_s3_b7,fixed,4.4,16,10,0.62500000,0.38641041,0.81518767,47393,0.3506229285,9.562500,0.816337,5.500000,12,0.625000,0,6,10,31902,31902,0,80829,2429109,2429109,708231,708231,1.000000,203129.437500,10,6,2209690,1040381,678.938,852,screening_4p4,BG1_first4_high_rate,G,G_ch6_app9_q9_m7_g2.311_s3_b7,6,9,9,7,2.311,3,7,0.378624,0.199943,0-2-1-3,200,16,True,71
G_ch6_app9_q9_m7_g2.311_s3_b8,fixed,4.4,16,7,0.43750000,0.23098652,0.66821444,35557,0.2630578243,8.562500,0.800878,5.888889,12,0.437500,0,9,7,31902,31902,0,62418,2457294,2457294,719594,719594,1.000000,204450.500000,7,9,1610089,1661119,607.938,852,screening_4p4,BG1_first4_high_rate,G,G_ch6_app9_q9_m7_g2.311_s3_b8,6,9,9,7,2.311,3,8,0.432713,0.199943,0-2-1-3,200,16,True,71
G_ch6_app9_q9_m7_g2.311_s3_b9,fixed,4.4,16,7,0.43750000,0.23098652,0.66821444,43586,0.3224579782,8.750000,0.761030,6.222222,12,0.437500,0,9,7,31902,31902,0,69283,2565525,2565525,819525,819525,1.000000,217889.687500,7,9,1702378,1783857,621.250,852,screening_4p4,BG1_first4_high_rate,G,G_ch6_app9_q9_m7_g2.311_s3_b9,6,9,9,7,2.311,3,9,0.486802,0.199943,0-2-1-3,200,16,True,71
G_ch6_app9_q9_m7_g2.311_s3_b10,fixed,4.4,16,7,0.43750000,0.23098652,0.66821444,41233,0.3050500118,8.750000,0.750000,6.222222,12,0.437500,0,9,7,31902,31902,0,63663,2612412,2612412,805788,805788,1.000000,219610.312500,7,9,1755245,1758520,621.250,852,screening_4p4,BG1_first4_high_rate,G,G_ch6_app9_q9_m7_g2.311_s3_b10,6,9,9,7,2.311,3,10,0.540891,0.199943,0-2-1-3,200,16,True,71
G_ch6_app9_q9_m7_g2.311_s3_b11,fixed,4.4,16,4,0.25000000,0.10182067,0.49498317,25884,0.1914950284,8.250000,0.602080,7.000000,12,0.250000,0,12,4,31902,31902,0,63147,2745738,2745738,871754,871754,1.000000,232033.812500,4,12,1074972,2637569,585.750,852,screening_4p4,BG1_first4_high_rate,G,G_ch6_app9_q9_m7_g2.311_s3_b11,6,9,9,7,2.311,3,11,0.594981,0.199943,0-2-1-3,200,16,True,71
G_ch6_app9_q9_m7_g2.311_s3_b12,fixed,4.4,16,3,0.18750000,0.06591599,0.43008881,21216,0.1569602273,8.437500,0.569859,7.615385,12,0.187500,0,13,3,31902,31902,0,53273,2835523,2835523,830305,830305,1.000000,234437.687500,3,13,769951,2981052,599.062,852,screening_4p4,BG1_first4_high_rate,G,G_ch6_app9_q9_m7_g2.311_s3_b12,6,9,9,7,2.311,3,12,0.649070,0.199943,0-2-1-3,200,16,True,71
G_ch6_app9_q9_m7_g2.311_s3_b13,fixed,4.4,16,3,0.18750000,0.06591599,0.43008881,19006,0.1406102036,8.937500,0.573503,8.230769,12,0.312500,0,13,3,31902,31902,0,55705,3108393,3108393,901064,901064,1.000000,256066.500000,3,13,876945,3220119,634.562,852,screening_4p4,BG1_first4_high_rate,G,G_ch6_app9_q9_m7_g2.311_s3_b13,6,9,9,7,2.311,3,13,0.703159,0.199943,0-2-1-3,200,16,True,71
G_ch6_app9_q9_m7_g2.311_s3_b14,fixed,4.4,16,4,0.25000000,0.10182067,0.49498317,13366,0.0988843513,9.500000,0.524404,8.666667,12,0.375000,0,12,4,31902,31902,0,51752,3354213,3354213,899930,899930,1.000000,271112.312500,4,12,1213782,3124015,674.500,852,screening_4p4,BG1_first4_high_rate,G,G_ch6_app9_q9_m7_g2.311_s3_b14,6,9,9,7,2.311,3,14,0.757248,0.199943,0-2-1-3,200,16,True,71
