label,model,EbN0_dB,blocks,block_errors,BLER,BLER_CI95_low,BLER_CI95_high,bit_errors_info,BER,avg_iterations,avg_iteration_se,avg_success_iterations,max_iterations_observed,fraction_reaching_max_iterations,undetected_errors,syndrome_pass_count,convergence_failures,channel_saturation_count,q_sub_saturation_count,min_input_clip_count,app_add_saturation_count,saturation_block_fraction,saturation_events_per_block,saturation_error_blocks,saturation_clean_blocks,saturation_error_events,saturation_clean_events,expected_core_cycles,worst_configured_core_cycles,stage,profile,candidate,w_CH,w_APP,w_q,w_M,channel_gain,beta,beta_equiv,layer_order,requested_stop_errors,requested_stop_blocks,requested_stop_completed,iteration_boundary_cycles
A_g0.288_b0,fixed,4.9,4,0,0.00000000,0.00000000,0.48989084,0,0.0000000000,5.500000,0.288675,5.500000,6,0.000000,0,4,0,33,0,0,0,1.000000,8.250000,0,4,0,33,390.500,852,beta_scale_calibration,BG1_first4_high_rate,A,4,6,6,5,0.288,0,0.000000,0-2-1-3,200,4,True,71
A_g0.288_b1,fixed,4.9,4,4,1.00000000,0.51010916,1.00000000,85,0.0025153883,12.000000,0.000000,0.000000,12,1.000000,0,0,4,33,0,0,0,1.000000,8.250000,4,0,33,0,852.000,852,beta_scale_calibration,BG1_first4_high_rate,A,4,6,6,5,0.288,1,3.472222,0-2-1-3,200,4,True,71
A_g0.288_b2,fixed,4.9,4,4,1.00000000,0.51010916,1.00000000,85,0.0025153883,12.000000,0.000000,0.000000,12,1.000000,0,0,4,33,0,0,0,1.000000,8.250000,4,0,33,0,852.000,852,beta_scale_calibration,BG1_first4_high_rate,A,4,6,6,5,0.288,2,6.944444,0-2-1-3,200,4,True,71
A_g0.288_b3,fixed,4.9,4,4,1.00000000,0.51010916,1.00000000,85,0.0025153883,12.000000,0.000000,0.000000,12,1.000000,0,0,4,33,0,0,0,1.000000,8.250000,4,0,33,0,852.000,852,beta_scale_calibration,BG1_first4_high_rate,A,4,6,6,5,0.288,3,10.416667,0-2-1-3,200,4,True,71
A_g0.288_b4,fixed,4.9,4,4,1.00000000,0.51010916,1.00000000,85,0.0025153883,12.000000,0.000000,0.000000,12,1.000000,0,0,4,33,0,0,0,1.000000,8.250000,4,0,33,0,852.000,852,beta_scale_calibration,BG1_first4_high_rate,A,4,6,6,5,0.288,4,13.888889,0-2-1-3,200,4,True,71
A_g0.288_b5,fixed,4.9,4,4,1.00000000,0.51010916,1.00000000,85,0.0025153883,12.000000,0.000000,0.000000,12,1.000000,0,0,4,33,0,0,0,1.000000,8.250000,4,0,33,0,852.000,852,beta_scale_calibration,BG1_first4_high_rate,A,4,6,6,5,0.288,5,17.361111,0-2-1-3,200,4,True,71
A_g0.288_b6,fixed,4.9,4,4,1.00000000,0.51010916,1.00000000,85,0.0025153883,12.000000,0.000000,0.000000,12,1.000000,0,0,4,33,0,0,0,1.000000,8.250000,4,0,33,0,852.000,852,beta_scale_calibration,BG1_first4_high_rate,A,4,6,6,5,0.288,6,20.833333,0-2-1-3,200,4,True,71
A_g0.288_b7,fixed,4.9,4,4,1.00000000,0.51010916,1.00000000,85,0.0025153883,12.000000,0.000000,0.000000,12,1.000000,0,0,4,33,0,0,0,1.000000,8.250000,4,0,33,0,852.000,852,beta_scale_calibration,BG1_first4_high_rate,A,4,6,6,5,0.288,7,24.305556,0-2-1-3,200,4,True,71
A_g0.337_b0,fixed,4.9,4,0,0.00000000,0.00000000,0.48989084,0,0.0000000000,4.750000,0.478714,4.750000,6,0.000000,0,4,0,412,0,0,0,1.000000,103.000000,0,4,0,412,337.250,852,beta_scale_calibration,BG1_first4_high_rate,A,4,6,6,5,0.337,0,0.000000,0-2-1-3,200,4,True,71
A_g0.337_b1,fixed,4.9,4,4,1.00000000,0.51010916,1.00000000,100,0.0029592803,12.000000,0.000000,0.000000,12,1.000000,0,0,4,412,0,0,0,1.000000,103.000000,4,0,412,0,852.000,852,beta_scale_calibration,BG1_first4_high_rate,A,4,6,6,5,0.337,1,2.967359,0-2-1-3,200,4,True,71
A_g0.337_b2,fixed,4.9,4,4,1.00000000,0.51010916,1.00000000,99,0.0029296875,12.000000,0.000000,0.000000,12,1.000000,0,0,4,412,0,0,0,1.000000,103.000000,4,0,412,0,852.000,852,beta_scale_calibration,BG1_first4_high_rate,A,4,6,6,5,0.337,2,5.934718,0-2-1-3,200,4,True,71
A_g0.337_b3,fixed,4.9,4,4,1.00000000,0.51010916,1.00000000,99,0.0029296875,12.000000,0.000000,0.000000,12,1.000000,0,0,4,412,0,0,0,1.000000,103.000000,4,0,412,0,852.000,852,beta_scale_calibration,BG1_first4_high_rate,A,4,6,6,5,0.337,3,8.902077,0-2-1-3,200,4,True,71
A_g0.337_b4,fixed,4.9,4,4,1.00000000,0.51010916,1.00000000,99,0.0029296875,12.000000,0.000000,0.000000,12,1.000000,0,0,4,412,0,0,0,1.000000,103.000000,4,0,412,0,852.000,852,beta_scale_calibration,BG1_first4_high_rate,A,4,6,6,5,0.337,4,11.869436,0-2-1-3,200,4,True,71
A_g0.337_b5,fixed,4.9,4,4,1.00000000,0.51010916,1.00000000,99,0.0029296875,12.000000,0.000000,0.000000,12,1.000000,0,0,4,412,0,0,0,1.000000,103.000000,4,0,412,0,852.000,852,beta_scale_calibration,BG1_first4_high_rate,A,4,6,6,5,0.337,5,14.836795,0-2-1-3,200,4,True,71
A_g0.337_b6,fixed,4.9,4,4,1.00000000,0.51010916,1.00000000,99,0.0029296875,12.000000,0.000000,0.000000,12,1.000000,0,0,4,412,0,0,0,1.000000,103.000000,4,0,412,0,852.000,852,beta_scale_calibration,BG1_first4_high_rate,A,4,6,6,5,0.337,6,17.804154,0-2-1-3,200,4,True,71
A_g0.337_b7,fixed,4.9,4,4,1.00000000,0.51010916,1.00000000,99,0.0029296875,12.000000,0.000000,0.000000,12,1.000000,0,0,4,412,0,0,0,1.000000,103.000000,4,0,412,0,852.000,852,beta_scale_calibration,BG1_first4_high_rate,A,4,6,6,5,0.337,7,20.771513,0-2-1-3,200,4,True,71
A_g0.395_b0,fixed,4.9,4,0,0.00000000,0.00000000,0.48989084,0,0.0000000000,4.750000,0.478714,4.750000,6,0.000000,0,4,0,2007,0,0,3,1.000000,502.500000,0,4,0,2010,337.250,852,beta_scale_calibration,BG1_first4_high_rate,A,4,6,6,5,0.395,0,0.000000,0-2-1-3,200,4,True,71
A_g0.395_b1,fixed,4.9,4,4,1.00000000,0.51010916,1.00000000,121,0.0035807292,12.000000,0.000000,0.000000,12,1.000000,0,0,4,2007,0,0,0,1.000000,501.750000,4,0,2007,0,852.000,852,beta_scale_calibration,BG1_first4_high_rate,A,4,6,6,5,0.395,1,2.531646,0-2-1-3,200,4,True,71
A_g0.395_b2,fixed,4.9,4,4,1.00000000,0.51010916,1.00000000,114,0.0033735795,12.000000,0.000000,0.000000,12,1.000000,0,0,4,2007,0,0,0,1.000000,501.750000,4,0,2007,0,852.000,852,beta_scale_calibration,BG1_first4_high_rate,A,4,6,6,5,0.395,2,5.063291,0-2-1-3,200,4,True,71
A_g0.395_b3,fixed,4.9,4,4,1.00000000,0.51010916,1.00000000,114,0.0033735795,12.000000,0.000000,0.000000,12,1.000000,0,0,4,2007,0,0,0,1.000000,501.750000,4,0,2007,0,852.000,852,beta_scale_calibration,BG1_first4_high_rate,A,4,6,6,5,0.395,3,7.594937,0-2-1-3,200,4,True,71
A_g0.395_b4,fixed,4.9,4,4,1.00000000,0.51010916,1.00000000,114,0.0033735795,12.000000,0.000000,0.000000,12,1.000000,0,0,4,2007,0,0,0,1.000000,501.750000,4,0,2007,0,852.000,852,beta_scale_calibration,BG1_first4_high_rate,A,4,6,6,5,0.395,4,10.126582,0-2-1-3,200,4,True,71
A_g0.395_b5,fixed,4.9,4,4,1.00000000,0.51010916,1.00000000,114,0.0033735795,12.000000,0.000000,0.000000,12,1.000000,0,0,4,2007,0,0,0,1.000000,501.750000,4,0,2007,0,852.000,852,beta_scale_calibration,BG1_first4_high_rate,A,4,6,6,5,0.395,5,12.658228,0-2-1-3,200,4,True,71
A_g0.395_b6,fixed,4.9,4,4,1.00000000,0.51010916,1.00000000,114,0.0033735795,12.000000,0.000000,0.000000,12,1.000000,0,0,4,2007,0,0,0,1.000000,501.750000,4,0,2007,0,852.000,852,beta_scale_calibration,BG1_first4_high_rate,A,4,6,6,5,0.395,6,15.189873,0-2-1-3,200,4,True,71
A_g0.395_b7,fixed,4.9,4,4,1.00000000,0.51010916,1.00000000,114,0.0033735795,12.000000,0.000000,0.000000,12,1.000000,0,0,4,2007,0,0,0,1.000000,501.750000,4,0,2007,0,852.000,852,beta_scale_calibration,BG1_first4_high_rate,A,4,6,6,5,0.395,7,17.721519,0-2-1-3,200,4,True,71
A_g0.436_b0,fixed,4.9,4,0,0.00000000,0.00000000,0.48989084,0,0.0000000000,4.250000,0.250000,4.250000,5,0.000000,0,4,0,4021,0,0,0,1.000000,1005.250000,0,4,0,4021,301.750,852,beta_scale_calibration,BG1_first4_high_rate,A,4,6,6,5,0.436,0,0.000000,0-2-1-3,200,4,True,71
A_g0.436_b1,fixed,4.9,4,4,1.00000000,0.51010916,1.00000000,134,0.0039654356,12.000000,0.000000,0.000000,12,1.000000,0,0,4,4021,0,0,0,1.000000,1005.250000,4,0,4021,0,852.000,852,beta_scale_calibration,BG1_first4_high_rate,A,4,6,6,5,0.436,1,2.293578,0-2-1-3,200,4,True,71
A_g0.436_b2,fixed,4.9,4,4,1.00000000,0.51010916,1.00000000,119,0.0035215436,12.000000,0.000000,0.000000,12,1.000000,0,0,4,4021,0,0,0,1.000000,1005.250000,4,0,4021,0,852.000,852,beta_scale_calibration,BG1_first4_high_rate,A,4,6,6,5,0.436,2,4.587156,0-2-1-3,200,4,True,71
A_g0.436_b3,fixed,4.9,4,4,1.00000000,0.51010916,1.00000000,119,0.0035215436,12.000000,0.000000,0.000000,12,1.000000,0,0,4,4021,0,0,0,1.000000,1005.250000,4,0,4021,0,852.000,852,beta_scale_calibration,BG1_first4_high_rate,A,4,6,6,5,0.436,3,6.880734,0-2-1-3,200,4,True,71
A_g0.436_b4,fixed,4.9,4,4,1.00000000,0.51010916,1.00000000,119,0.0035215436,12.000000,0.000000,0.000000,12,1.000000,0,0,4,4021,0,0,0,1.000000,1005.250000,4,0,4021,0,852.000,852,beta_scale_calibration,BG1_first4_high_rate,A,4,6,6,5,0.436,4,9.174312,0-2-1-3,200,4,True,71
A_g0.436_b5,fixed,4.9,4,4,1.00000000,0.51010916,1.00000000,119,0.0035215436,12.000000,0.000000,0.000000,12,1.000000,0,0,4,4021,0,0,0,1.000000,1005.250000,4,0,4021,0,852.000,852,beta_scale_calibration,BG1_first4_high_rate,A,4,6,6,5,0.436,5,11.467890,0-2-1-3,200,4,True,71
A_g0.436_b6,fixed,4.9,4,4,1.00000000,0.51010916,1.00000000,119,0.0035215436,12.000000,0.000000,0.000000,12,1.000000,0,0,4,4021,0,0,0,1.000000,1005.250000,4,0,4021,0,852.000,852,beta_scale_calibration,BG1_first4_high_rate,A,4,6,6,5,0.436,6,13.761468,0-2-1-3,200,4,True,71
A_g0.436_b7,fixed,4.9,4,4,1.00000000,0.51010916,1.00000000,119,0.0035215436,12.000000,0.000000,0.000000,12,1.000000,0,0,4,4021,0,0,0,1.000000,1005.250000,4,0,4021,0,852.000,852,beta_scale_calibration,BG1_first4_high_rate,A,4,6,6,5,0.436,7,16.055046,0-2-1-3,200,4,True,71
A_g0.5_b0,fixed,4.9,4,0,0.00000000,0.00000000,0.48989084,0,0.0000000000,4.750000,0.250000,4.750000,5,0.000000,0,4,0,8104,0,0,2130,1.000000,2558.500000,0,4,0,10234,337.250,852,beta_scale_calibration,BG1_first4_high_rate,A,4,6,6,5,0.5,0,0.000000,0-2-1-3,200,4,True,71
A_g0.5_b1,fixed,4.9,4,4,1.00000000,0.51010916,1.00000000,158,0.0046756629,12.000000,0.000000,0.000000,12,1.000000,0,0,4,8104,0,0,0,1.000000,2026.000000,4,0,8104,0,852.000,852,beta_scale_calibration,BG1_first4_high_rate,A,4,6,6,5,0.5,1,2.000000,0-2-1-3,200,4,True,71
A_g0.5_b2,fixed,4.9,4,4,1.00000000,0.51010916,1.00000000,134,0.0039654356,12.000000,0.000000,0.000000,12,1.000000,0,0,4,8104,0,0,0,1.000000,2026.000000,4,0,8104,0,852.000,852,beta_scale_calibration,BG1_first4_high_rate,A,4,6,6,5,0.5,2,4.000000,0-2-1-3,200,4,True,71
A_g0.5_b3,fixed,4.9,4,4,1.00000000,0.51010916,1.00000000,134,0.0039654356,12.000000,0.000000,0.000000,12,1.000000,0,0,4,8104,0,0,0,1.000000,2026.000000,4,0,8104,0,852.000,852,beta_scale_calibration,BG1_first4_high_rate,A,4,6,6,5,0.5,3,6.000000,0-2-1-3,200,4,True,71
A_g0.5_b4,fixed,4.9,4,4,1.00000000,0.51010916,1.00000000,134,0.0039654356,12.000000,0.000000,0.000000,12,1.000000,0,0,4,8104,0,0,0,1.000000,2026.000000,4,0,8104,0,852.000,852,beta_scale_calibration,BG1_first4_high_rate,A,4,6,6,5,0.5,4,8.000000,0-2-1-3,200,4,True,71
A_g0.5_b5,fixed,4.9,4,4,1.00000000,0.51010916,1.00000000,134,0.0039654356,12.000000,0.000000,0.000000,12,1.000000,0,0,4,8104,0,0,0,1.000000,2026.000000,4,0,8104,0,852.000,852,beta_scale_calibration,BG1_first4_high_rate,A,4,6,6,5,0.5,5,10.000000,0-2-1-3,200,4,True,71
A_g0.5_b6,fixed,4.9,4,4,1.00000000,0.51010916,1.00000000,134,0.0039654356,12.000000,0.000000,0.000000,12,1.000000,0,0,4,8104,0,0,0,1.000000,2026.000000,4,0,8104,0,852.000,852,beta_scale_calibration,BG1_first4_high_rate,A,4,6,6,5,0.5,6,12.000000,0-2-1-3,200,4,True,71
A_g0.5_b7,fixed,4.9,4,4,1.00000000,0.51010916,1.00000000,134,0.0039654356,12.000000,0.000000,0.000000,12,1.000000,0,0,4,8104,0,0,0,1.000000,2026.000000,4,0,8104,0,852.000,852,beta_scale_calibration,BG1_first4_high_rate,A,4,6,6,5,0.5,7,14.000000,0-2-1-3,200,4,True,71
A_g0.527_b0,fixed,4.9,4,0,0.00000000,0.00000000,0.48989084,0,0.0000000000,4.750000,0.250000,4.750000,5,0.000000,0,4,0,9959,0,0,911,1.000000,2717.500000,0,4,0,10870,337.250,852,beta_scale_calibration,BG1_first4_high_rate,A,4,6,6,5,0.527,0,0.000000,0-2-1-3,200,4,True,71
A_g0.527_b1,fixed,4.9,4,4,1.00000000,0.51010916,1.00000000,172,0.0050899621,12.000000,0.000000,0.000000,12,1.000000,0,0,4,9959,0,0,0,1.000000,2489.750000,4,0,9959,0,852.000,852,beta_scale_calibration,BG1_first4_high_rate,A,4,6,6,5,0.527,1,1.897533,0-2-1-3,200,4,True,71
A_g0.527_b2,fixed,4.9,4,4,1.00000000,0.51010916,1.00000000,142,0.0042021780,12.000000,0.000000,0.000000,12,1.000000,0,0,4,9959,0,0,0,1.000000,2489.750000,4,0,9959,0,852.000,852,beta_scale_calibration,BG1_first4_high_rate,A,4,6,6,5,0.527,2,3.795066,0-2-1-3,200,4,True,71
A_g0.527_b3,fixed,4.9,4,4,1.00000000,0.51010916,1.00000000,142,0.0042021780,12.000000,0.000000,0.000000,12,1.000000,0,0,4,9959,0,0,0,1.000000,2489.750000,4,0,9959,0,852.000,852,beta_scale_calibration,BG1_first4_high_rate,A,4,6,6,5,0.527,3,5.692600,0-2-1-3,200,4,True,71
A_g0.527_b4,fixed,4.9,4,4,1.00000000,0.51010916,1.00000000,142,0.0042021780,12.000000,0.000000,0.000000,12,1.000000,0,0,4,9959,0,0,0,1.000000,2489.750000,4,0,9959,0,852.000,852,beta_scale_calibration,BG1_first4_high_rate,A,4,6,6,5,0.527,4,7.590133,0-2-1-3,200,4,True,71
A_g0.527_b5,fixed,4.9,4,4,1.00000000,0.51010916,1.00000000,142,0.0042021780,12.000000,0.000000,0.000000,12,1.000000,0,0,4,9959,0,0,0,1.000000,2489.750000,4,0,9959,0,852.000,852,beta_scale_calibration,BG1_first4_high_rate,A,4,6,6,5,0.527,5,9.487666,0-2-1-3,200,4,True,71
A_g0.527_b6,fixed,4.9,4,4,1.00000000,0.51010916,1.00000000,142,0.0042021780,12.000000,0.000000,0.000000,12,1.000000,0,0,4,9959,0,0,0,1.000000,2489.750000,4,0,9959,0,852.000,852,beta_scale_calibration,BG1_first4_high_rate,A,4,6,6,5,0.527,6,11.385199,0-2-1-3,200,4,True,71
A_g0.527_b7,fixed,4.9,4,4,1.00000000,0.51010916,1.00000000,142,0.0042021780,12.000000,0.000000,0.000000,12,1.000000,0,0,4,9959,0,0,0,1.000000,2489.750000,4,0,9959,0,852.000,852,beta_scale_calibration,BG1_first4_high_rate,A,4,6,6,5,0.527,7,13.282732,0-2-1-3,200,4,True,71
A_g0.75_b0,fixed,4.9,4,0,0.00000000,0.00000000,0.48989084,0,0.0000000000,4.250000,0.250000,4.250000,5,0.000000,0,4,0,22479,0,0,389,1.000000,5717.000000,0,4,0,22868,301.750,852,beta_scale_calibration,BG1_first4_high_rate,A,4,6,6,5,0.75,0,0.000000,0-2-1-3,200,4,True,71
A_g0.75_b1,fixed,4.9,4,3,0.75000000,0.30064184,0.95441274,76,0.0022490530,11.500000,0.500000,10.000000,12,0.750000,0,1,3,22479,0,0,111,1.000000,5647.500000,3,1,16865,5725,816.500,852,beta_scale_calibration,BG1_first4_high_rate,A,4,6,6,5,0.75,1,1.333333,0-2-1-3,200,4,True,71
A_g0.75_b2,fixed,4.9,4,4,1.00000000,0.51010916,1.00000000,180,0.0053267045,12.000000,0.000000,0.000000,12,1.000000,0,0,4,22479,0,0,0,1.000000,5619.750000,4,0,22479,0,852.000,852,beta_scale_calibration,BG1_first4_high_rate,A,4,6,6,5,0.75,2,2.666667,0-2-1-3,200,4,True,71
A_g0.75_b3,fixed,4.9,4,4,1.00000000,0.51010916,1.00000000,167,0.0049419981,12.000000,0.000000,0.000000,12,1.000000,0,0,4,22479,0,0,0,1.000000,5619.750000,4,0,22479,0,852.000,852,beta_scale_calibration,BG1_first4_high_rate,A,4,6,6,5,0.75,3,4.000000,0-2-1-3,200,4,True,71
A_g0.75_b4,fixed,4.9,4,4,1.00000000,0.51010916,1.00000000,166,0.0049124053,12.000000,0.000000,0.000000,12,1.000000,0,0,4,22479,0,0,0,1.000000,5619.750000,4,0,22479,0,852.000,852,beta_scale_calibration,BG1_first4_high_rate,A,4,6,6,5,0.75,4,5.333333,0-2-1-3,200,4,True,71
A_g0.75_b5,fixed,4.9,4,4,1.00000000,0.51010916,1.00000000,166,0.0049124053,12.000000,0.000000,0.000000,12,1.000000,0,0,4,22479,0,0,0,1.000000,5619.750000,4,0,22479,0,852.000,852,beta_scale_calibration,BG1_first4_high_rate,A,4,6,6,5,0.75,5,6.666667,0-2-1-3,200,4,True,71
A_g0.75_b6,fixed,4.9,4,4,1.00000000,0.51010916,1.00000000,166,0.0049124053,12.000000,0.000000,0.000000,12,1.000000,0,0,4,22479,0,0,0,1.000000,5619.750000,4,0,22479,0,852.000,852,beta_scale_calibration,BG1_first4_high_rate,A,4,6,6,5,0.75,6,8.000000,0-2-1-3,200,4,True,71
A_g0.75_b7,fixed,4.9,4,4,1.00000000,0.51010916,1.00000000,166,0.0049124053,12.000000,0.000000,0.000000,12,1.000000,0,0,4,22479,0,0,0,1.000000,5619.750000,4,0,22479,0,852.000,852,beta_scale_calibration,BG1_first4_high_rate,A,4,6,6,5,0.75,7,9.333333,0-2-1-3,200,4,True,71
A_g1.0_b0,fixed,4.9,4,0,0.00000000,0.00000000,0.48989084,0,0.0000000000,4.750000,0.478714,4.750000,6,0.000000,0,4,0,29193,42,0,32716,1.000000,15487.750000,0,4,0,61951,337.250,852,beta_scale_calibration,BG1_first4_high_rate,A,4,6,6,5,1.0,0,0.000000,0-2-1-3,200,4,True,71
A_g1.0_b1,fixed,4.9,4,0,0.00000000,0.00000000,0.48989084,0,0.0000000000,6.000000,0.408248,6.000000,7,0.000000,0,4,0,29193,0,0,3321,1.000000,8128.500000,0,4,0,32514,426.000,852,beta_scale_calibration,BG1_first4_high_rate,A,4,6,6,5,1.0,1,1.000000,0-2-1-3,200,4,True,71
A_g1.0_b2,fixed,4.9,4,4,1.00000000,0.51010916,1.00000000,234,0.0069247159,12.000000,0.000000,0.000000,12,1.000000,0,0,4,29193,0,0,0,1.000000,7298.250000,4,0,29193,0,852.000,852,beta_scale_calibration,BG1_first4_high_rate,A,4,6,6,5,1.0,2,2.000000,0-2-1-3,200,4,True,71
A_g1.0_b3,fixed,4.9,4,4,1.00000000,0.51010916,1.00000000,200,0.0059185606,12.000000,0.000000,0.000000,12,1.000000,0,0,4,29193,0,0,0,1.000000,7298.250000,4,0,29193,0,852.000,852,beta_scale_calibration,BG1_first4_high_rate,A,4,6,6,5,1.0,3,3.000000,0-2-1-3,200,4,True,71
A_g1.0_b4,fixed,4.9,4,4,1.00000000,0.51010916,1.00000000,190,0.0056226326,12.000000,0.000000,0.000000,12,1.000000,0,0,4,29193,0,0,0,1.000000,7298.250000,4,0,29193,0,852.000,852,beta_scale_calibration,BG1_first4_high_rate,A,4,6,6,5,1.0,4,4.000000,0-2-1-3,200,4,True,71
A_g1.0_b5,fixed,4.9,4,4,1.00000000,0.51010916,1.00000000,189,0.0055930398,12.000000,0.000000,0.000000,12,1.000000,0,0,4,29193,0,0,0,1.000000,7298.250000,4,0,29193,0,852.000,852,beta_scale_calibration,BG1_first4_high_rate,A,4,6,6,5,1.0,5,5.000000,0-2-1-3,200,4,True,71
A_g1.0_b6,fixed,4.9,4,4,1.00000000,0.51010916,1.00000000,189,0.0055930398,12.000000,0.000000,0.000000,12,1.000000,0,0,4,29193,0,0,0,1.000000,7298.250000,4,0,29193,0,852.000,852,beta_scale_calibration,BG1_first4_high_rate,A,4,6,6,5,1.0,6,6.000000,0-2-1-3,200,4,True,71
A_g1.0_b7,fixed,4.9,4,4,1.00000000,0.51010916,1.00000000,189,0.0055930398,12.000000,0.000000,0.000000,12,1.000000,0,0,4,29193,0,0,0,1.000000,7298.250000,4,0,29193,0,852.000,852,beta_scale_calibration,BG1_first4_high_rate,A,4,6,6,5,1.0,7,7.000000,0-2-1-3,200,4,True,71
A_g1.5_b0,fixed,4.9,4,0,0.00000000,0.00000000,0.48989084,0,0.0000000000,5.250000,0.250000,5.250000,6,0.000000,0,4,0,33518,15,0,23489,1.000000,14255.500000,0,4,0,57022,372.750,852,beta_scale_calibration,BG1_first4_high_rate,A,4,6,6,5,1.5,0,0.000000,0-2-1-3,200,4,True,71
A_g1.5_b1,fixed,4.9,4,0,0.00000000,0.00000000,0.48989084,0,0.0000000000,5.250000,0.250000,5.250000,6,0.000000,0,4,0,33518,10,0,20644,1.000000,13543.000000,0,4,0,54172,372.750,852,beta_scale_calibration,BG1_first4_high_rate,A,4,6,6,5,1.5,1,0.666667,0-2-1-3,200,4,True,71
A_g1.5_b2,fixed,4.9,4,4,1.00000000,0.51010916,1.00000000,233,0.0068951231,12.000000,0.000000,0.000000,12,1.000000,0,0,4,33518,0,0,0,1.000000,8379.500000,4,0,33518,0,852.000,852,beta_scale_calibration,BG1_first4_high_rate,A,4,6,6,5,1.5,2,1.333333,0-2-1-3,200,4,True,71
A_g1.5_b3,fixed,4.9,4,4,1.00000000,0.51010916,1.00000000,266,0.0078716856,12.000000,0.000000,0.000000,12,1.000000,0,0,4,33518,0,0,0,1.000000,8379.500000,4,0,33518,0,852.000,852,beta_scale_calibration,BG1_first4_high_rate,A,4,6,6,5,1.5,3,2.000000,0-2-1-3,200,4,True,71
A_g1.5_b4,fixed,4.9,4,4,1.00000000,0.51010916,1.00000000,224,0.0066287879,12.000000,0.000000,0.000000,12,1.000000,0,0,4,33518,0,0,0,1.000000,8379.500000,4,0,33518,0,852.000,852,beta_scale_calibration,BG1_first4_high_rate,A,4,6,6,5,1.5,4,2.666667,0-2-1-3,200,4,True,71
A_g1.5_b5,fixed,4.9,4,4,1.00000000,0.51010916,1.00000000,219,0.0064808239,12.000000,0.000000,0.000000,12,1.000000,0,0,4,33518,0,0,0,1.000000,8379.500000,4,0,33518,0,852.000,852,beta_scale_calibration,BG1_first4_high_rate,A,4,6,6,5,1.5,5,3.333333,0-2-1-3,200,4,True,71
A_g1.5_b6,fixed,4.9,4,4,1.00000000,0.51010916,1.00000000,215,0.0063624527,12.000000,0.000000,0.000000,12,1.000000,0,0,4,33518,0,0,0,1.000000,8379.500000,4,0,33518,0,852.000,852,beta_scale_calibration,BG1_first4_high_rate,A,4,6,6,5,1.5,6,4.000000,0-2-1-3,200,4,True,71
A_g1.5_b7,fixed,4.9,4,4,1.00000000,0.51010916,1.00000000,213,0.0063032670,12.000000,0.000000,0.000000,12,1.000000,0,0,4,33518,0,0,0,1.000000,8379.500000,4,0,33518,0,852.000,852,beta_scale_calibration,BG1_first4_high_rate,A,4,6,6,5,1.5,7,4.666667,0-2-1-3,200,4,True,71
A_g2.0_b0,fixed,4.9,4,0,0.00000000,0.00000000,0.48989084,0,0.0000000000,6.750000,0.478714,6.750000,8,0.000000,0,4,0,34838,203,0,56545,1.000000,22896.500000,0,4,0,91586,479.250,852,beta_scale_calibration,BG1_first4_high_rate,A,4,6,6,5,2.0,0,0.000000,0-2-1-3,200,4,True,71
A_g2.0_b1,fixed,4.9,4,0,0.00000000,0.00000000,0.48989084,0,0.0000000000,5.250000,0.250000,5.250000,6,0.000000,0,4,0,34838,0,0,5481,1.000000,10079.750000,0,4,0,40319,372.750,852,beta_scale_calibration,BG1_first4_high_rate,A,4,6,6,5,2.0,1,0.500000,0-2-1-3,200,4,True,71
A_g2.0_b2,fixed,4.9,4,4,1.00000000,0.51010916,1.00000000,129,0.0038174716,12.000000,0.000000,0.000000,12,1.000000,0,0,4,34838,0,0,0,1.000000,8709.500000,4,0,34838,0,852.000,852,beta_scale_calibration,BG1_first4_high_rate,A,4,6,6,5,2.0,2,1.000000,0-2-1-3,200,4,True,71
A_g2.0_b3,fixed,4.9,4,4,1.00000000,0.51010916,1.00000000,307,0.0090849905,12.000000,0.000000,0.000000,12,1.000000,0,0,4,34838,0,0,0,1.000000,8709.500000,4,0,34838,0,852.000,852,beta_scale_calibration,BG1_first4_high_rate,A,4,6,6,5,2.0,3,1.500000,0-2-1-3,200,4,True,71
A_g2.0_b4,fixed,4.9,4,4,1.00000000,0.51010916,1.00000000,250,0.0073982008,12.000000,0.000000,0.000000,12,1.000000,0,0,4,34838,0,0,0,1.000000,8709.500000,4,0,34838,0,852.000,852,beta_scale_calibration,BG1_first4_high_rate,A,4,6,6,5,2.0,4,2.000000,0-2-1-3,200,4,True,71
A_g2.0_b5,fixed,4.9,4,4,1.00000000,0.51010916,1.00000000,239,0.0070726799,12.000000,0.000000,0.000000,12,1.000000,0,0,4,34838,0,0,0,1.000000,8709.500000,4,0,34838,0,852.000,852,beta_scale_calibration,BG1_first4_high_rate,A,4,6,6,5,2.0,5,2.500000,0-2-1-3,200,4,True,71
A_g2.0_b6,fixed,4.9,4,4,1.00000000,0.51010916,1.00000000,230,0.0068063447,12.000000,0.000000,0.000000,12,1.000000,0,0,4,34838,0,0,0,1.000000,8709.500000,4,0,34838,0,852.000,852,beta_scale_calibration,BG1_first4_high_rate,A,4,6,6,5,2.0,6,3.000000,0-2-1-3,200,4,True,71
A_g2.0_b7,fixed,4.9,4,4,1.00000000,0.51010916,1.00000000,221,0.0065400095,12.000000,0.000000,0.000000,12,1.000000,0,0,4,34838,0,0,0,1.000000,8709.500000,4,0,34838,0,852.000,852,beta_scale_calibration,BG1_first4_high_rate,A,4,6,6,5,2.0,7,3.500000,0-2-1-3,200,4,True,71
A_g3.0_b0,fixed,4.9,4,2,0.50000000,0.15003899,0.84996101,5758,0.1703953598,10.500000,0.957427,9.000000,12,0.500000,0,2,2,35734,315,4,51407,1.000000,21865.000000,2,2,38984,48476,745.500,852,beta_scale_calibration,BG1_first4_high_rate,A,4,6,6,5,3.0,0,0.000000,0-2-1-3,200,4,True,71
A_g3.0_b1,fixed,4.9,4,0,0.00000000,0.00000000,0.48989084,0,0.0000000000,7.500000,0.500000,7.500000,8,0.000000,0,4,0,35734,3,0,9277,1.000000,11253.500000,0,4,0,45014,532.500,852,beta_scale_calibration,BG1_first4_high_rate,A,4,6,6,5,3.0,1,0.333333,0-2-1-3,200,4,True,71
A_g3.0_b2,fixed,4.9,4,4,1.00000000,0.51010916,1.00000000,215,0.0063624527,12.000000,0.000000,0.000000,12,1.000000,0,0,4,35734,0,0,0,1.000000,8933.500000,4,0,35734,0,852.000,852,beta_scale_calibration,BG1_first4_high_rate,A,4,6,6,5,3.0,2,0.666667,0-2-1-3,200,4,True,71
A_g3.0_b3,fixed,4.9,4,4,1.00000000,0.51010916,1.00000000,358,0.0105942235,12.000000,0.000000,0.000000,12,1.000000,0,0,4,35734,0,0,0,1.000000,8933.500000,4,0,35734,0,852.000,852,beta_scale_calibration,BG1_first4_high_rate,A,4,6,6,5,3.0,3,1.000000,0-2-1-3,200,4,True,71
A_g3.0_b4,fixed,4.9,4,4,1.00000000,0.51010916,1.00000000,283,0.0083747633,12.000000,0.000000,0.000000,12,1.000000,0,0,4,35734,0,0,0,1.000000,8933.500000,4,0,35734,0,852.000,852,beta_scale_calibration,BG1_first4_high_rate,A,4,6,6,5,3.0,4,1.333333,0-2-1-3,200,4,True,71
A_g3.0_b5,fixed,4.9,4,4,1.00000000,0.51010916,1.00000000,272,0.0080492424,12.000000,0.000000,0.000000,12,1.000000,0,0,4,35734,0,0,0,1.000000,8933.500000,4,0,35734,0,852.000,852,beta_scale_calibration,BG1_first4_high_rate,A,4,6,6,5,3.0,5,1.666667,0-2-1-3,200,4,True,71
A_g3.0_b6,fixed,4.9,4,4,1.00000000,0.51010916,1.00000000,263,0.0077829072,12.000000,0.000000,0.000000,12,1.000000,0,0,4,35734,0,0,0,1.000000,8933.500000,4,0,35734,0,852.000,852,beta_scale_calibration,BG1_first4_high_rate,A,4,6,6,5,3.0,6,2.000000,0-2-1-3,200,4,True,71
A_g3.0_b7,fixed,4.9,4,4,1.00000000,0.51010916,1.00000000,230,0.0068063447,12.000000,0.000000,0.000000,12,1.000000,0,0,4,35734,0,0,0,1.000000,8933.500000,4,0,35734,0,852.000,852,beta_scale_calibration,BG1_first4_high_rate,A,4,6,6,5,3.0,7,2.333333,0-2-1-3,200,4,True,71
A_g4.0_b0,fixed,4.9,4,3,0.75000000,0.30064184,0.95441274,256,0.0075757576,11.750000,0.250000,11.000000,12,0.750000,0,1,3,36077,5,0,6592,1.000000,10668.500000,3,1,27064,15610,834.250,852,beta_scale_calibration,BG1_first4_high_rate,A,4,6,6,5,4.0,0,0.000000,0-2-1-3,200,4,True,71
A_g4.0_b1,fixed,4.9,4,1,0.25000000,0.04558726,0.69935816,49,0.0014500473,10.500000,0.957427,9.000000,12,0.500000,0,2,2,36077,1,0,12121,1.000000,12049.750000,1,3,9017,39182,745.500,852,beta_scale_calibration,BG1_first4_high_rate,A,4,6,6,5,4.0,1,0.250000,0-2-1-3,200,4,True,71
A_g4.0_b2,fixed,4.9,4,4,1.00000000,0.51010916,1.00000000,306,0.0090553977,12.000000,0.000000,0.000000,12,1.000000,0,0,4,36077,0,0,0,1.000000,9019.250000,4,0,36077,0,852.000,852,beta_scale_calibration,BG1_first4_high_rate,A,4,6,6,5,4.0,2,0.500000,0-2-1-3,200,4,True,71
A_g4.0_b3,fixed,4.9,4,4,1.00000000,0.51010916,1.00000000,410,0.0121330492,12.000000,0.000000,0.000000,12,1.000000,0,0,4,36077,0,0,0,1.000000,9019.250000,4,0,36077,0,852.000,852,beta_scale_calibration,BG1_first4_high_rate,A,4,6,6,5,4.0,3,0.750000,0-2-1-3,200,4,True,71
A_g4.0_b4,fixed,4.9,4,4,1.00000000,0.51010916,1.00000000,311,0.0092033617,12.000000,0.000000,0.000000,12,1.000000,0,0,4,36077,0,0,0,1.000000,9019.250000,4,0,36077,0,852.000,852,beta_scale_calibration,BG1_first4_high_rate,A,4,6,6,5,4.0,4,1.000000,0-2-1-3,200,4,True,71
A_g4.0_b5,fixed,4.9,4,4,1.00000000,0.51010916,1.00000000,297,0.0087890625,12.000000,0.000000,0.000000,12,1.000000,0,0,4,36077,0,0,0,1.000000,9019.250000,4,0,36077,0,852.000,852,beta_scale_calibration,BG1_first4_high_rate,A,4,6,6,5,4.0,5,1.250000,0-2-1-3,200,4,True,71
A_g4.0_b6,fixed,4.9,4,4,1.00000000,0.51010916,1.00000000,287,0.0084931345,12.000000,0.000000,0.000000,12,1.000000,0,0,4,36077,0,0,0,1.000000,9019.250000,4,0,36077,0,852.000,852,beta_scale_calibration,BG1_first4_high_rate,A,4,6,6,5,4.0,6,1.500000,0-2-1-3,200,4,True,71
A_g4.0_b7,fixed,4.9,4,4,1.00000000,0.51010916,1.00000000,240,0.0071022727,12.000000,0.000000,0.000000,12,1.000000,0,0,4,36077,0,0,0,1.000000,9019.250000,4,0,36077,0,852.000,852,beta_scale_calibration,BG1_first4_high_rate,A,4,6,6,5,4.0,7,1.750000,0-2-1-3,200,4,True,71
A_g6.0_b0,fixed,4.9,4,4,1.00000000,0.51010916,1.00000000,450,0.0133167614,12.000000,0.000000,0.000000,12,1.000000,0,0,4,36339,0,0,0,1.000000,9084.750000,4,0,36339,0,852.000,852,beta_scale_calibration,BG1_first4_high_rate,A,4,6,6,5,6.0,0,0.000000,0-2-1-3,200,4,True,71
A_g6.0_b1,fixed,4.9,4,4,1.00000000,0.51010916,1.00000000,218,0.0064512311,12.000000,0.000000,0.000000,12,1.000000,0,0,4,36339,0,0,35,1.000000,9093.500000,4,0,36374,0,852.000,852,beta_scale_calibration,BG1_first4_high_rate,A,4,6,6,5,6.0,1,0.166667,0-2-1-3,200,4,True,71
A_g6.0_b2,fixed,4.9,4,4,1.00000000,0.51010916,1.00000000,379,0.0112156723,12.000000,0.000000,0.000000,12,1.000000,0,0,4,36339,0,0,0,1.000000,9084.750000,4,0,36339,0,852.000,852,beta_scale_calibration,BG1_first4_high_rate,A,4,6,6,5,6.0,2,0.333333,0-2-1-3,200,4,True,71
A_g6.0_b3,fixed,4.9,4,4,1.00000000,0.51010916,1.00000000,456,0.0134943182,12.000000,0.000000,0.000000,12,1.000000,0,0,4,36339,0,0,0,1.000000,9084.750000,4,0,36339,0,852.000,852,beta_scale_calibration,BG1_first4_high_rate,A,4,6,6,5,6.0,3,0.500000,0-2-1-3,200,4,True,71
A_g6.0_b4,fixed,4.9,4,4,1.00000000,0.51010916,1.00000000,362,0.0107125947,12.000000,0.000000,0.000000,12,1.000000,0,0,4,36339,0,0,0,1.000000,9084.750000,4,0,36339,0,852.000,852,beta_scale_calibration,BG1_first4_high_rate,A,4,6,6,5,6.0,4,0.666667,0-2-1-3,200,4,True,71
A_g6.0_b5,fixed,4.9,4,4,1.00000000,0.51010916,1.00000000,348,0.0102982955,12.000000,0.000000,0.000000,12,1.000000,0,0,4,36339,0,0,0,1.000000,9084.750000,4,0,36339,0,852.000,852,beta_scale_calibration,BG1_first4_high_rate,A,4,6,6,5,6.0,5,0.833333,0-2-1-3,200,4,True,71
A_g6.0_b6,fixed,4.9,4,4,1.00000000,0.51010916,1.00000000,325,0.0096176610,12.000000,0.000000,0.000000,12,1.000000,0,0,4,36339,0,0,0,1.000000,9084.750000,4,0,36339,0,852.000,852,beta_scale_calibration,BG1_first4_high_rate,A,4,6,6,5,6.0,6,1.000000,0-2-1-3,200,4,True,71
A_g6.0_b7,fixed,4.9,4,4,1.00000000,0.51010916,1.00000000,251,0.0074277936,12.000000,0.000000,0.000000,12,1.000000,0,0,4,36339,0,0,0,1.000000,9084.750000,4,0,36339,0,852.000,852,beta_scale_calibration,BG1_first4_high_rate,A,4,6,6,5,6.0,7,1.166667,0-2-1-3,200,4,True,71
A_g8.0_b0,fixed,4.9,4,4,1.00000000,0.51010916,1.00000000,515,0.0152402936,12.000000,0.000000,0.000000,12,1.000000,0,0,4,36478,0,0,0,1.000000,9119.500000,4,0,36478,0,852.000,852,beta_scale_calibration,BG1_first4_high_rate,A,4,6,6,5,8.0,0,0.000000,0-2-1-3,200,4,True,71
A_g8.0_b1,fixed,4.9,4,4,1.00000000,0.51010916,1.00000000,367,0.0108605587,12.000000,0.000000,0.000000,12,1.000000,0,0,4,36478,0,0,0,1.000000,9119.500000,4,0,36478,0,852.000,852,beta_scale_calibration,BG1_first4_high_rate,A,4,6,6,5,8.0,1,0.125000,0-2-1-3,200,4,True,71
A_g8.0_b2,fixed,4.9,4,4,1.00000000,0.51010916,1.00000000,459,0.0135830966,12.000000,0.000000,0.000000,12,1.000000,0,0,4,36478,0,0,0,1.000000,9119.500000,4,0,36478,0,852.000,852,beta_scale_calibration,BG1_first4_high_rate,A,4,6,6,5,8.0,2,0.250000,0-2-1-3,200,4,True,71
A_g8.0_b3,fixed,4.9,4,4,1.00000000,0.51010916,1.00000000,496,0.0146780303,12.000000,0.000000,0.000000,12,1.000000,0,0,4,36478,0,0,0,1.000000,9119.500000,4,0,36478,0,852.000,852,beta_scale_calibration,BG1_first4_high_rate,A,4,6,6,5,8.0,3,0.375000,0-2-1-3,200,4,True,71
A_g8.0_b4,fixed,4.9,4,4,1.00000000,0.51010916,1.00000000,381,0.0112748580,12.000000,0.000000,0.000000,12,1.000000,0,0,4,36478,0,0,0,1.000000,9119.500000,4,0,36478,0,852.000,852,beta_scale_calibration,BG1_first4_high_rate,A,4,6,6,5,8.0,4,0.500000,0-2-1-3,200,4,True,71
A_g8.0_b5,fixed,4.9,4,4,1.00000000,0.51010916,1.00000000,370,0.0109493371,12.000000,0.000000,0.000000,12,1.000000,0,0,4,36478,0,0,0,1.000000,9119.500000,4,0,36478,0,852.000,852,beta_scale_calibration,BG1_first4_high_rate,A,4,6,6,5,8.0,5,0.625000,0-2-1-3,200,4,True,71
A_g8.0_b6,fixed,4.9,4,4,1.00000000,0.51010916,1.00000000,361,0.0106830019,12.000000,0.000000,0.000000,12,1.000000,0,0,4,36478,0,0,0,1.000000,9119.500000,4,0,36478,0,852.000,852,beta_scale_calibration,BG1_first4_high_rate,A,4,6,6,5,8.0,6,0.750000,0-2-1-3,200,4,True,71
A_g8.0_b7,fixed,4.9,4,4,1.00000000,0.51010916,1.00000000,254,0.0075165720,12.000000,0.000000,0.000000,12,1.000000,0,0,4,36478,0,0,0,1.000000,9119.500000,4,0,36478,0,852.000,852,beta_scale_calibration,BG1_first4_high_rate,A,4,6,6,5,8.0,7,0.875000,0-2-1-3,200,4,True,71
B_g0.288_b0,fixed,4.9,4,0,0.00000000,0.00000000,0.48989084,0,0.0000000000,5.500000,0.288675,5.500000,6,0.000000,0,4,0,33,0,0,0,1.000000,8.250000,0,4,0,33,390.500,852,beta_scale_calibration,BG1_first4_high_rate,B,4,7,7,5,0.288,0,0.000000,0-2-1-3,200,4,True,71
B_g0.288_b1,fixed,4.9,4,4,1.00000000,0.51010916,1.00000000,85,0.0025153883,12.000000,0.000000,0.000000,12,1.000000,0,0,4,33,0,0,0,1.000000,8.250000,4,0,33,0,852.000,852,beta_scale_calibration,BG1_first4_high_rate,B,4,7,7,5,0.288,1,3.472222,0-2-1-3,200,4,True,71
B_g0.288_b2,fixed,4.9,4,4,1.00000000,0.51010916,1.00000000,85,0.0025153883,12.000000,0.000000,0.000000,12,1.000000,0,0,4,33,0,0,0,1.000000,8.250000,4,0,33,0,852.000,852,beta_scale_calibration,BG1_first4_high_rate,B,4,7,7,5,0.288,2,6.944444,0-2-1-3,200,4,True,71
B_g0.288_b3,fixed,4.9,4,4,1.00000000,0.51010916,1.00000000,85,0.0025153883,12.000000,0.000000,0.000000,12,1.000000,0,0,4,33,0,0,0,1.000000,8.250000,4,0,33,0,852.000,852,beta_scale_calibration,BG1_first4_high_rate,B,4,7,7,5,0.288,3,10.416667,0-2-1-3,200,4,True,71
B_g0.288_b4,fixed,4.9,4,4,1.00000000,0.51010916,1.00000000,85,0.0025153883,12.000000,0.000000,0.000000,12,1.000000,0,0,4,33,0,0,0,1.000000,8.250000,4,0,33,0,852.000,852,beta_scale_calibration,BG1_first4_high_rate,B,4,7,7,5,0.288,4,13.888889,0-2-1-3,200,4,True,71
B_g0.288_b5,fixed,4.9,4,4,1.00000000,0.51010916,1.00000000,85,0.0025153883,12.000000,0.000000,0.000000,12,1.000000,0,0,4,33,0,0,0,1.000000,8.250000,4,0,33,0,852.000,852,beta_scale_calibration,BG1_first4_high_rate,B,4,7,7,5,0.288,5,17.361111,0-2-1-3,200,4,True,71
B_g0.288_b6,fixed,4.9,4,4,1.00000000,0.51010916,1.00000000,85,0.0025153883,12.000000,0.000000,0.000000,12,1.000000,0,0,4,33,0,0,0,1.000000,8.250000,4,0,33,0,852.000,852,beta_scale_calibration,BG1_first4_high_rate,B,4,7,7,5,0.288,6,20.833333,0-2-1-3,200,4,True,71
B_g0.288_b7,fixed,4.9,4,4,1.00000000,0.51010916,1.00000000,85,0.0025153883,12.000000,0.000000,0.000000,12,1.000000,0,0,4,33,0,0,0,1.000000,8.250000,4,0,33,0,852.000,852,beta_scale_calibration,BG1_first4_high_rate,B,4,7,7,5,0.288,7,24.305556,0-2-1-3,200,4,True,71
B_g0.337_b0,fixed,4.9,4,0,0.00000000,0.00000000,0.48989084,0,0.0000000000,4.750000,0.478714,4.750000,6,0.000000,0,4,0,412,0,0,0,1.000000,103.000000,0,4,0,412,337.250,852,beta_scale_calibration,BG1_first4_high_rate,B,4,7,7,5,0.337,0,0.000000,0-2-1-3,200,4,True,71
B_g0.337_b1,fixed,4.9,4,4,1.00000000,0.51010916,1.00000000,100,0.0029592803,12.000000,0.000000,0.000000,12,1.000000,0,0,4,412,0,0,0,1.000000,103.000000,4,0,412,0,852.000,852,beta_scale_calibration,BG1_first4_high_rate,B,4,7,7,5,0.337,1,2.967359,0-2-1-3,200,4,True,71
B_g0.337_b2,fixed,4.9,4,4,1.00000000,0.51010916,1.00000000,99,0.0029296875,12.000000,0.000000,0.000000,12,1.000000,0,0,4,412,0,0,0,1.000000,103.000000,4,0,412,0,852.000,852,beta_scale_calibration,BG1_first4_high_rate,B,4,7,7,5,0.337,2,5.934718,0-2-1-3,200,4,True,71
B_g0.337_b3,fixed,4.9,4,4,1.00000000,0.51010916,1.00000000,99,0.0029296875,12.000000,0.000000,0.000000,12,1.000000,0,0,4,412,0,0,0,1.000000,103.000000,4,0,412,0,852.000,852,beta_scale_calibration,BG1_first4_high_rate,B,4,7,7,5,0.337,3,8.902077,0-2-1-3,200,4,True,71
B_g0.337_b4,fixed,4.9,4,4,1.00000000,0.51010916,1.00000000,99,0.0029296875,12.000000,0.000000,0.000000,12,1.000000,0,0,4,412,0,0,0,1.000000,103.000000,4,0,412,0,852.000,852,beta_scale_calibration,BG1_first4_high_rate,B,4,7,7,5,0.337,4,11.869436,0-2-1-3,200,4,True,71
B_g0.337_b5,fixed,4.9,4,4,1.00000000,0.51010916,1.00000000,99,0.0029296875,12.000000,0.000000,0.000000,12,1.000000,0,0,4,412,0,0,0,1.000000,103.000000,4,0,412,0,852.000,852,beta_scale_calibration,BG1_first4_high_rate,B,4,7,7,5,0.337,5,14.836795,0-2-1-3,200,4,True,71
B_g0.337_b6,fixed,4.9,4,4,1.00000000,0.51010916,1.00000000,99,0.0029296875,12.000000,0.000000,0.000000,12,1.000000,0,0,4,412,0,0,0,1.000000,103.000000,4,0,412,0,852.000,852,beta_scale_calibration,BG1_first4_high_rate,B,4,7,7,5,0.337,6,17.804154,0-2-1-3,200,4,True,71
B_g0.337_b7,fixed,4.9,4,4,1.00000000,0.51010916,1.00000000,99,0.0029296875,12.000000,0.000000,0.000000,12,1.000000,0,0,4,412,0,0,0,1.000000,103.000000,4,0,412,0,852.000,852,beta_scale_calibration,BG1_first4_high_rate,B,4,7,7,5,0.337,7,20.771513,0-2-1-3,200,4,True,71
B_g0.395_b0,fixed,4.9,4,0,0.00000000,0.00000000,0.48989084,0,0.0000000000,4.750000,0.478714,4.750000,6,0.000000,0,4,0,2007,0,0,0,1.000000,501.750000,0,4,0,2007,337.250,852,beta_scale_calibration,BG1_first4_high_rate,B,4,7,7,5,0.395,0,0.000000,0-2-1-3,200,4,True,71
B_g0.395_b1,fixed,4.9,4,4,1.00000000,0.51010916,1.00000000,121,0.0035807292,12.000000,0.000000,0.000000,12,1.000000,0,0,4,2007,0,0,0,1.000000,501.750000,4,0,2007,0,852.000,852,beta_scale_calibration,BG1_first4_high_rate,B,4,7,7,5,0.395,1,2.531646,0-2-1-3,200,4,True,71
B_g0.395_b2,fixed,4.9,4,4,1.00000000,0.51010916,1.00000000,114,0.0033735795,12.000000,0.000000,0.000000,12,1.000000,0,0,4,2007,0,0,0,1.000000,501.750000,4,0,2007,0,852.000,852,beta_scale_calibration,BG1_first4_high_rate,B,4,7,7,5,0.395,2,5.063291,0-2-1-3,200,4,True,71
B_g0.395_b3,fixed,4.9,4,4,1.00000000,0.51010916,1.00000000,114,0.0033735795,12.000000,0.000000,0.000000,12,1.000000,0,0,4,2007,0,0,0,1.000000,501.750000,4,0,2007,0,852.000,852,beta_scale_calibration,BG1_first4_high_rate,B,4,7,7,5,0.395,3,7.594937,0-2-1-3,200,4,True,71
B_g0.395_b4,fixed,4.9,4,4,1.00000000,0.51010916,1.00000000,114,0.0033735795,12.000000,0.000000,0.000000,12,1.000000,0,0,4,2007,0,0,0,1.000000,501.750000,4,0,2007,0,852.000,852,beta_scale_calibration,BG1_first4_high_rate,B,4,7,7,5,0.395,4,10.126582,0-2-1-3,200,4,True,71
B_g0.395_b5,fixed,4.9,4,4,1.00000000,0.51010916,1.00000000,114,0.0033735795,12.000000,0.000000,0.000000,12,1.000000,0,0,4,2007,0,0,0,1.000000,501.750000,4,0,2007,0,852.000,852,beta_scale_calibration,BG1_first4_high_rate,B,4,7,7,5,0.395,5,12.658228,0-2-1-3,200,4,True,71
B_g0.395_b6,fixed,4.9,4,4,1.00000000,0.51010916,1.00000000,114,0.0033735795,12.000000,0.000000,0.000000,12,1.000000,0,0,4,2007,0,0,0,1.000000,501.750000,4,0,2007,0,852.000,852,beta_scale_calibration,BG1_first4_high_rate,B,4,7,7,5,0.395,6,15.189873,0-2-1-3,200,4,True,71
B_g0.395_b7,fixed,4.9,4,4,1.00000000,0.51010916,1.00000000,114,0.0033735795,12.000000,0.000000,0.000000,12,1.000000,0,0,4,2007,0,0,0,1.000000,501.750000,4,0,2007,0,852.000,852,beta_scale_calibration,BG1_first4_high_rate,B,4,7,7,5,0.395,7,17.721519,0-2-1-3,200,4,True,71
B_g0.436_b0,fixed,4.9,4,0,0.00000000,0.00000000,0.48989084,0,0.0000000000,4.250000,0.250000,4.250000,5,0.000000,0,4,0,4021,0,0,0,1.000000,1005.250000,0,4,0,4021,301.750,852,beta_scale_calibration,BG1_first4_high_rate,B,4,7,7,5,0.436,0,0.000000,0-2-1-3,200,4,True,71
B_g0.436_b1,fixed,4.9,4,4,1.00000000,0.51010916,1.00000000,134,0.0039654356,12.000000,0.000000,0.000000,12,1.000000,0,0,4,4021,0,0,0,1.000000,1005.250000,4,0,4021,0,852.000,852,beta_scale_calibration,BG1_first4_high_rate,B,4,7,7,5,0.436,1,2.293578,0-2-1-3,200,4,True,71
B_g0.436_b2,fixed,4.9,4,4,1.00000000,0.51010916,1.00000000,119,0.0035215436,12.000000,0.000000,0.000000,12,1.000000,0,0,4,4021,0,0,0,1.000000,1005.250000,4,0,4021,0,852.000,852,beta_scale_calibration,BG1_first4_high_rate,B,4,7,7,5,0.436,2,4.587156,0-2-1-3,200,4,True,71
B_g0.436_b3,fixed,4.9,4,4,1.00000000,0.51010916,1.00000000,119,0.0035215436,12.000000,0.000000,0.000000,12,1.000000,0,0,4,4021,0,0,0,1.000000,1005.250000,4,0,4021,0,852.000,852,beta_scale_calibration,BG1_first4_high_rate,B,4,7,7,5,0.436,3,6.880734,0-2-1-3,200,4,True,71
B_g0.436_b4,fixed,4.9,4,4,1.00000000,0.51010916,1.00000000,119,0.0035215436,12.000000,0.000000,0.000000,12,1.000000,0,0,4,4021,0,0,0,1.000000,1005.250000,4,0,4021,0,852.000,852,beta_scale_calibration,BG1_first4_high_rate,B,4,7,7,5,0.436,4,9.174312,0-2-1-3,200,4,True,71
B_g0.436_b5,fixed,4.9,4,4,1.00000000,0.51010916,1.00000000,119,0.0035215436,12.000000,0.000000,0.000000,12,1.000000,0,0,4,4021,0,0,0,1.000000,1005.250000,4,0,4021,0,852.000,852,beta_scale_calibration,BG1_first4_high_rate,B,4,7,7,5,0.436,5,11.467890,0-2-1-3,200,4,True,71
B_g0.436_b6,fixed,4.9,4,4,1.00000000,0.51010916,1.00000000,119,0.0035215436,12.000000,0.000000,0.000000,12,1.000000,0,0,4,4021,0,0,0,1.000000,1005.250000,4,0,4021,0,852.000,852,beta_scale_calibration,BG1_first4_high_rate,B,4,7,7,5,0.436,6,13.761468,0-2-1-3,200,4,True,71
B_g0.436_b7,fixed,4.9,4,4,1.00000000,0.51010916,1.00000000,119,0.0035215436,12.000000,0.000000,0.000000,12,1.000000,0,0,4,4021,0,0,0,1.000000,1005.250000,4,0,4021,0,852.000,852,beta_scale_calibration,BG1_first4_high_rate,B,4,7,7,5,0.436,7,16.055046,0-2-1-3,200,4,True,71
B_g0.5_b0,fixed,4.9,4,0,0.00000000,0.00000000,0.48989084,0,0.0000000000,4.750000,0.250000,4.750000,5,0.000000,0,4,0,8104,0,0,0,1.000000,2026.000000,0,4,0,8104,337.250,852,beta_scale_calibration,BG1_first4_high_rate,B,4,7,7,5,0.5,0,0.000000,0-2-1-3,200,4,True,71
B_g0.5_b1,fixed,4.9,4,4,1.00000000,0.51010916,1.00000000,158,0.0046756629,12.000000,0.000000,0.000000,12,1.000000,0,0,4,8104,0,0,0,1.000000,2026.000000,4,0,8104,0,852.000,852,beta_scale_calibration,BG1_first4_high_rate,B,4,7,7,5,0.5,1,2.000000,0-2-1-3,200,4,True,71
B_g0.5_b2,fixed,4.9,4,4,1.00000000,0.51010916,1.00000000,134,0.0039654356,12.000000,0.000000,0.000000,12,1.000000,0,0,4,8104,0,0,0,1.000000,2026.000000,4,0,8104,0,852.000,852,beta_scale_calibration,BG1_first4_high_rate,B,4,7,7,5,0.5,2,4.000000,0-2-1-3,200,4,True,71
B_g0.5_b3,fixed,4.9,4,4,1.00000000,0.51010916,1.00000000,134,0.0039654356,12.000000,0.000000,0.000000,12,1.000000,0,0,4,8104,0,0,0,1.000000,2026.000000,4,0,8104,0,852.000,852,beta_scale_calibration,BG1_first4_high_rate,B,4,7,7,5,0.5,3,6.000000,0-2-1-3,200,4,True,71
B_g0.5_b4,fixed,4.9,4,4,1.00000000,0.51010916,1.00000000,134,0.0039654356,12.000000,0.000000,0.000000,12,1.000000,0,0,4,8104,0,0,0,1.000000,2026.000000,4,0,8104,0,852.000,852,beta_scale_calibration,BG1_first4_high_rate,B,4,7,7,5,0.5,4,8.000000,0-2-1-3,200,4,True,71
B_g0.5_b5,fixed,4.9,4,4,1.00000000,0.51010916,1.00000000,134,0.0039654356,12.000000,0.000000,0.000000,12,1.000000,0,0,4,8104,0,0,0,1.000000,2026.000000,4,0,8104,0,852.000,852,beta_scale_calibration,BG1_first4_high_rate,B,4,7,7,5,0.5,5,10.000000,0-2-1-3,200,4,True,71
B_g0.5_b6,fixed,4.9,4,4,1.00000000,0.51010916,1.00000000,134,0.0039654356,12.000000,0.000000,0.000000,12,1.000000,0,0,4,8104,0,0,0,1.000000,2026.000000,4,0,8104,0,852.000,852,beta_scale_calibration,BG1_first4_high_rate,B,4,7,7,5,0.5,6,12.000000,0-2-1-3,200,4,True,71
B_g0.5_b7,fixed,4.9,4,4,1.00000000,0.51010916,1.00000000,134,0.0039654356,12.000000,0.000000,0.000000,12,1.000000,0,0,4,8104,0,0,0,1.000000,2026.000000,4,0,8104,0,852.000,852,beta_scale_calibration,BG1_first4_high_rate,B,4,7,7,5,0.5,7,14.000000,0-2-1-3,200,4,True,71
B_g0.527_b0,fixed,4.9,4,0,0.00000000,0.00000000,0.48989084,0,0.0000000000,4.750000,0.250000,4.750000,5,0.000000,0,4,0,9959,0,0,0,1.000000,2489.750000,0,4,0,9959,337.250,852,beta_scale_calibration,BG1_first4_high_rate,B,4,7,7,5,0.527,0,0.000000,0-2-1-3,200,4,True,71
B_g0.527_b1,fixed,4.9,4,4,1.00000000,0.51010916,1.00000000,172,0.0050899621,12.000000,0.000000,0.000000,12,1.000000,0,0,4,9959,0,0,0,1.000000,2489.750000,4,0,9959,0,852.000,852,beta_scale_calibration,BG1_first4_high_rate,B,4,7,7,5,0.527,1,1.897533,0-2-1-3,200,4,True,71
B_g0.527_b2,fixed,4.9,4,4,1.00000000,0.51010916,1.00000000,142,0.0042021780,12.000000,0.000000,0.000000,12,1.000000,0,0,4,9959,0,0,0,1.000000,2489.750000,4,0,9959,0,852.000,852,beta_scale_calibration,BG1_first4_high_rate,B,4,7,7,5,0.527,2,3.795066,0-2-1-3,200,4,True,71
B_g0.527_b3,fixed,4.9,4,4,1.00000000,0.51010916,1.00000000,142,0.0042021780,12.000000,0.000000,0.000000,12,1.000000,0,0,4,9959,0,0,0,1.000000,2489.750000,4,0,9959,0,852.000,852,beta_scale_calibration,BG1_first4_high_rate,B,4,7,7,5,0.527,3,5.692600,0-2-1-3,200,4,True,71
B_g0.527_b4,fixed,4.9,4,4,1.00000000,0.51010916,1.00000000,142,0.0042021780,12.000000,0.000000,0.000000,12,1.000000,0,0,4,9959,0,0,0,1.000000,2489.750000,4,0,9959,0,852.000,852,beta_scale_calibration,BG1_first4_high_rate,B,4,7,7,5,0.527,4,7.590133,0-2-1-3,200,4,True,71
B_g0.527_b5,fixed,4.9,4,4,1.00000000,0.51010916,1.00000000,142,0.0042021780,12.000000,0.000000,0.000000,12,1.000000,0,0,4,9959,0,0,0,1.000000,2489.750000,4,0,9959,0,852.000,852,beta_scale_calibration,BG1_first4_high_rate,B,4,7,7,5,0.527,5,9.487666,0-2-1-3,200,4,True,71
B_g0.527_b6,fixed,4.9,4,4,1.00000000,0.51010916,1.00000000,142,0.0042021780,12.000000,0.000000,0.000000,12,1.000000,0,0,4,9959,0,0,0,1.000000,2489.750000,4,0,9959,0,852.000,852,beta_scale_calibration,BG1_first4_high_rate,B,4,7,7,5,0.527,6,11.385199,0-2-1-3,200,4,True,71
B_g0.527_b7,fixed,4.9,4,4,1.00000000,0.51010916,1.00000000,142,0.0042021780,12.000000,0.000000,0.000000,12,1.000000,0,0,4,9959,0,0,0,1.000000,2489.750000,4,0,9959,0,852.000,852,beta_scale_calibration,BG1_first4_high_rate,B,4,7,7,5,0.527,7,13.282732,0-2-1-3,200,4,True,71
B_g0.75_b0,fixed,4.9,4,0,0.00000000,0.00000000,0.48989084,0,0.0000000000,4.250000,0.250000,4.250000,5,0.000000,0,4,0,22479,0,0,0,1.000000,5619.750000,0,4,0,22479,301.750,852,beta_scale_calibration,BG1_first4_high_rate,B,4,7,7,5,0.75,0,0.000000,0-2-1-3,200,4,True,71
B_g0.75_b1,fixed,4.9,4,3,0.75000000,0.30064184,0.95441274,76,0.0022490530,11.500000,0.500000,10.000000,12,0.750000,0,1,3,22479,0,0,0,1.000000,5619.750000,3,1,16865,5614,816.500,852,beta_scale_calibration,BG1_first4_high_rate,B,4,7,7,5,0.75,1,1.333333,0-2-1-3,200,4,True,71
B_g0.75_b2,fixed,4.9,4,4,1.00000000,0.51010916,1.00000000,180,0.0053267045,12.000000,0.000000,0.000000,12,1.000000,0,0,4,22479,0,0,0,1.000000,5619.750000,4,0,22479,0,852.000,852,beta_scale_calibration,BG1_first4_high_rate,B,4,7,7,5,0.75,2,2.666667,0-2-1-3,200,4,True,71
B_g0.75_b3,fixed,4.9,4,4,1.00000000,0.51010916,1.00000000,167,0.0049419981,12.000000,0.000000,0.000000,12,1.000000,0,0,4,22479,0,0,0,1.000000,5619.750000,4,0,22479,0,852.000,852,beta_scale_calibration,BG1_first4_high_rate,B,4,7,7,5,0.75,3,4.000000,0-2-1-3,200,4,True,71
B_g0.75_b4,fixed,4.9,4,4,1.00000000,0.51010916,1.00000000,166,0.0049124053,12.000000,0.000000,0.000000,12,1.000000,0,0,4,22479,0,0,0,1.000000,5619.750000,4,0,22479,0,852.000,852,beta_scale_calibration,BG1_first4_high_rate,B,4,7,7,5,0.75,4,5.333333,0-2-1-3,200,4,True,71
B_g0.75_b5,fixed,4.9,4,4,1.00000000,0.51010916,1.00000000,166,0.0049124053,12.000000,0.000000,0.000000,12,1.000000,0,0,4,22479,0,0,0,1.000000,5619.750000,4,0,22479,0,852.000,852,beta_scale_calibration,BG1_first4_high_rate,B,4,7,7,5,0.75,5,6.666667,0-2-1-3,200,4,True,71
B_g0.75_b6,fixed,4.9,4,4,1.00000000,0.51010916,1.00000000,166,0.0049124053,12.000000,0.000000,0.000000,12,1.000000,0,0,4,22479,0,0,0,1.000000,5619.750000,4,0,22479,0,852.000,852,beta_scale_calibration,BG1_first4_high_rate,B,4,7,7,5,0.75,6,8.000000,0-2-1-3,200,4,True,71
B_g0.75_b7,fixed,4.9,4,4,1.00000000,0.51010916,1.00000000,166,0.0049124053,12.000000,0.000000,0.000000,12,1.000000,0,0,4,22479,0,0,0,1.000000,5619.750000,4,0,22479,0,852.000,852,beta_scale_calibration,BG1_first4_high_rate,B,4,7,7,5,0.75,7,9.333333,0-2-1-3,200,4,True,71
B_g1.0_b0,fixed,4.9,4,0,0.00000000,0.00000000,0.48989084,0,0.0000000000,4.750000,0.478714,4.750000,6,0.000000,0,4,0,29193,0,3106,0,1.000000,8074.750000,0,4,0,32299,337.250,852,beta_scale_calibration,BG1_first4_high_rate,B,4,7,7,5,1.0,0,0.000000,0-2-1-3,200,4,True,71
B_g1.0_b1,fixed,4.9,4,0,0.00000000,0.00000000,0.48989084,0,0.0000000000,6.000000,0.408248,6.000000,7,0.000000,0,4,0,29193,0,0,0,1.000000,7298.250000,0,4,0,29193,426.000,852,beta_scale_calibration,BG1_first4_high_rate,B,4,7,7,5,1.0,1,1.000000,0-2-1-3,200,4,True,71
B_g1.0_b2,fixed,4.9,4,4,1.00000000,0.51010916,1.00000000,234,0.0069247159,12.000000,0.000000,0.000000,12,1.000000,0,0,4,29193,0,0,0,1.000000,7298.250000,4,0,29193,0,852.000,852,beta_scale_calibration,BG1_first4_high_rate,B,4,7,7,5,1.0,2,2.000000,0-2-1-3,200,4,True,71
B_g1.0_b3,fixed,4.9,4,4,1.00000000,0.51010916,1.00000000,200,0.0059185606,12.000000,0.000000,0.000000,12,1.000000,0,0,4,29193,0,0,0,1.000000,7298.250000,4,0,29193,0,852.000,852,beta_scale_calibration,BG1_first4_high_rate,B,4,7,7,5,1.0,3,3.000000,0-2-1-3,200,4,True,71
B_g1.0_b4,fixed,4.9,4,4,1.00000000,0.51010916,1.00000000,190,0.0056226326,12.000000,0.000000,0.000000,12,1.000000,0,0,4,29193,0,0,0,1.000000,7298.250000,4,0,29193,0,852.000,852,beta_scale_calibration,BG1_first4_high_rate,B,4,7,7,5,1.0,4,4.000000,0-2-1-3,200,4,True,71
B_g1.0_b5,fixed,4.9,4,4,1.00000000,0.51010916,1.00000000,189,0.0055930398,12.000000,0.000000,0.000000,12,1.000000,0,0,4,29193,0,0,0,1.000000,7298.250000,4,0,29193,0,852.000,852,beta_scale_calibration,BG1_first4_high_rate,B,4,7,7,5,1.0,5,5.000000,0-2-1-3,200,4,True,71
B_g1.0_b6,fixed,4.9,4,4,1.00000000,0.51010916,1.00000000,189,0.0055930398,12.000000,0.000000,0.000000,12,1.000000,0,0,4,29193,0,0,0,1.000000,7298.250000,4,0,29193,0,852.000,852,beta_scale_calibration,BG1_first4_high_rate,B,4,7,7,5,1.0,6,6.000000,0-2-1-3,200,4,True,71
B_g1.0_b7,fixed,4.9,4,4,1.00000000,0.51010916,1.00000000,189,0.0055930398,12.000000,0.000000,0.000000,12,1.000000,0,0,4,29193,0,0,0,1.000000,7298.250000,4,0,29193,0,852.000,852,beta_scale_calibration,BG1_first4_high_rate,B,4,7,7,5,1.0,7,7.000000,0-2-1-3,200,4,True,71
B_g1.5_b0,fixed,4.9,4,0,0.00000000,0.00000000,0.48989084,0,0.0000000000,5.250000,0.250000,5.250000,6,0.000000,0,4,0,33518,0,237,0,1.000000,8438.750000,0,4,0,33755,372.750,852,beta_scale_calibration,BG1_first4_high_rate,B,4,7,7,5,1.5,0,0.000000,0-2-1-3,200,4,True,71
B_g1.5_b1,fixed,4.9,4,0,0.00000000,0.00000000,0.48989084,0,0.0000000000,5.250000,0.250000,5.250000,6,0.000000,0,4,0,33518,0,943,0,1.000000,8615.250000,0,4,0,34461,372.750,852,beta_scale_calibration,BG1_first4_high_rate,B,4,7,7,5,1.5,1,0.666667,0-2-1-3,200,4,True,71
B_g1.5_b2,fixed,4.9,4,4,1.00000000,0.51010916,1.00000000,233,0.0068951231,12.000000,0.000000,0.000000,12,1.000000,0,0,4,33518,0,0,0,1.000000,8379.500000,4,0,33518,0,852.000,852,beta_scale_calibration,BG1_first4_high_rate,B,4,7,7,5,1.5,2,1.333333,0-2-1-3,200,4,True,71
B_g1.5_b3,fixed,4.9,4,4,1.00000000,0.51010916,1.00000000,266,0.0078716856,12.000000,0.000000,0.000000,12,1.000000,0,0,4,33518,0,0,0,1.000000,8379.500000,4,0,33518,0,852.000,852,beta_scale_calibration,BG1_first4_high_rate,B,4,7,7,5,1.5,3,2.000000,0-2-1-3,200,4,True,71
B_g1.5_b4,fixed,4.9,4,4,1.00000000,0.51010916,1.00000000,224,0.0066287879,12.000000,0.000000,0.000000,12,1.000000,0,0,4,33518,0,0,0,1.000000,8379.500000,4,0,33518,0,852.000,852,beta_scale_calibration,BG1_first4_high_rate,B,4,7,7,5,1.5,4,2.666667,0-2-1-3,200,4,True,71
B_g1.5_b5,fixed,4.9,4,4,1.00000000,0.51010916,1.00000000,219,0.0064808239,12.000000,0.000000,0.000000,12,1.000000,0,0,4,33518,0,0,0,1.000000,8379.500000,4,0,33518,0,852.000,852,beta_scale_calibration,BG1_first4_high_rate,B,4,7,7,5,1.5,5,3.333333,0-2-1-3,200,4,True,71
B_g1.5_b6,fixed,4.9,4,4,1.00000000,0.51010916,1.00000000,215,0.0063624527,12.000000,0.000000,0.000000,12,1.000000,0,0,4,33518,0,0,0,1.000000,8379.500000,4,0,33518,0,852.000,852,beta_scale_calibration,BG1_first4_high_rate,B,4,7,7,5,1.5,6,4.000000,0-2-1-3,200,4,True,71
B_g1.5_b7,fixed,4.9,4,4,1.00000000,0.51010916,1.00000000,213,0.0063032670,12.000000,0.000000,0.000000,12,1.000000,0,0,4,33518,0,0,0,1.000000,8379.500000,4,0,33518,0,852.000,852,beta_scale_calibration,BG1_first4_high_rate,B,4,7,7,5,1.5,7,4.666667,0-2-1-3,200,4,True,71
B_g2.0_b0,fixed,4.9,4,0,0.00000000,0.00000000,0.48989084,0,0.0000000000,6.750000,0.478714,6.750000,8,0.000000,0,4,0,34838,0,6394,15,1.000000,10311.750000,0,4,0,41247,479.250,852,beta_scale_calibration,BG1_first4_high_rate,B,4,7,7,5,2.0,0,0.000000,0-2-1-3,200,4,True,71
B_g2.0_b1,fixed,4.9,4,0,0.00000000,0.00000000,0.48989084,0,0.0000000000,5.250000,0.250000,5.250000,6,0.000000,0,4,0,34838,0,5,0,1.000000,8710.750000,0,4,0,34843,372.750,852,beta_scale_calibration,BG1_first4_high_rate,B,4,7,7,5,2.0,1,0.500000,0-2-1-3,200,4,True,71
B_g2.0_b2,fixed,4.9,4,4,1.00000000,0.51010916,1.00000000,129,0.0038174716,12.000000,0.000000,0.000000,12,1.000000,0,0,4,34838,0,0,0,1.000000,8709.500000,4,0,34838,0,852.000,852,beta_scale_calibration,BG1_first4_high_rate,B,4,7,7,5,2.0,2,1.000000,0-2-1-3,200,4,True,71
B_g2.0_b3,fixed,4.9,4,4,1.00000000,0.51010916,1.00000000,307,0.0090849905,12.000000,0.000000,0.000000,12,1.000000,0,0,4,34838,0,0,0,1.000000,8709.500000,4,0,34838,0,852.000,852,beta_scale_calibration,BG1_first4_high_rate,B,4,7,7,5,2.0,3,1.500000,0-2-1-3,200,4,True,71
B_g2.0_b4,fixed,4.9,4,4,1.00000000,0.51010916,1.00000000,250,0.0073982008,12.000000,0.000000,0.000000,12,1.000000,0,0,4,34838,0,0,0,1.000000,8709.500000,4,0,34838,0,852.000,852,beta_scale_calibration,BG1_first4_high_rate,B,4,7,7,5,2.0,4,2.000000,0-2-1-3,200,4,True,71
B_g2.0_b5,fixed,4.9,4,4,1.00000000,0.51010916,1.00000000,239,0.0070726799,12.000000,0.000000,0.000000,12,1.000000,0,0,4,34838,0,0,0,1.000000,8709.500000,4,0,34838,0,852.000,852,beta_scale_calibration,BG1_first4_high_rate,B,4,7,7,5,2.0,5,2.500000,0-2-1-3,200,4,True,71
B_g2.0_b6,fixed,4.9,4,4,1.00000000,0.51010916,1.00000000,230,0.0068063447,12.000000,0.000000,0.000000,12,1.000000,0,0,4,34838,0,0,0,1.000000,8709.500000,4,0,34838,0,852.000,852,beta_scale_calibration,BG1_first4_high_rate,B,4,7,7,5,2.0,6,3.000000,0-2-1-3,200,4,True,71
B_g2.0_b7,fixed,4.9,4,4,1.00000000,0.51010916,1.00000000,221,0.0065400095,12.000000,0.000000,0.000000,12,1.000000,0,0,4,34838,0,0,0,1.000000,8709.500000,4,0,34838,0,852.000,852,beta_scale_calibration,BG1_first4_high_rate,B,4,7,7,5,2.0,7,3.500000,0-2-1-3,200,4,True,71
B_g3.0_b0,fixed,4.9,4,1,0.25000000,0.04558726,0.69935816,26,0.0007694129,10.250000,0.853913,9.666667,12,0.250000,0,3,1,35734,0,20076,382,1.000000,14048.000000,1,3,8928,47264,727.750,852,beta_scale_calibration,BG1_first4_high_rate,B,4,7,7,5,3.0,0,0.000000,0-2-1-3,200,4,True,71
B_g3.0_b1,fixed,4.9,4,0,0.00000000,0.00000000,0.48989084,0,0.0000000000,7.500000,0.500000,7.500000,8,0.000000,0,4,0,35734,0,38,0,1.000000,8943.000000,0,4,0,35772,532.500,852,beta_scale_calibration,BG1_first4_high_rate,B,4,7,7,5,3.0,1,0.333333,0-2-1-3,200,4,True,71
B_g3.0_b2,fixed,4.9,4,4,1.00000000,0.51010916,1.00000000,215,0.0063624527,12.000000,0.000000,0.000000,12,1.000000,0,0,4,35734,0,0,0,1.000000,8933.500000,4,0,35734,0,852.000,852,beta_scale_calibration,BG1_first4_high_rate,B,4,7,7,5,3.0,2,0.666667,0-2-1-3,200,4,True,71
B_g3.0_b3,fixed,4.9,4,4,1.00000000,0.51010916,1.00000000,358,0.0105942235,12.000000,0.000000,0.000000,12,1.000000,0,0,4,35734,0,0,0,1.000000,8933.500000,4,0,35734,0,852.000,852,beta_scale_calibration,BG1_first4_high_rate,B,4,7,7,5,3.0,3,1.000000,0-2-1-3,200,4,True,71
B_g3.0_b4,fixed,4.9,4,4,1.00000000,0.51010916,1.00000000,283,0.0083747633,12.000000,0.000000,0.000000,12,1.000000,0,0,4,35734,0,0,0,1.000000,8933.500000,4,0,35734,0,852.000,852,beta_scale_calibration,BG1_first4_high_rate,B,4,7,7,5,3.0,4,1.333333,0-2-1-3,200,4,True,71
B_g3.0_b5,fixed,4.9,4,4,1.00000000,0.51010916,1.00000000,272,0.0080492424,12.000000,0.000000,0.000000,12,1.000000,0,0,4,35734,0,0,0,1.000000,8933.500000,4,0,35734,0,852.000,852,beta_scale_calibration,BG1_first4_high_rate,B,4,7,7,5,3.0,5,1.666667,0-2-1-3,200,4,True,71
B_g3.0_b6,fixed,4.9,4,4,1.00000000,0.51010916,1.00000000,263,0.0077829072,12.000000,0.000000,0.000000,12,1.000000,0,0,4,35734,0,0,0,1.000000,8933.500000,4,0,35734,0,852.000,852,beta_scale_calibration,BG1_first4_high_rate,B,4,7,7,5,3.0,6,2.000000,0-2-1-3,200,4,True,71
B_g3.0_b7,fixed,4.9,4,4,1.00000000,0.51010916,1.00000000,230,0.0068063447,12.000000,0.000000,0.000000,12,1.000000,0,0,4,35734,0,0,0,1.000000,8933.500000,4,0,35734,0,852.000,852,beta_scale_calibration,BG1_first4_high_rate,B,4,7,7,5,3.0,7,2.333333,0-2-1-3,200,4,True,71
B_g4.0_b0,fixed,4.9,4,3,0.75000000,0.30064184,0.95441274,256,0.0075757576,11.750000,0.250000,11.000000,12,0.750000,0,1,3,36077,0,74,0,1.000000,9037.750000,3,1,27064,9087,834.250,852,beta_scale_calibration,BG1_first4_high_rate,B,4,7,7,5,4.0,0,0.000000,0-2-1-3,200,4,True,71
B_g4.0_b1,fixed,4.9,4,1,0.25000000,0.04558726,0.69935816,49,0.0014500473,10.500000,0.957427,9.000000,12,0.500000,0,2,2,36077,0,68,0,1.000000,9036.250000,1,3,9017,27128,745.500,852,beta_scale_calibration,BG1_first4_high_rate,B,4,7,7,5,4.0,1,0.250000,0-2-1-3,200,4,True,71
B_g4.0_b2,fixed,4.9,4,4,1.00000000,0.51010916,1.00000000,306,0.0090553977,12.000000,0.000000,0.000000,12,1.000000,0,0,4,36077,0,0,0,1.000000,9019.250000,4,0,36077,0,852.000,852,beta_scale_calibration,BG1_first4_high_rate,B,4,7,7,5,4.0,2,0.500000,0-2-1-3,200,4,True,71
B_g4.0_b3,fixed,4.9,4,4,1.00000000,0.51010916,1.00000000,410,0.0121330492,12.000000,0.000000,0.000000,12,1.000000,0,0,4,36077,0,0,0,1.000000,9019.250000,4,0,36077,0,852.000,852,beta_scale_calibration,BG1_first4_high_rate,B,4,7,7,5,4.0,3,0.750000,0-2-1-3,200,4,True,71
B_g4.0_b4,fixed,4.9,4,4,1.00000000,0.51010916,1.00000000,311,0.0092033617,12.000000,0.000000,0.000000,12,1.000000,0,0,4,36077,0,0,0,1.000000,9019.250000,4,0,36077,0,852.000,852,beta_scale_calibration,BG1_first4_high_rate,B,4,7,7,5,4.0,4,1.000000,0-2-1-3,200,4,True,71
B_g4.0_b5,fixed,4.9,4,4,1.00000000,0.51010916,1.00000000,297,0.0087890625,12.000000,0.000000,0.000000,12,1.000000,0,0,4,36077,0,0,0,1.000000,9019.250000,4,0,36077,0,852.000,852,beta_scale_calibration,BG1_first4_high_rate,B,4,7,7,5,4.0,5,1.250000,0-2-1-3,200,4,True,71
B_g4.0_b6,fixed,4.9,4,4,1.00000000,0.51010916,1.00000000,287,0.0084931345,12.000000,0.000000,0.000000,12,1.000000,0,0,4,36077,0,0,0,1.000000,9019.250000,4,0,36077,0,852.000,852,beta_scale_calibration,BG1_first4_high_rate,B,4,7,7,5,4.0,6,1.500000,0-2-1-3,200,4,True,71
B_g4.0_b7,fixed,4.9,4,4,1.00000000,0.51010916,1.00000000,240,0.0071022727,12.000000,0.000000,0.000000,12,1.000000,0,0,4,36077,0,0,0,1.000000,9019.250000,4,0,36077,0,852.000,852,beta_scale_calibration,BG1_first4_high_rate,B,4,7,7,5,4.0,7,1.750000,0-2-1-3,200,4,True,71
B_g6.0_b0,fixed,4.9,4,4,1.00000000,0.51010916,1.00000000,450,0.0133167614,12.000000,0.000000,0.000000,12,1.000000,0,0,4,36339,0,0,0,1.000000,9084.750000,4,0,36339,0,852.000,852,beta_scale_calibration,BG1_first4_high_rate,B,4,7,7,5,6.0,0,0.000000,0-2-1-3,200,4,True,71
B_g6.0_b1,fixed,4.9,4,4,1.00000000,0.51010916,1.00000000,218,0.0064512311,12.000000,0.000000,0.000000,12,1.000000,0,0,4,36339,0,0,0,1.000000,9084.750000,4,0,36339,0,852.000,852,beta_scale_calibration,BG1_first4_high_rate,B,4,7,7,5,6.0,1,0.166667,0-2-1-3,200,4,True,71
B_g6.0_b2,fixed,4.9,4,4,1.00000000,0.51010916,1.00000000,379,0.0112156723,12.000000,0.000000,0.000000,12,1.000000,0,0,4,36339,0,0,0,1.000000,9084.750000,4,0,36339,0,852.000,852,beta_scale_calibration,BG1_first4_high_rate,B,4,7,7,5,6.0,2,0.333333,0-2-1-3,200,4,True,71
B_g6.0_b3,fixed,4.9,4,4,1.00000000,0.51010916,1.00000000,456,0.0134943182,12.000000,0.000000,0.000000,12,1.000000,0,0,4,36339,0,0,0,1.000000,9084.750000,4,0,36339,0,852.000,852,beta_scale_calibration,BG1_first4_high_rate,B,4,7,7,5,6.0,3,0.500000,0-2-1-3,200,4,True,71
B_g6.0_b4,fixed,4.9,4,4,1.00000000,0.51010916,1.00000000,362,0.0107125947,12.000000,0.000000,0.000000,12,1.000000,0,0,4,36339,0,0,0,1.000000,9084.750000,4,0,36339,0,852.000,852,beta_scale_calibration,BG1_first4_high_rate,B,4,7,7,5,6.0,4,0.666667,0-2-1-3,200,4,True,71
B_g6.0_b5,fixed,4.9,4,4,1.00000000,0.51010916,1.00000000,348,0.0102982955,12.000000,0.000000,0.000000,12,1.000000,0,0,4,36339,0,0,0,1.000000,9084.750000,4,0,36339,0,852.000,852,beta_scale_calibration,BG1_first4_high_rate,B,4,7,7,5,6.0,5,0.833333,0-2-1-3,200,4,True,71
B_g6.0_b6,fixed,4.9,4,4,1.00000000,0.51010916,1.00000000,325,0.0096176610,12.000000,0.000000,0.000000,12,1.000000,0,0,4,36339,0,0,0,1.000000,9084.750000,4,0,36339,0,852.000,852,beta_scale_calibration,BG1_first4_high_rate,B,4,7,7,5,6.0,6,1.000000,0-2-1-3,200,4,True,71
B_g6.0_b7,fixed,4.9,4,4,1.00000000,0.51010916,1.00000000,251,0.0074277936,12.000000,0.000000,0.000000,12,1.000000,0,0,4,36339,0,0,0,1.000000,9084.750000,4,0,36339,0,852.000,852,beta_scale_calibration,BG1_first4_high_rate,B,4,7,7,5,6.0,7,1.166667,0-2-1-3,200,4,True,71
B_g8.0_b0,fixed,4.9,4,4,1.00000000,0.51010916,1.00000000,515,0.0152402936,12.000000,0.000000,0.000000,12,1.000000,0,0,4,36478,0,0,0,1.000000,9119.500000,4,0,36478,0,852.000,852,beta_scale_calibration,BG1_first4_high_rate,B,4,7,7,5,8.0,0,0.000000,0-2-1-3,200,4,True,71
B_g8.0_b1,fixed,4.9,4,4,1.00000000,0.51010916,1.00000000,367,0.0108605587,12.000000,0.000000,0.000000,12,1.000000,0,0,4,36478,0,0,0,1.000000,9119.500000,4,0,36478,0,852.000,852,beta_scale_calibration,BG1_first4_high_rate,B,4,7,7,5,8.0,1,0.125000,0-2-1-3,200,4,True,71
B_g8.0_b2,fixed,4.9,4,4,1.00000000,0.51010916,1.00000000,459,0.0135830966,12.000000,0.000000,0.000000,12,1.000000,0,0,4,36478,0,0,0,1.000000,9119.500000,4,0,36478,0,852.000,852,beta_scale_calibration,BG1_first4_high_rate,B,4,7,7,5,8.0,2,0.250000,0-2-1-3,200,4,True,71
B_g8.0_b3,fixed,4.9,4,4,1.00000000,0.51010916,1.00000000,496,0.0146780303,12.000000,0.000000,0.000000,12,1.000000,0,0,4,36478,0,0,0,1.000000,9119.500000,4,0,36478,0,852.000,852,beta_scale_calibration,BG1_first4_high_rate,B,4,7,7,5,8.0,3,0.375000,0-2-1-3,200,4,True,71
B_g8.0_b4,fixed,4.9,4,4,1.00000000,0.51010916,1.00000000,381,0.0112748580,12.000000,0.000000,0.000000,12,1.000000,0,0,4,36478,0,0,0,1.000000,9119.500000,4,0,36478,0,852.000,852,beta_scale_calibration,BG1_first4_high_rate,B,4,7,7,5,8.0,4,0.500000,0-2-1-3,200,4,True,71
B_g8.0_b5,fixed,4.9,4,4,1.00000000,0.51010916,1.00000000,370,0.0109493371,12.000000,0.000000,0.000000,12,1.000000,0,0,4,36478,0,0,0,1.000000,9119.500000,4,0,36478,0,852.000,852,beta_scale_calibration,BG1_first4_high_rate,B,4,7,7,5,8.0,5,0.625000,0-2-1-3,200,4,True,71
B_g8.0_b6,fixed,4.9,4,4,1.00000000,0.51010916,1.00000000,361,0.0106830019,12.000000,0.000000,0.000000,12,1.000000,0,0,4,36478,0,0,0,1.000000,9119.500000,4,0,36478,0,852.000,852,beta_scale_calibration,BG1_first4_high_rate,B,4,7,7,5,8.0,6,0.750000,0-2-1-3,200,4,True,71
B_g8.0_b7,fixed,4.9,4,4,1.00000000,0.51010916,1.00000000,254,0.0075165720,12.000000,0.000000,0.000000,12,1.000000,0,0,4,36478,0,0,0,1.000000,9119.500000,4,0,36478,0,852.000,852,beta_scale_calibration,BG1_first4_high_rate,B,4,7,7,5,8.0,7,0.875000,0-2-1-3,200,4,True,71
C_g0.5_b0,fixed,4.9,4,0,0.00000000,0.00000000,0.48989084,0,0.0000000000,4.750000,0.250000,4.750000,5,0.000000,0,4,0,2,0,0,0,0.250000,0.500000,0,1,0,2,337.250,852,beta_scale_calibration,BG1_first4_high_rate,C,5,7,7,6,0.5,0,0.000000,0-2-1-3,200,4,True,71
C_g0.5_b1,fixed,4.9,4,4,1.00000000,0.51010916,1.00000000,158,0.0046756629,12.000000,0.000000,0.000000,12,1.000000,0,0,4,2,0,0,0,0.250000,0.500000,1,0,2,0,852.000,852,beta_scale_calibration,BG1_first4_high_rate,C,5,7,7,6,0.5,1,2.000000,0-2-1-3,200,4,True,71
C_g0.5_b2,fixed,4.9,4,4,1.00000000,0.51010916,1.00000000,134,0.0039654356,12.000000,0.000000,0.000000,12,1.000000,0,0,4,2,0,0,0,0.250000,0.500000,1,0,2,0,852.000,852,beta_scale_calibration,BG1_first4_high_rate,C,5,7,7,6,0.5,2,4.000000,0-2-1-3,200,4,True,71
C_g0.5_b3,fixed,4.9,4,4,1.00000000,0.51010916,1.00000000,134,0.0039654356,12.000000,0.000000,0.000000,12,1.000000,0,0,4,2,0,0,0,0.250000,0.500000,1,0,2,0,852.000,852,beta_scale_calibration,BG1_first4_high_rate,C,5,7,7,6,0.5,3,6.000000,0-2-1-3,200,4,True,71
C_g0.5_b4,fixed,4.9,4,4,1.00000000,0.51010916,1.00000000,134,0.0039654356,12.000000,0.000000,0.000000,12,1.000000,0,0,4,2,0,0,0,0.250000,0.500000,1,0,2,0,852.000,852,beta_scale_calibration,BG1_first4_high_rate,C,5,7,7,6,0.5,4,8.000000,0-2-1-3,200,4,True,71
C_g0.5_b5,fixed,4.9,4,4,1.00000000,0.51010916,1.00000000,134,0.0039654356,12.000000,0.000000,0.000000,12,1.000000,0,0,4,2,0,0,0,0.250000,0.500000,1,0,2,0,852.000,852,beta_scale_calibration,BG1_first4_high_rate,C,5,7,7,6,0.5,5,10.000000,0-2-1-3,200,4,True,71
C_g0.5_b6,fixed,4.9,4,4,1.00000000,0.51010916,1.00000000,134,0.0039654356,12.000000,0.000000,0.000000,12,1.000000,0,0,4,2,0,0,0,0.250000,0.500000,1,0,2,0,852.000,852,beta_scale_calibration,BG1_first4_high_rate,C,5,7,7,6,0.5,6,12.000000,0-2-1-3,200,4,True,71
C_g0.5_b7,fixed,4.9,4,4,1.00000000,0.51010916,1.00000000,134,0.0039654356,12.000000,0.000000,0.000000,12,1.000000,0,0,4,2,0,0,0,0.250000,0.500000,1,0,2,0,852.000,852,beta_scale_calibration,BG1_first4_high_rate,C,5,7,7,6,0.5,7,14.000000,0-2-1-3,200,4,True,71
C_g0.595_b0,fixed,4.9,4,0,0.00000000,0.00000000,0.48989084,0,0.0000000000,4.500000,0.288675,4.500000,5,0.000000,0,4,0,33,0,0,0,1.000000,8.250000,0,4,0,33,319.500,852,beta_scale_calibration,BG1_first4_high_rate,C,5,7,7,6,0.595,0,0.000000,0-2-1-3,200,4,True,71
C_g0.595_b1,fixed,4.9,4,4,1.00000000,0.51010916,1.00000000,189,0.0055930398,12.000000,0.000000,0.000000,12,1.000000,0,0,4,33,0,0,0,1.000000,8.250000,4,0,33,0,852.000,852,beta_scale_calibration,BG1_first4_high_rate,C,5,7,7,6,0.595,1,1.680672,0-2-1-3,200,4,True,71
C_g0.595_b2,fixed,4.9,4,4,1.00000000,0.51010916,1.00000000,151,0.0044685133,12.000000,0.000000,0.000000,12,1.000000,0,0,4,33,0,0,0,1.000000,8.250000,4,0,33,0,852.000,852,beta_scale_calibration,BG1_first4_high_rate,C,5,7,7,6,0.595,2,3.361345,0-2-1-3,200,4,True,71
C_g0.595_b3,fixed,4.9,4,4,1.00000000,0.51010916,1.00000000,149,0.0044093277,12.000000,0.000000,0.000000,12,1.000000,0,0,4,33,0,0,0,1.000000,8.250000,4,0,33,0,852.000,852,beta_scale_calibration,BG1_first4_high_rate,C,5,7,7,6,0.595,3,5.042017,0-2-1-3,200,4,True,71
C_g0.595_b4,fixed,4.9,4,4,1.00000000,0.51010916,1.00000000,149,0.0044093277,12.000000,0.000000,0.000000,12,1.000000,0,0,4,33,0,0,0,1.000000,8.250000,4,0,33,0,852.000,852,beta_scale_calibration,BG1_first4_high_rate,C,5,7,7,6,0.595,4,6.722689,0-2-1-3,200,4,True,71
C_g0.595_b5,fixed,4.9,4,4,1.00000000,0.51010916,1.00000000,149,0.0044093277,12.000000,0.000000,0.000000,12,1.000000,0,0,4,33,0,0,0,1.000000,8.250000,4,0,33,0,852.000,852,beta_scale_calibration,BG1_first4_high_rate,C,5,7,7,6,0.595,5,8.403361,0-2-1-3,200,4,True,71
C_g0.595_b6,fixed,4.9,4,4,1.00000000,0.51010916,1.00000000,149,0.0044093277,12.000000,0.000000,0.000000,12,1.000000,0,0,4,33,0,0,0,1.000000,8.250000,4,0,33,0,852.000,852,beta_scale_calibration,BG1_first4_high_rate,C,5,7,7,6,0.595,6,10.084034,0-2-1-3,200,4,True,71
C_g0.595_b7,fixed,4.9,4,4,1.00000000,0.51010916,1.00000000,149,0.0044093277,12.000000,0.000000,0.000000,12,1.000000,0,0,4,33,0,0,0,1.000000,8.250000,4,0,33,0,852.000,852,beta_scale_calibration,BG1_first4_high_rate,C,5,7,7,6,0.595,7,11.764706,0-2-1-3,200,4,True,71
C_g0.697_b0,fixed,4.9,4,0,0.00000000,0.00000000,0.48989084,0,0.0000000000,4.250000,0.250000,4.250000,5,0.000000,0,4,0,419,0,0,0,1.000000,104.750000,0,4,0,419,301.750,852,beta_scale_calibration,BG1_first4_high_rate,C,5,7,7,6,0.697,0,0.000000,0-2-1-3,200,4,True,71
C_g0.697_b1,fixed,4.9,4,4,1.00000000,0.51010916,1.00000000,187,0.0055338542,12.000000,0.000000,0.000000,12,1.000000,0,0,4,419,0,0,0,1.000000,104.750000,4,0,419,0,852.000,852,beta_scale_calibration,BG1_first4_high_rate,C,5,7,7,6,0.697,1,1.434720,0-2-1-3,200,4,True,71
C_g0.697_b2,fixed,4.9,4,4,1.00000000,0.51010916,1.00000000,169,0.0050011837,12.000000,0.000000,0.000000,12,1.000000,0,0,4,419,0,0,0,1.000000,104.750000,4,0,419,0,852.000,852,beta_scale_calibration,BG1_first4_high_rate,C,5,7,7,6,0.697,2,2.869440,0-2-1-3,200,4,True,71
C_g0.697_b3,fixed,4.9,4,4,1.00000000,0.51010916,1.00000000,161,0.0047644413,12.000000,0.000000,0.000000,12,1.000000,0,0,4,419,0,0,0,1.000000,104.750000,4,0,419,0,852.000,852,beta_scale_calibration,BG1_first4_high_rate,C,5,7,7,6,0.697,3,4.304161,0-2-1-3,200,4,True,71
C_g0.697_b4,fixed,4.9,4,4,1.00000000,0.51010916,1.00000000,161,0.0047644413,12.000000,0.000000,0.000000,12,1.000000,0,0,4,419,0,0,0,1.000000,104.750000,4,0,419,0,852.000,852,beta_scale_calibration,BG1_first4_high_rate,C,5,7,7,6,0.697,4,5.738881,0-2-1-3,200,4,True,71
C_g0.697_b5,fixed,4.9,4,4,1.00000000,0.51010916,1.00000000,161,0.0047644413,12.000000,0.000000,0.000000,12,1.000000,0,0,4,419,0,0,0,1.000000,104.750000,4,0,419,0,852.000,852,beta_scale_calibration,BG1_first4_high_rate,C,5,7,7,6,0.697,5,7.173601,0-2-1-3,200,4,True,71
C_g0.697_b6,fixed,4.9,4,4,1.00000000,0.51010916,1.00000000,161,0.0047644413,12.000000,0.000000,0.000000,12,1.000000,0,0,4,419,0,0,0,1.000000,104.750000,4,0,419,0,852.000,852,beta_scale_calibration,BG1_first4_high_rate,C,5,7,7,6,0.697,6,8.608321,0-2-1-3,200,4,True,71
C_g0.697_b7,fixed,4.9,4,4,1.00000000,0.51010916,1.00000000,161,0.0047644413,12.000000,0.000000,0.000000,12,1.000000,0,0,4,419,0,0,0,1.000000,104.750000,4,0,419,0,852.000,852,beta_scale_calibration,BG1_first4_high_rate,C,5,7,7,6,0.697,7,10.043042,0-2-1-3,200,4,True,71
C_g0.75_b0,fixed,4.9,4,0,0.00000000,0.00000000,0.48989084,0,0.0000000000,4.500000,0.288675,4.500000,5,0.000000,0,4,0,934,0,0,4,1.000000,234.500000,0,4,0,938,319.500,852,beta_scale_calibration,BG1_first4_high_rate,C,5,7,7,6,0.75,0,0.000000,0-2-1-3,200,4,True,71
C_g0.75_b1,fixed,4.9,4,3,0.75000000,0.30064184,0.95441274,76,0.0022490530,11.500000,0.500000,10.000000,12,0.750000,0,1,3,934,0,0,0,1.000000,233.500000,3,1,707,227,816.500,852,beta_scale_calibration,BG1_first4_high_rate,C,5,7,7,6,0.75,1,1.333333,0-2-1-3,200,4,True,71
C_g0.75_b2,fixed,4.9,4,4,1.00000000,0.51010916,1.00000000,180,0.0053267045,12.000000,0.000000,0.000000,12,1.000000,0,0,4,934,0,0,0,1.000000,233.500000,4,0,934,0,852.000,852,beta_scale_calibration,BG1_first4_high_rate,C,5,7,7,6,0.75,2,2.666667,0-2-1-3,200,4,True,71
C_g0.75_b3,fixed,4.9,4,4,1.00000000,0.51010916,1.00000000,167,0.0049419981,12.000000,0.000000,0.000000,12,1.000000,0,0,4,934,0,0,0,1.000000,233.500000,4,0,934,0,852.000,852,beta_scale_calibration,BG1_first4_high_rate,C,5,7,7,6,0.75,3,4.000000,0-2-1-3,200,4,True,71
C_g0.75_b4,fixed,4.9,4,4,1.00000000,0.51010916,1.00000000,166,0.0049124053,12.000000,0.000000,0.000000,12,1.000000,0,0,4,934,0,0,0,1.000000,233.500000,4,0,934,0,852.000,852,beta_scale_calibration,BG1_first4_high_rate,C,5,7,7,6,0.75,4,5.333333,0-2-1-3,200,4,True,71
C_g0.75_b5,fixed,4.9,4,4,1.00000000,0.51010916,1.00000000,166,0.0049124053,12.000000,0.000000,0.000000,12,1.000000,0,0,4,934,0,0,0,1.000000,233.500000,4,0,934,0,852.000,852,beta_scale_calibration,BG1_first4_high_rate,C,5,7,7,6,0.75,5,6.666667,0-2-1-3,200,4,True,71
C_g0.75_b6,fixed,4.9,4,4,1.00000000,0.51010916,1.00000000,166,0.0049124053,12.000000,0.000000,0.000000,12,1.000000,0,0,4,934,0,0,0,1.000000,233.500000,4,0,934,0,852.000,852,beta_scale_calibration,BG1_first4_high_rate,C,5,7,7,6,0.75,6,8.000000,0-2-1-3,200,4,True,71
C_g0.75_b7,fixed,4.9,4,4,1.00000000,0.51010916,1.00000000,166,0.0049124053,12.000000,0.000000,0.000000,12,1.000000,0,0,4,934,0,0,0,1.000000,233.500000,4,0,934,0,852.000,852,beta_scale_calibration,BG1_first4_high_rate,C,5,7,7,6,0.75,7,9.333333,0-2-1-3,200,4,True,71
C_g0.817_b0,fixed,4.9,4,0,0.00000000,0.00000000,0.48989084,0,0.0000000000,4.500000,0.288675,4.500000,5,0.000000,0,4,0,2018,0,0,183,1.000000,550.250000,0,4,0,2201,319.500,852,beta_scale_calibration,BG1_first4_high_rate,C,5,7,7,6,0.817,0,0.000000,0-2-1-3,200,4,True,71
C_g0.817_b1,fixed,4.9,4,0,0.00000000,0.00000000,0.48989084,0,0.0000000000,9.500000,0.645497,9.500000,11,0.000000,0,4,0,2018,0,0,0,1.000000,504.500000,0,4,0,2018,674.500,852,beta_scale_calibration,BG1_first4_high_rate,C,5,7,7,6,0.817,1,1.223990,0-2-1-3,200,4,True,71
C_g0.817_b2,fixed,4.9,4,4,1.00000000,0.51010916,1.00000000,195,0.0057705966,12.000000,0.000000,0.000000,12,1.000000,0,0,4,2018,0,0,0,1.000000,504.500000,4,0,2018,0,852.000,852,beta_scale_calibration,BG1_first4_high_rate,C,5,7,7,6,0.817,2,2.447980,0-2-1-3,200,4,True,71
C_g0.817_b3,fixed,4.9,4,4,1.00000000,0.51010916,1.00000000,175,0.0051787405,12.000000,0.000000,0.000000,12,1.000000,0,0,4,2018,0,0,0,1.000000,504.500000,4,0,2018,0,852.000,852,beta_scale_calibration,BG1_first4_high_rate,C,5,7,7,6,0.817,3,3.671971,0-2-1-3,200,4,True,71
C_g0.817_b4,fixed,4.9,4,4,1.00000000,0.51010916,1.00000000,173,0.0051195549,12.000000,0.000000,0.000000,12,1.000000,0,0,4,2018,0,0,0,1.000000,504.500000,4,0,2018,0,852.000,852,beta_scale_calibration,BG1_first4_high_rate,C,5,7,7,6,0.817,4,4.895961,0-2-1-3,200,4,True,71
C_g0.817_b5,fixed,4.9,4,4,1.00000000,0.51010916,1.00000000,173,0.0051195549,12.000000,0.000000,0.000000,12,1.000000,0,0,4,2018,0,0,0,1.000000,504.500000,4,0,2018,0,852.000,852,beta_scale_calibration,BG1_first4_high_rate,C,5,7,7,6,0.817,5,6.119951,0-2-1-3,200,4,True,71
C_g0.817_b6,fixed,4.9,4,4,1.00000000,0.51010916,1.00000000,173,0.0051195549,12.000000,0.000000,0.000000,12,1.000000,0,0,4,2018,0,0,0,1.000000,504.500000,4,0,2018,0,852.000,852,beta_scale_calibration,BG1_first4_high_rate,C,5,7,7,6,0.817,6,7.343941,0-2-1-3,200,4,True,71
C_g0.817_b7,fixed,4.9,4,4,1.00000000,0.51010916,1.00000000,173,0.0051195549,12.000000,0.000000,0.000000,12,1.000000,0,0,4,2018,0,0,0,1.000000,504.500000,4,0,2018,0,852.000,852,beta_scale_calibration,BG1_first4_high_rate,C,5,7,7,6,0.817,7,8.567931,0-2-1-3,200,4,True,71
C_g0.9_b0,fixed,4.9,4,0,0.00000000,0.00000000,0.48989084,0,0.0000000000,4.500000,0.500000,4.500000,6,0.000000,0,4,0,4002,0,0,471,1.000000,1118.250000,0,4,0,4473,319.500,852,beta_scale_calibration,BG1_first4_high_rate,C,5,7,7,6,0.9,0,0.000000,0-2-1-3,200,4,True,71
C_g0.9_b1,fixed,4.9,4,0,0.00000000,0.00000000,0.48989084,0,0.0000000000,7.000000,0.408248,7.000000,8,0.000000,0,4,0,4002,0,0,0,1.000000,1000.500000,0,4,0,4002,497.000,852,beta_scale_calibration,BG1_first4_high_rate,C,5,7,7,6,0.9,1,1.111111,0-2-1-3,200,4,True,71
C_g0.9_b2,fixed,4.9,4,4,1.00000000,0.51010916,1.00000000,212,0.0062736742,12.000000,0.000000,0.000000,12,1.000000,0,0,4,4002,0,0,0,1.000000,1000.500000,4,0,4002,0,852.000,852,beta_scale_calibration,BG1_first4_high_rate,C,5,7,7,6,0.9,2,2.222222,0-2-1-3,200,4,True,71
C_g0.9_b3,fixed,4.9,4,4,1.00000000,0.51010916,1.00000000,183,0.0054154830,12.000000,0.000000,0.000000,12,1.000000,0,0,4,4002,0,0,0,1.000000,1000.500000,4,0,4002,0,852.000,852,beta_scale_calibration,BG1_first4_high_rate,C,5,7,7,6,0.9,3,3.333333,0-2-1-3,200,4,True,71
C_g0.9_b4,fixed,4.9,4,4,1.00000000,0.51010916,1.00000000,179,0.0052971117,12.000000,0.000000,0.000000,12,1.000000,0,0,4,4002,0,0,0,1.000000,1000.500000,4,0,4002,0,852.000,852,beta_scale_calibration,BG1_first4_high_rate,C,5,7,7,6,0.9,4,4.444444,0-2-1-3,200,4,True,71
C_g0.9_b5,fixed,4.9,4,4,1.00000000,0.51010916,1.00000000,179,0.0052971117,12.000000,0.000000,0.000000,12,1.000000,0,0,4,4002,0,0,0,1.000000,1000.500000,4,0,4002,0,852.000,852,beta_scale_calibration,BG1_first4_high_rate,C,5,7,7,6,0.9,5,5.555556,0-2-1-3,200,4,True,71
C_g0.9_b6,fixed,4.9,4,4,1.00000000,0.51010916,1.00000000,179,0.0052971117,12.000000,0.000000,0.000000,12,1.000000,0,0,4,4002,0,0,0,1.000000,1000.500000,4,0,4002,0,852.000,852,beta_scale_calibration,BG1_first4_high_rate,C,5,7,7,6,0.9,6,6.666667,0-2-1-3,200,4,True,71
C_g0.9_b7,fixed,4.9,4,4,1.00000000,0.51010916,1.00000000,179,0.0052971117,12.000000,0.000000,0.000000,12,1.000000,0,0,4,4002,0,0,0,1.000000,1000.500000,4,0,4002,0,852.000,852,beta_scale_calibration,BG1_first4_high_rate,C,5,7,7,6,0.9,7,7.777778,0-2-1-3,200,4,True,71
C_g1.0_b0,fixed,4.9,4,0,0.00000000,0.00000000,0.48989084,0,0.0000000000,4.250000,0.250000,4.250000,5,0.000000,0,4,0,7019,0,0,1,1.000000,1755.000000,0,4,0,7020,301.750,852,beta_scale_calibration,BG1_first4_high_rate,C,5,7,7,6,1.0,0,0.000000,0-2-1-3,200,4,True,71
C_g1.0_b1,fixed,4.9,4,0,0.00000000,0.00000000,0.48989084,0,0.0000000000,6.000000,0.408248,6.000000,7,0.000000,0,4,0,7019,0,0,1,1.000000,1755.000000,0,4,0,7020,426.000,852,beta_scale_calibration,BG1_first4_high_rate,C,5,7,7,6,1.0,1,1.000000,0-2-1-3,200,4,True,71
C_g1.0_b2,fixed,4.9,4,4,1.00000000,0.51010916,1.00000000,234,0.0069247159,12.000000,0.000000,0.000000,12,1.000000,0,0,4,7019,0,0,0,1.000000,1754.750000,4,0,7019,0,852.000,852,beta_scale_calibration,BG1_first4_high_rate,C,5,7,7,6,1.0,2,2.000000,0-2-1-3,200,4,True,71
C_g1.0_b3,fixed,4.9,4,4,1.00000000,0.51010916,1.00000000,200,0.0059185606,12.000000,0.000000,0.000000,12,1.000000,0,0,4,7019,0,0,0,1.000000,1754.750000,4,0,7019,0,852.000,852,beta_scale_calibration,BG1_first4_high_rate,C,5,7,7,6,1.0,3,3.000000,0-2-1-3,200,4,True,71
C_g1.0_b4,fixed,4.9,4,4,1.00000000,0.51010916,1.00000000,190,0.0056226326,12.000000,0.000000,0.000000,12,1.000000,0,0,4,7019,0,0,0,1.000000,1754.750000,4,0,7019,0,852.000,852,beta_scale_calibration,BG1_first4_high_rate,C,5,7,7,6,1.0,4,4.000000,0-2-1-3,200,4,True,71
C_g1.0_b5,fixed,4.9,4,4,1.00000000,0.51010916,1.00000000,189,0.0055930398,12.000000,0.000000,0.000000,12,1.000000,0,0,4,7019,0,0,0,1.000000,1754.750000,4,0,7019,0,852.000,852,beta_scale_calibration,BG1_first4_high_rate,C,5,7,7,6,1.0,5,5.000000,0-2-1-3,200,4,True,71
C_g1.0_b6,fixed,4.9,4,4,1.00000000,0.51010916,1.00000000,189,0.0055930398,12.000000,0.000000,0.000000,12,1.000000,0,0,4,7019,0,0,0,1.000000,1754.750000,4,0,7019,0,852.000,852,beta_scale_calibration,BG1_first4_high_rate,C,5,7,7,6,1.0,6,6.000000,0-2-1-3,200,4,True,71
C_g1.0_b7,fixed,4.9,4,4,1.00000000,0.51010916,1.00000000,189,0.0055930398,12.000000,0.000000,0.000000,12,1.000000,0,0,4,7019,0,0,0,1.000000,1754.750000,4,0,7019,0,852.000,852,beta_scale_calibration,BG1_first4_high_rate,C,5,7,7,6,1.0,7,7.000000,0-2-1-3,200,4,True,71
C_g1.089_b0,fixed,4.9,4,0,0.00000000,0.00000000,0.48989084,0,0.0000000000,4.250000,0.250000,4.250000,5,0.000000,0,4,0,9954,0,0,85,1.000000,2509.750000,0,4,0,10039,301.750,852,beta_scale_calibration,BG1_first4_high_rate,C,5,7,7,6,1.089,0,0.000000,0-2-1-3,200,4,True,71
C_g1.089_b1,fixed,4.9,4,0,0.00000000,0.00000000,0.48989084,0,0.0000000000,5.500000,0.288675,5.500000,6,0.000000,0,4,0,9954,0,0,2,1.000000,2489.000000,0,4,0,9956,390.500,852,beta_scale_calibration,BG1_first4_high_rate,C,5,7,7,6,1.089,1,0.918274,0-2-1-3,200,4,True,71
C_g1.089_b2,fixed,4.9,4,4,1.00000000,0.51010916,1.00000000,248,0.0073390152,12.000000,0.000000,0.000000,12,1.000000,0,0,4,9954,0,0,0,1.000000,2488.500000,4,0,9954,0,852.000,852,beta_scale_calibration,BG1_first4_high_rate,C,5,7,7,6,1.089,2,1.836547,0-2-1-3,200,4,True,71
C_g1.089_b3,fixed,4.9,4,4,1.00000000,0.51010916,1.00000000,209,0.0061848958,12.000000,0.000000,0.000000,12,1.000000,0,0,4,9954,0,0,0,1.000000,2488.500000,4,0,9954,0,852.000,852,beta_scale_calibration,BG1_first4_high_rate,C,5,7,7,6,1.089,3,2.754821,0-2-1-3,200,4,True,71
C_g1.089_b4,fixed,4.9,4,4,1.00000000,0.51010916,1.00000000,196,0.0058001894,12.000000,0.000000,0.000000,12,1.000000,0,0,4,9954,0,0,0,1.000000,2488.500000,4,0,9954,0,852.000,852,beta_scale_calibration,BG1_first4_high_rate,C,5,7,7,6,1.089,4,3.673095,0-2-1-3,200,4,True,71
C_g1.089_b5,fixed,4.9,4,4,1.00000000,0.51010916,1.00000000,194,0.0057410038,12.000000,0.000000,0.000000,12,1.000000,0,0,4,9954,0,0,0,1.000000,2488.500000,4,0,9954,0,852.000,852,beta_scale_calibration,BG1_first4_high_rate,C,5,7,7,6,1.089,5,4.591368,0-2-1-3,200,4,True,71
C_g1.089_b6,fixed,4.9,4,4,1.00000000,0.51010916,1.00000000,194,0.0057410038,12.000000,0.000000,0.000000,12,1.000000,0,0,4,9954,0,0,0,1.000000,2488.500000,4,0,9954,0,852.000,852,beta_scale_calibration,BG1_first4_high_rate,C,5,7,7,6,1.089,6,5.509642,0-2-1-3,200,4,True,71
C_g1.089_b7,fixed,4.9,4,4,1.00000000,0.51010916,1.00000000,194,0.0057410038,12.000000,0.000000,0.000000,12,1.000000,0,0,4,9954,0,0,0,1.000000,2488.500000,4,0,9954,0,852.000,852,beta_scale_calibration,BG1_first4_high_rate,C,5,7,7,6,1.089,7,6.427916,0-2-1-3,200,4,True,71
C_g1.5_b0,fixed,4.9,4,0,0.00000000,0.00000000,0.48989084,0,0.0000000000,4.250000,0.250000,4.250000,5,0.000000,0,4,0,21527,0,0,3288,1.000000,6203.750000,0,4,0,24815,301.750,852,beta_scale_calibration,BG1_first4_high_rate,C,5,7,7,6,1.5,0,0.000000,0-2-1-3,200,4,True,71
C_g1.5_b1,fixed,4.9,4,0,0.00000000,0.00000000,0.48989084,0,0.0000000000,4.000000,0.000000,4.000000,4,0.000000,0,4,0,21527,0,0,0,1.000000,5381.750000,0,4,0,21527,284.000,852,beta_scale_calibration,BG1_first4_high_rate,C,5,7,7,6,1.5,1,0.666667,0-2-1-3,200,4,True,71
C_g1.5_b2,fixed,4.9,4,3,0.75000000,0.30064184,0.95441274,30,0.0008877841,11.250000,0.750000,9.000000,12,0.750000,0,1,3,21527,0,0,4,1.000000,5382.750000,3,1,16153,5378,798.750,852,beta_scale_calibration,BG1_first4_high_rate,C,5,7,7,6,1.5,2,1.333333,0-2-1-3,200,4,True,71
C_g1.5_b3,fixed,4.9,4,4,1.00000000,0.51010916,1.00000000,269,0.0079604640,12.000000,0.000000,0.000000,12,1.000000,0,0,4,21527,0,0,0,1.000000,5381.750000,4,0,21527,0,852.000,852,beta_scale_calibration,BG1_first4_high_rate,C,5,7,7,6,1.5,3,2.000000,0-2-1-3,200,4,True,71
C_g1.5_b4,fixed,4.9,4,4,1.00000000,0.51010916,1.00000000,236,0.0069839015,12.000000,0.000000,0.000000,12,1.000000,0,0,4,21527,0,0,0,1.000000,5381.750000,4,0,21527,0,852.000,852,beta_scale_calibration,BG1_first4_high_rate,C,5,7,7,6,1.5,4,2.666667,0-2-1-3,200,4,True,71
C_g1.5_b5,fixed,4.9,4,4,1.00000000,0.51010916,1.00000000,219,0.0064808239,12.000000,0.000000,0.000000,12,1.000000,0,0,4,21527,0,0,0,1.000000,5381.750000,4,0,21527,0,852.000,852,beta_scale_calibration,BG1_first4_high_rate,C,5,7,7,6,1.5,5,3.333333,0-2-1-3,200,4,True,71
C_g1.5_b6,fixed,4.9,4,4,1.00000000,0.51010916,1.00000000,215,0.0063624527,12.000000,0.000000,0.000000,12,1.000000,0,0,4,21527,0,0,0,1.000000,5381.750000,4,0,21527,0,852.000,852,beta_scale_calibration,BG1_first4_high_rate,C,5,7,7,6,1.5,6,4.000000,0-2-1-3,200,4,True,71
C_g1.5_b7,fixed,4.9,4,4,1.00000000,0.51010916,1.00000000,213,0.0063032670,12.000000,0.000000,0.000000,12,1.000000,0,0,4,21527,0,0,0,1.000000,5381.750000,4,0,21527,0,852.000,852,beta_scale_calibration,BG1_first4_high_rate,C,5,7,7,6,1.5,7,4.666667,0-2-1-3,200,4,True,71
C_g2.0_b0,fixed,4.9,4,0,0.00000000,0.00000000,0.48989084,0,0.0000000000,4.500000,0.500000,4.500000,6,0.000000,0,4,0,28615,76,0,27255,1.000000,13986.500000,0,4,0,55946,319.500,852,beta_scale_calibration,BG1_first4_high_rate,C,5,7,7,6,2.0,0,0.000000,0-2-1-3,200,4,True,71
C_g2.0_b1,fixed,4.9,4,0,0.00000000,0.00000000,0.48989084,0,0.0000000000,4.000000,0.000000,4.000000,4,0.000000,0,4,0,28615,0,0,716,1.000000,7332.750000,0,4,0,29331,284.000,852,beta_scale_calibration,BG1_first4_high_rate,C,5,7,7,6,2.0,1,0.500000,0-2-1-3,200,4,True,71
C_g2.0_b2,fixed,4.9,4,0,0.00000000,0.00000000,0.48989084,0,0.0000000000,6.000000,0.408248,6.000000,7,0.000000,0,4,0,28615,0,0,5284,1.000000,8474.750000,0,4,0,33899,426.000,852,beta_scale_calibration,BG1_first4_high_rate,C,5,7,7,6,2.0,2,1.000000,0-2-1-3,200,4,True,71
C_g2.0_b3,fixed,4.9,4,4,1.00000000,0.51010916,1.00000000,261,0.0077237216,12.000000,0.000000,0.000000,12,1.000000,0,0,4,28615,0,0,0,1.000000,7153.750000,4,0,28615,0,852.000,852,beta_scale_calibration,BG1_first4_high_rate,C,5,7,7,6,2.0,3,1.500000,0-2-1-3,200,4,True,71
C_g2.0_b4,fixed,4.9,4,4,1.00000000,0.51010916,1.00000000,283,0.0083747633,12.000000,0.000000,0.000000,12,1.000000,0,0,4,28615,0,0,0,1.000000,7153.750000,4,0,28615,0,852.000,852,beta_scale_calibration,BG1_first4_high_rate,C,5,7,7,6,2.0,4,2.000000,0-2-1-3,200,4,True,71
C_g2.0_b5,fixed,4.9,4,4,1.00000000,0.51010916,1.00000000,256,0.0075757576,12.000000,0.000000,0.000000,12,1.000000,0,0,4,28615,0,0,0,1.000000,7153.750000,4,0,28615,0,852.000,852,beta_scale_calibration,BG1_first4_high_rate,C,5,7,7,6,2.0,5,2.500000,0-2-1-3,200,4,True,71
C_g2.0_b6,fixed,4.9,4,4,1.00000000,0.51010916,1.00000000,234,0.0069247159,12.000000,0.000000,0.000000,12,1.000000,0,0,4,28615,0,0,0,1.000000,7153.750000,4,0,28615,0,852.000,852,beta_scale_calibration,BG1_first4_high_rate,C,5,7,7,6,2.0,6,3.000000,0-2-1-3,200,4,True,71
C_g2.0_b7,fixed,4.9,4,4,1.00000000,0.51010916,1.00000000,227,0.0067175663,12.000000,0.000000,0.000000,12,1.000000,0,0,4,28615,0,0,0,1.000000,7153.750000,4,0,28615,0,852.000,852,beta_scale_calibration,BG1_first4_high_rate,C,5,7,7,6,2.0,7,3.500000,0-2-1-3,200,4,True,71
C_g3.0_b0,fixed,4.9,4,0,0.00000000,0.00000000,0.48989084,0,0.0000000000,5.250000,0.250000,5.250000,6,0.000000,0,4,0,33322,192,0,58293,1.000000,22951.750000,0,4,0,91807,372.750,852,beta_scale_calibration,BG1_first4_high_rate,C,5,7,7,6,3.0,0,0.000000,0-2-1-3,200,4,True,71
C_g3.0_b1,fixed,4.9,4,0,0.00000000,0.00000000,0.48989084,0,0.0000000000,4.500000,0.288675,4.500000,5,0.000000,0,4,0,33322,46,0,28342,1.000000,15427.500000,0,4,0,61710,319.500,852,beta_scale_calibration,BG1_first4_high_rate,C,5,7,7,6,3.0,1,0.333333,0-2-1-3,200,4,True,71
C_g3.0_b2,fixed,4.9,4,0,0.00000000,0.00000000,0.48989084,0,0.0000000000,4.750000,0.250000,4.750000,5,0.000000,0,4,0,33322,1,0,14158,1.000000,11870.250000,0,4,0,47481,337.250,852,beta_scale_calibration,BG1_first4_high_rate,C,5,7,7,6,3.0,2,0.666667,0-2-1-3,200,4,True,71
C_g3.0_b3,fixed,4.9,4,0,0.00000000,0.00000000,0.48989084,0,0.0000000000,6.750000,0.478714,6.750000,8,0.000000,0,4,0,33322,7,0,27443,1.000000,15193.000000,0,4,0,60772,479.250,852,beta_scale_calibration,BG1_first4_high_rate,C,5,7,7,6,3.0,3,1.000000,0-2-1-3,200,4,True,71
C_g3.0_b4,fixed,4.9,4,4,1.00000000,0.51010916,1.00000000,198,0.0058593750,12.000000,0.000000,0.000000,12,1.000000,0,0,4,33322,0,0,0,1.000000,8330.500000,4,0,33322,0,852.000,852,beta_scale_calibration,BG1_first4_high_rate,C,5,7,7,6,3.0,4,1.333333,0-2-1-3,200,4,True,71
C_g3.0_b5,fixed,4.9,4,4,1.00000000,0.51010916,1.00000000,327,0.0096768466,12.000000,0.000000,0.000000,12,1.000000,0,0,4,33322,0,0,0,1.000000,8330.500000,4,0,33322,0,852.000,852,beta_scale_calibration,BG1_first4_high_rate,C,5,7,7,6,3.0,5,1.666667,0-2-1-3,200,4,True,71
C_g3.0_b6,fixed,4.9,4,4,1.00000000,0.51010916,1.00000000,295,0.0087298769,12.000000,0.000000,0.000000,12,1.000000,0,0,4,33322,0,0,0,1.000000,8330.500000,4,0,33322,0,852.000,852,beta_scale_calibration,BG1_first4_high_rate,C,5,7,7,6,3.0,6,2.000000,0-2-1-3,200,4,True,71
C_g3.0_b7,fixed,4.9,4,4,1.00000000,0.51010916,1.00000000,274,0.0081084280,12.000000,0.000000,0.000000,12,1.000000,0,0,4,33322,0,0,0,1.000000,8330.500000,4,0,33322,0,852.000,852,beta_scale_calibration,BG1_first4_high_rate,C,5,7,7,6,3.0,7,2.333333,0-2-1-3,200,4,True,71
C_g4.0_b0,fixed,4.9,4,0,0.00000000,0.00000000,0.48989084,0,0.0000000000,6.000000,0.408248,6.000000,7,0.000000,0,4,0,34722,208,0,50548,1.000000,21369.500000,0,4,0,85478,426.000,852,beta_scale_calibration,BG1_first4_high_rate,C,5,7,7,6,4.0,0,0.000000,0-2-1-3,200,4,True,71
C_g4.0_b1,fixed,4.9,4,0,0.00000000,0.00000000,0.48989084,0,0.0000000000,5.250000,0.250000,5.250000,6,0.000000,0,4,0,34722,46,0,36822,1.000000,17897.500000,0,4,0,71590,372.750,852,beta_scale_calibration,BG1_first4_high_rate,C,5,7,7,6,4.0,1,0.250000,0-2-1-3,200,4,True,71
C_g4.0_b2,fixed,4.9,4,0,0.00000000,0.00000000,0.48989084,0,0.0000000000,5.250000,0.250000,5.250000,6,0.000000,0,4,0,34722,22,0,26009,1.000000,15188.250000,0,4,0,60753,372.750,852,beta_scale_calibration,BG1_first4_high_rate,C,5,7,7,6,4.0,2,0.500000,0-2-1-3,200,4,True,71
C_g4.0_b3,fixed,4.9,4,0,0.00000000,0.00000000,0.48989084,0,0.0000000000,6.250000,0.250000,6.250000,7,0.000000,0,4,0,34722,7,0,23796,1.000000,14631.250000,0,4,0,58525,443.750,852,beta_scale_calibration,BG1_first4_high_rate,C,5,7,7,6,4.0,3,0.750000,0-2-1-3,200,4,True,71
C_g4.0_b4,fixed,4.9,4,0,0.00000000,0.00000000,0.48989084,0,0.0000000000,11.000000,0.577350,11.000000,12,0.500000,0,4,0,34722,0,0,10756,1.000000,11369.500000,0,4,0,45478,781.000,852,beta_scale_calibration,BG1_first4_high_rate,C,5,7,7,6,4.0,4,1.000000,0-2-1-3,200,4,True,71
C_g4.0_b5,fixed,4.9,4,4,1.00000000,0.51010916,1.00000000,355,0.0105054451,12.000000,0.000000,0.000000,12,1.000000,0,0,4,34722,0,0,0,1.000000,8680.500000,4,0,34722,0,852.000,852,beta_scale_calibration,BG1_first4_high_rate,C,5,7,7,6,4.0,5,1.250000,0-2-1-3,200,4,True,71
C_g4.0_b6,fixed,4.9,4,4,1.00000000,0.51010916,1.00000000,339,0.0100319602,12.000000,0.000000,0.000000,12,1.000000,0,0,4,34722,0,0,0,1.000000,8680.500000,4,0,34722,0,852.000,852,beta_scale_calibration,BG1_first4_high_rate,C,5,7,7,6,4.0,6,1.500000,0-2-1-3,200,4,True,71
C_g4.0_b7,fixed,4.9,4,4,1.00000000,0.51010916,1.00000000,323,0.0095584754,12.000000,0.000000,0.000000,12,1.000000,0,0,4,34722,0,0,0,1.000000,8680.500000,4,0,34722,0,852.000,852,beta_scale_calibration,BG1_first4_high_rate,C,5,7,7,6,4.0,7,1.750000,0-2-1-3,200,4,True,71
C_g6.0_b0,fixed,4.9,4,1,0.25000000,0.04558726,0.69935816,7560,0.2237215909,10.250000,1.108678,9.666667,12,0.250000,0,3,1,35691,732,50,81541,1.000000,29503.500000,1,3,38058,79956,727.750,852,beta_scale_calibration,BG1_first4_high_rate,C,5,7,7,6,6.0,0,0.000000,0-2-1-3,200,4,True,71
C_g6.0_b1,fixed,4.9,4,0,0.00000000,0.00000000,0.48989084,0,0.0000000000,7.250000,0.478714,7.250000,8,0.000000,0,4,0,35691,74,0,41319,1.000000,19271.000000,0,4,0,77084,514.750,852,beta_scale_calibration,BG1_first4_high_rate,C,5,7,7,6,6.0,1,0.166667,0-2-1-3,200,4,True,71
C_g6.0_b2,fixed,4.9,4,0,0.00000000,0.00000000,0.48989084,0,0.0000000000,7.000000,0.408248,7.000000,8,0.000000,0,4,0,35691,40,0,41078,1.000000,19202.250000,0,4,0,76809,497.000,852,beta_scale_calibration,BG1_first4_high_rate,C,5,7,7,6,6.0,2,0.333333,0-2-1-3,200,4,True,71
C_g6.0_b3,fixed,4.9,4,0,0.00000000,0.00000000,0.48989084,0,0.0000000000,8.000000,0.707107,8.000000,9,0.000000,0,4,0,35691,26,0,47887,1.000000,20901.000000,0,4,0,83604,568.000,852,beta_scale_calibration,BG1_first4_high_rate,C,5,7,7,6,6.0,3,0.500000,0-2-1-3,200,4,True,71
C_g6.0_b4,fixed,4.9,4,2,0.50000000,0.15003899,0.84996101,77,0.0022786458,11.500000,0.500000,11.000000,12,0.750000,0,2,2,35691,1,0,8401,1.000000,11023.250000,2,2,17836,26257,816.500,852,beta_scale_calibration,BG1_first4_high_rate,C,5,7,7,6,6.0,4,0.666667,0-2-1-3,200,4,True,71
C_g6.0_b5,fixed,4.9,4,4,1.00000000,0.51010916,1.00000000,356,0.0105350379,12.000000,0.000000,0.000000,12,1.000000,0,0,4,35691,0,0,0,1.000000,8922.750000,4,0,35691,0,852.000,852,beta_scale_calibration,BG1_first4_high_rate,C,5,7,7,6,6.0,5,0.833333,0-2-1-3,200,4,True,71
C_g6.0_b6,fixed,4.9,4,4,1.00000000,0.51010916,1.00000000,407,0.0120442708,12.000000,0.000000,0.000000,12,1.000000,0,0,4,35691,0,0,0,1.000000,8922.750000,4,0,35691,0,852.000,852,beta_scale_calibration,BG1_first4_high_rate,C,5,7,7,6,6.0,6,1.000000,0-2-1-3,200,4,True,71
C_g6.0_b7,fixed,4.9,4,4,1.00000000,0.51010916,1.00000000,375,0.0110973011,12.000000,0.000000,0.000000,12,1.000000,0,0,4,35691,0,0,0,1.000000,8922.750000,4,0,35691,0,852.000,852,beta_scale_calibration,BG1_first4_high_rate,C,5,7,7,6,6.0,7,1.166667,0-2-1-3,200,4,True,71
C_g8.0_b0,fixed,4.9,4,3,0.75000000,0.30064184,0.95441274,5446,0.1611624053,11.750000,0.250000,11.000000,12,0.750000,0,1,3,36056,378,0,39711,1.000000,19036.250000,3,1,48352,27793,834.250,852,beta_scale_calibration,BG1_first4_high_rate,C,5,7,7,6,8.0,0,0.000000,0-2-1-3,200,4,True,71
C_g8.0_b1,fixed,4.9,4,0,0.00000000,0.00000000,0.48989084,0,0.0000000000,9.750000,1.108678,9.750000,12,0.250000,0,4,0,36056,274,0,54771,1.000000,22775.250000,0,4,0,91101,692.250,852,beta_scale_calibration,BG1_first4_high_rate,C,5,7,7,6,8.0,1,0.125000,0-2-1-3,200,4,True,71
C_g8.0_b2,fixed,4.9,4,0,0.00000000,0.00000000,0.48989084,0,0.0000000000,9.000000,0.816497,9.000000,11,0.000000,0,4,0,36056,46,0,37653,1.000000,18438.750000,0,4,0,73755,639.000,852,beta_scale_calibration,BG1_first4_high_rate,C,5,7,7,6,8.0,2,0.250000,0-2-1-3,200,4,True,71
C_g8.0_b3,fixed,4.9,4,1,0.25000000,0.04558726,0.69935816,20,0.0005918561,10.000000,0.912871,9.333333,12,0.250000,0,3,1,36056,10,0,26454,1.000000,15630.000000,1,3,9012,53508,710.000,852,beta_scale_calibration,BG1_first4_high_rate,C,5,7,7,6,8.0,3,0.375000,0-2-1-3,200,4,True,71
C_g8.0_b4,fixed,4.9,4,4,1.00000000,0.51010916,1.00000000,163,0.0048236269,12.000000,0.000000,0.000000,12,1.000000,0,0,4,36056,0,0,31,1.000000,9021.750000,4,0,36087,0,852.000,852,beta_scale_calibration,BG1_first4_high_rate,C,5,7,7,6,8.0,4,0.500000,0-2-1-3,200,4,True,71
C_g8.0_b5,fixed,4.9,4,4,1.00000000,0.51010916,1.00000000,378,0.0111860795,12.000000,0.000000,0.000000,12,1.000000,0,0,4,36056,0,0,0,1.000000,9014.000000,4,0,36056,0,852.000,852,beta_scale_calibration,BG1_first4_high_rate,C,5,7,7,6,8.0,5,0.625000,0-2-1-3,200,4,True,71
C_g8.0_b6,fixed,4.9,4,4,1.00000000,0.51010916,1.00000000,441,0.0130504261,12.000000,0.000000,0.000000,12,1.000000,0,0,4,36056,0,0,0,1.000000,9014.000000,4,0,36056,0,852.000,852,beta_scale_calibration,BG1_first4_high_rate,C,5,7,7,6,8.0,6,0.750000,0-2-1-3,200,4,True,71
C_g8.0_b7,fixed,4.9,4,4,1.00000000,0.51010916,1.00000000,415,0.0122810133,12.000000,0.000000,0.000000,12,1.000000,0,0,4,36056,0,0,0,1.000000,9014.000000,4,0,36056,0,852.000,852,beta_scale_calibration,BG1_first4_high_rate,C,5,7,7,6,8.0,7,0.875000,0-2-1-3,200,4,True,71
D_g0.5_b0,fixed,4.9,4,0,0.00000000,0.00000000,0.48989084,0,0.0000000000,4.750000,0.250000,4.750000,5,0.000000,0,4,0,2,0,0,0,0.250000,0.500000,0,1,0,2,337.250,852,beta_scale_calibration,BG1_first4_high_rate,D,5,8,8,6,0.5,0,0.000000,0-2-1-3,200,4,True,71
D_g0.5_b1,fixed,4.9,4,4,1.00000000,0.51010916,1.00000000,158,0.0046756629,12.000000,0.000000,0.000000,12,1.000000,0,0,4,2,0,0,0,0.250000,0.500000,1,0,2,0,852.000,852,beta_scale_calibration,BG1_first4_high_rate,D,5,8,8,6,0.5,1,2.000000,0-2-1-3,200,4,True,71
D_g0.5_b2,fixed,4.9,4,4,1.00000000,0.51010916,1.00000000,134,0.0039654356,12.000000,0.000000,0.000000,12,1.000000,0,0,4,2,0,0,0,0.250000,0.500000,1,0,2,0,852.000,852,beta_scale_calibration,BG1_first4_high_rate,D,5,8,8,6,0.5,2,4.000000,0-2-1-3,200,4,True,71
D_g0.5_b3,fixed,4.9,4,4,1.00000000,0.51010916,1.00000000,134,0.0039654356,12.000000,0.000000,0.000000,12,1.000000,0,0,4,2,0,0,0,0.250000,0.500000,1,0,2,0,852.000,852,beta_scale_calibration,BG1_first4_high_rate,D,5,8,8,6,0.5,3,6.000000,0-2-1-3,200,4,True,71
D_g0.5_b4,fixed,4.9,4,4,1.00000000,0.51010916,1.00000000,134,0.0039654356,12.000000,0.000000,0.000000,12,1.000000,0,0,4,2,0,0,0,0.250000,0.500000,1,0,2,0,852.000,852,beta_scale_calibration,BG1_first4_high_rate,D,5,8,8,6,0.5,4,8.000000,0-2-1-3,200,4,True,71
D_g0.5_b5,fixed,4.9,4,4,1.00000000,0.51010916,1.00000000,134,0.0039654356,12.000000,0.000000,0.000000,12,1.000000,0,0,4,2,0,0,0,0.250000,0.500000,1,0,2,0,852.000,852,beta_scale_calibration,BG1_first4_high_rate,D,5,8,8,6,0.5,5,10.000000,0-2-1-3,200,4,True,71
D_g0.5_b6,fixed,4.9,4,4,1.00000000,0.51010916,1.00000000,134,0.0039654356,12.000000,0.000000,0.000000,12,1.000000,0,0,4,2,0,0,0,0.250000,0.500000,1,0,2,0,852.000,852,beta_scale_calibration,BG1_first4_high_rate,D,5,8,8,6,0.5,6,12.000000,0-2-1-3,200,4,True,71
D_g0.5_b7,fixed,4.9,4,4,1.00000000,0.51010916,1.00000000,134,0.0039654356,12.000000,0.000000,0.000000,12,1.000000,0,0,4,2,0,0,0,0.250000,0.500000,1,0,2,0,852.000,852,beta_scale_calibration,BG1_first4_high_rate,D,5,8,8,6,0.5,7,14.000000,0-2-1-3,200,4,True,71
D_g0.595_b0,fixed,4.9,4,0,0.00000000,0.00000000,0.48989084,0,0.0000000000,4.500000,0.288675,4.500000,5,0.000000,0,4,0,33,0,0,0,1.000000,8.250000,0,4,0,33,319.500,852,beta_scale_calibration,BG1_first4_high_rate,D,5,8,8,6,0.595,0,0.000000,0-2-1-3,200,4,True,71
D_g0.595_b1,fixed,4.9,4,4,1.00000000,0.51010916,1.00000000,189,0.0055930398,12.000000,0.000000,0.000000,12,1.000000,0,0,4,33,0,0,0,1.000000,8.250000,4,0,33,0,852.000,852,beta_scale_calibration,BG1_first4_high_rate,D,5,8,8,6,0.595,1,1.680672,0-2-1-3,200,4,True,71
D_g0.595_b2,fixed,4.9,4,4,1.00000000,0.51010916,1.00000000,151,0.0044685133,12.000000,0.000000,0.000000,12,1.000000,0,0,4,33,0,0,0,1.000000,8.250000,4,0,33,0,852.000,852,beta_scale_calibration,BG1_first4_high_rate,D,5,8,8,6,0.595,2,3.361345,0-2-1-3,200,4,True,71
D_g0.595_b3,fixed,4.9,4,4,1.00000000,0.51010916,1.00000000,149,0.0044093277,12.000000,0.000000,0.000000,12,1.000000,0,0,4,33,0,0,0,1.000000,8.250000,4,0,33,0,852.000,852,beta_scale_calibration,BG1_first4_high_rate,D,5,8,8,6,0.595,3,5.042017,0-2-1-3,200,4,True,71
D_g0.595_b4,fixed,4.9,4,4,1.00000000,0.51010916,1.00000000,149,0.0044093277,12.000000,0.000000,0.000000,12,1.000000,0,0,4,33,0,0,0,1.000000,8.250000,4,0,33,0,852.000,852,beta_scale_calibration,BG1_first4_high_rate,D,5,8,8,6,0.595,4,6.722689,0-2-1-3,200,4,True,71
D_g0.595_b5,fixed,4.9,4,4,1.00000000,0.51010916,1.00000000,149,0.0044093277,12.000000,0.000000,0.000000,12,1.000000,0,0,4,33,0,0,0,1.000000,8.250000,4,0,33,0,852.000,852,beta_scale_calibration,BG1_first4_high_rate,D,5,8,8,6,0.595,5,8.403361,0-2-1-3,200,4,True,71
D_g0.595_b6,fixed,4.9,4,4,1.00000000,0.51010916,1.00000000,149,0.0044093277,12.000000,0.000000,0.000000,12,1.000000,0,0,4,33,0,0,0,1.000000,8.250000,4,0,33,0,852.000,852,beta_scale_calibration,BG1_first4_high_rate,D,5,8,8,6,0.595,6,10.084034,0-2-1-3,200,4,True,71
D_g0.595_b7,fixed,4.9,4,4,1.00000000,0.51010916,1.00000000,149,0.0044093277,12.000000,0.000000,0.000000,12,1.000000,0,0,4,33,0,0,0,1.000000,8.250000,4,0,33,0,852.000,852,beta_scale_calibration,BG1_first4_high_rate,D,5,8,8,6,0.595,7,11.764706,0-2-1-3,200,4,True,71
D_g0.697_b0,fixed,4.9,4,0,0.00000000,0.00000000,0.48989084,0,0.0000000000,4.250000,0.250000,4.250000,5,0.000000,0,4,0,419,0,0,0,1.000000,104.750000,0,4,0,419,301.750,852,beta_scale_calibration,BG1_first4_high_rate,D,5,8,8,6,0.697,0,0.000000,0-2-1-3,200,4,True,71
D_g0.697_b1,fixed,4.9,4,4,1.00000000,0.51010916,1.00000000,187,0.0055338542,12.000000,0.000000,0.000000,12,1.000000,0,0,4,419,0,0,0,1.000000,104.750000,4,0,419,0,852.000,852,beta_scale_calibration,BG1_first4_high_rate,D,5,8,8,6,0.697,1,1.434720,0-2-1-3,200,4,True,71
D_g0.697_b2,fixed,4.9,4,4,1.00000000,0.51010916,1.00000000,169,0.0050011837,12.000000,0.000000,0.000000,12,1.000000,0,0,4,419,0,0,0,1.000000,104.750000,4,0,419,0,852.000,852,beta_scale_calibration,BG1_first4_high_rate,D,5,8,8,6,0.697,2,2.869440,0-2-1-3,200,4,True,71
D_g0.697_b3,fixed,4.9,4,4,1.00000000,0.51010916,1.00000000,161,0.0047644413,12.000000,0.000000,0.000000,12,1.000000,0,0,4,419,0,0,0,1.000000,104.750000,4,0,419,0,852.000,852,beta_scale_calibration,BG1_first4_high_rate,D,5,8,8,6,0.697,3,4.304161,0-2-1-3,200,4,True,71
D_g0.697_b4,fixed,4.9,4,4,1.00000000,0.51010916,1.00000000,161,0.0047644413,12.000000,0.000000,0.000000,12,1.000000,0,0,4,419,0,0,0,1.000000,104.750000,4,0,419,0,852.000,852,beta_scale_calibration,BG1_first4_high_rate,D,5,8,8,6,0.697,4,5.738881,0-2-1-3,200,4,True,71
D_g0.697_b5,fixed,4.9,4,4,1.00000000,0.51010916,1.00000000,161,0.0047644413,12.000000,0.000000,0.000000,12,1.000000,0,0,4,419,0,0,0,1.000000,104.750000,4,0,419,0,852.000,852,beta_scale_calibration,BG1_first4_high_rate,D,5,8,8,6,0.697,5,7.173601,0-2-1-3,200,4,True,71
D_g0.697_b6,fixed,4.9,4,4,1.00000000,0.51010916,1.00000000,161,0.0047644413,12.000000,0.000000,0.000000,12,1.000000,0,0,4,419,0,0,0,1.000000,104.750000,4,0,419,0,852.000,852,beta_scale_calibration,BG1_first4_high_rate,D,5,8,8,6,0.697,6,8.608321,0-2-1-3,200,4,True,71
D_g0.697_b7,fixed,4.9,4,4,1.00000000,0.51010916,1.00000000,161,0.0047644413,12.000000,0.000000,0.000000,12,1.000000,0,0,4,419,0,0,0,1.000000,104.750000,4,0,419,0,852.000,852,beta_scale_calibration,BG1_first4_high_rate,D,5,8,8,6,0.697,7,10.043042,0-2-1-3,200,4,True,71
D_g0.75_b0,fixed,4.9,4,0,0.00000000,0.00000000,0.48989084,0,0.0000000000,4.500000,0.288675,4.500000,5,0.000000,0,4,0,934,0,0,0,1.000000,233.500000,0,4,0,934,319.500,852,beta_scale_calibration,BG1_first4_high_rate,D,5,8,8,6,0.75,0,0.000000,0-2-1-3,200,4,True,71
D_g0.75_b1,fixed,4.9,4,3,0.75000000,0.30064184,0.95441274,76,0.0022490530,11.500000,0.500000,10.000000,12,0.750000,0,1,3,934,0,0,0,1.000000,233.500000,3,1,707,227,816.500,852,beta_scale_calibration,BG1_first4_high_rate,D,5,8,8,6,0.75,1,1.333333,0-2-1-3,200,4,True,71
D_g0.75_b2,fixed,4.9,4,4,1.00000000,0.51010916,1.00000000,180,0.0053267045,12.000000,0.000000,0.000000,12,1.000000,0,0,4,934,0,0,0,1.000000,233.500000,4,0,934,0,852.000,852,beta_scale_calibration,BG1_first4_high_rate,D,5,8,8,6,0.75,2,2.666667,0-2-1-3,200,4,True,71
D_g0.75_b3,fixed,4.9,4,4,1.00000000,0.51010916,1.00000000,167,0.0049419981,12.000000,0.000000,0.000000,12,1.000000,0,0,4,934,0,0,0,1.000000,233.500000,4,0,934,0,852.000,852,beta_scale_calibration,BG1_first4_high_rate,D,5,8,8,6,0.75,3,4.000000,0-2-1-3,200,4,True,71
D_g0.75_b4,fixed,4.9,4,4,1.00000000,0.51010916,1.00000000,166,0.0049124053,12.000000,0.000000,0.000000,12,1.000000,0,0,4,934,0,0,0,1.000000,233.500000,4,0,934,0,852.000,852,beta_scale_calibration,BG1_first4_high_rate,D,5,8,8,6,0.75,4,5.333333,0-2-1-3,200,4,True,71
D_g0.75_b5,fixed,4.9,4,4,1.00000000,0.51010916,1.00000000,166,0.0049124053,12.000000,0.000000,0.000000,12,1.000000,0,0,4,934,0,0,0,1.000000,233.500000,4,0,934,0,852.000,852,beta_scale_calibration,BG1_first4_high_rate,D,5,8,8,6,0.75,5,6.666667,0-2-1-3,200,4,True,71
D_g0.75_b6,fixed,4.9,4,4,1.00000000,0.51010916,1.00000000,166,0.0049124053,12.000000,0.000000,0.000000,12,1.000000,0,0,4,934,0,0,0,1.000000,233.500000,4,0,934,0,852.000,852,beta_scale_calibration,BG1_first4_high_rate,D,5,8,8,6,0.75,6,8.000000,0-2-1-3,200,4,True,71
D_g0.75_b7,fixed,4.9,4,4,1.00000000,0.51010916,1.00000000,166,0.0049124053,12.000000,0.000000,0.000000,12,1.000000,0,0,4,934,0,0,0,1.000000,233.500000,4,0,934,0,852.000,852,beta_scale_calibration,BG1_first4_high_rate,D,5,8,8,6,0.75,7,9.333333,0-2-1-3,200,4,True,71
D_g0.817_b0,fixed,4.9,4,0,0.00000000,0.00000000,0.48989084,0,0.0000000000,4.500000,0.288675,4.500000,5,0.000000,0,4,0,2018,0,0,0,1.000000,504.500000,0,4,0,2018,319.500,852,beta_scale_calibration,BG1_first4_high_rate,D,5,8,8,6,0.817,0,0.000000,0-2-1-3,200,4,True,71
D_g0.817_b1,fixed,4.9,4,0,0.00000000,0.00000000,0.48989084,0,0.0000000000,9.500000,0.645497,9.500000,11,0.000000,0,4,0,2018,0,0,0,1.000000,504.500000,0,4,0,2018,674.500,852,beta_scale_calibration,BG1_first4_high_rate,D,5,8,8,6,0.817,1,1.223990,0-2-1-3,200,4,True,71
D_g0.817_b2,fixed,4.9,4,4,1.00000000,0.51010916,1.00000000,195,0.0057705966,12.000000,0.000000,0.000000,12,1.000000,0,0,4,2018,0,0,0,1.000000,504.500000,4,0,2018,0,852.000,852,beta_scale_calibration,BG1_first4_high_rate,D,5,8,8,6,0.817,2,2.447980,0-2-1-3,200,4,True,71
D_g0.817_b3,fixed,4.9,4,4,1.00000000,0.51010916,1.00000000,175,0.0051787405,12.000000,0.000000,0.000000,12,1.000000,0,0,4,2018,0,0,0,1.000000,504.500000,4,0,2018,0,852.000,852,beta_scale_calibration,BG1_first4_high_rate,D,5,8,8,6,0.817,3,3.671971,0-2-1-3,200,4,True,71
D_g0.817_b4,fixed,4.9,4,4,1.00000000,0.51010916,1.00000000,173,0.0051195549,12.000000,0.000000,0.000000,12,1.000000,0,0,4,2018,0,0,0,1.000000,504.500000,4,0,2018,0,852.000,852,beta_scale_calibration,BG1_first4_high_rate,D,5,8,8,6,0.817,4,4.895961,0-2-1-3,200,4,True,71
D_g0.817_b5,fixed,4.9,4,4,1.00000000,0.51010916,1.00000000,173,0.0051195549,12.000000,0.000000,0.000000,12,1.000000,0,0,4,2018,0,0,0,1.000000,504.500000,4,0,2018,0,852.000,852,beta_scale_calibration,BG1_first4_high_rate,D,5,8,8,6,0.817,5,6.119951,0-2-1-3,200,4,True,71
D_g0.817_b6,fixed,4.9,4,4,1.00000000,0.51010916,1.00000000,173,0.0051195549,12.000000,0.000000,0.000000,12,1.000000,0,0,4,2018,0,0,0,1.000000,504.500000,4,0,2018,0,852.000,852,beta_scale_calibration,BG1_first4_high_rate,D,5,8,8,6,0.817,6,7.343941,0-2-1-3,200,4,True,71
D_g0.817_b7,fixed,4.9,4,4,1.00000000,0.51010916,1.00000000,173,0.0051195549,12.000000,0.000000,0.000000,12,1.000000,0,0,4,2018,0,0,0,1.000000,504.500000,4,0,2018,0,852.000,852,beta_scale_calibration,BG1_first4_high_rate,D,5,8,8,6,0.817,7,8.567931,0-2-1-3,200,4,True,71
D_g0.9_b0,fixed,4.9,4,0,0.00000000,0.00000000,0.48989084,0,0.0000000000,4.500000,0.500000,4.500000,6,0.000000,0,4,0,4002,0,0,0,1.000000,1000.500000,0,4,0,4002,319.500,852,beta_scale_calibration,BG1_first4_high_rate,D,5,8,8,6,0.9,0,0.000000,0-2-1-3,200,4,True,71
D_g0.9_b1,fixed,4.9,4,0,0.00000000,0.00000000,0.48989084,0,0.0000000000,7.000000,0.408248,7.000000,8,0.000000,0,4,0,4002,0,0,0,1.000000,1000.500000,0,4,0,4002,497.000,852,beta_scale_calibration,BG1_first4_high_rate,D,5,8,8,6,0.9,1,1.111111,0-2-1-3,200,4,True,71
D_g0.9_b2,fixed,4.9,4,4,1.00000000,0.51010916,1.00000000,212,0.0062736742,12.000000,0.000000,0.000000,12,1.000000,0,0,4,4002,0,0,0,1.000000,1000.500000,4,0,4002,0,852.000,852,beta_scale_calibration,BG1_first4_high_rate,D,5,8,8,6,0.9,2,2.222222,0-2-1-3,200,4,True,71
D_g0.9_b3,fixed,4.9,4,4,1.00000000,0.51010916,1.00000000,183,0.0054154830,12.000000,0.000000,0.000000,12,1.000000,0,0,4,4002,0,0,0,1.000000,1000.500000,4,0,4002,0,852.000,852,beta_scale_calibration,BG1_first4_high_rate,D,5,8,8,6,0.9,3,3.333333,0-2-1-3,200,4,True,71
D_g0.9_b4,fixed,4.9,4,4,1.00000000,0.51010916,1.00000000,179,0.0052971117,12.000000,0.000000,0.000000,12,1.000000,0,0,4,4002,0,0,0,1.000000,1000.500000,4,0,4002,0,852.000,852,beta_scale_calibration,BG1_first4_high_rate,D,5,8,8,6,0.9,4,4.444444,0-2-1-3,200,4,True,71
D_g0.9_b5,fixed,4.9,4,4,1.00000000,0.51010916,1.00000000,179,0.0052971117,12.000000,0.000000,0.000000,12,1.000000,0,0,4,4002,0,0,0,1.000000,1000.500000,4,0,4002,0,852.000,852,beta_scale_calibration,BG1_first4_high_rate,D,5,8,8,6,0.9,5,5.555556,0-2-1-3,200,4,True,71
D_g0.9_b6,fixed,4.9,4,4,1.00000000,0.51010916,1.00000000,179,0.0052971117,12.000000,0.000000,0.000000,12,1.000000,0,0,4,4002,0,0,0,1.000000,1000.500000,4,0,4002,0,852.000,852,beta_scale_calibration,BG1_first4_high_rate,D,5,8,8,6,0.9,6,6.666667,0-2-1-3,200,4,True,71
D_g0.9_b7,fixed,4.9,4,4,1.00000000,0.51010916,1.00000000,179,0.0052971117,12.000000,0.000000,0.000000,12,1.000000,0,0,4,4002,0,0,0,1.000000,1000.500000,4,0,4002,0,852.000,852,beta_scale_calibration,BG1_first4_high_rate,D,5,8,8,6,0.9,7,7.777778,0-2-1-3,200,4,True,71
D_g1.0_b0,fixed,4.9,4,0,0.00000000,0.00000000,0.48989084,0,0.0000000000,4.250000,0.250000,4.250000,5,0.000000,0,4,0,7019,0,0,0,1.000000,1754.750000,0,4,0,7019,301.750,852,beta_scale_calibration,BG1_first4_high_rate,D,5,8,8,6,1.0,0,0.000000,0-2-1-3,200,4,True,71
D_g1.0_b1,fixed,4.9,4,0,0.00000000,0.00000000,0.48989084,0,0.0000000000,6.000000,0.408248,6.000000,7,0.000000,0,4,0,7019,0,0,0,1.000000,1754.750000,0,4,0,7019,426.000,852,beta_scale_calibration,BG1_first4_high_rate,D,5,8,8,6,1.0,1,1.000000,0-2-1-3,200,4,True,71
D_g1.0_b2,fixed,4.9,4,4,1.00000000,0.51010916,1.00000000,234,0.0069247159,12.000000,0.000000,0.000000,12,1.000000,0,0,4,7019,0,0,0,1.000000,1754.750000,4,0,7019,0,852.000,852,beta_scale_calibration,BG1_first4_high_rate,D,5,8,8,6,1.0,2,2.000000,0-2-1-3,200,4,True,71
D_g1.0_b3,fixed,4.9,4,4,1.00000000,0.51010916,1.00000000,200,0.0059185606,12.000000,0.000000,0.000000,12,1.000000,0,0,4,7019,0,0,0,1.000000,1754.750000,4,0,7019,0,852.000,852,beta_scale_calibration,BG1_first4_high_rate,D,5,8,8,6,1.0,3,3.000000,0-2-1-3,200,4,True,71
D_g1.0_b4,fixed,4.9,4,4,1.00000000,0.51010916,1.00000000,190,0.0056226326,12.000000,0.000000,0.000000,12,1.000000,0,0,4,7019,0,0,0,1.000000,1754.750000,4,0,7019,0,852.000,852,beta_scale_calibration,BG1_first4_high_rate,D,5,8,8,6,1.0,4,4.000000,0-2-1-3,200,4,True,71
D_g1.0_b5,fixed,4.9,4,4,1.00000000,0.51010916,1.00000000,189,0.0055930398,12.000000,0.000000,0.000000,12,1.000000,0,0,4,7019,0,0,0,1.000000,1754.750000,4,0,7019,0,852.000,852,beta_scale_calibration,BG1_first4_high_rate,D,5,8,8,6,1.0,5,5.000000,0-2-1-3,200,4,True,71
D_g1.0_b6,fixed,4.9,4,4,1.00000000,0.51010916,1.00000000,189,0.0055930398,12.000000,0.000000,0.000000,12,1.000000,0,0,4,7019,0,0,0,1.000000,1754.750000,4,0,7019,0,852.000,852,beta_scale_calibration,BG1_first4_high_rate,D,5,8,8,6,1.0,6,6.000000,0-2-1-3,200,4,True,71
D_g1.0_b7,fixed,4.9,4,4,1.00000000,0.51010916,1.00000000,189,0.0055930398,12.000000,0.000000,0.000000,12,1.000000,0,0,4,7019,0,0,0,1.000000,1754.750000,4,0,7019,0,852.000,852,beta_scale_calibration,BG1_first4_high_rate,D,5,8,8,6,1.0,7,7.000000,0-2-1-3,200,4,True,71
D_g1.089_b0,fixed,4.9,4,0,0.00000000,0.00000000,0.48989084,0,0.0000000000,4.250000,0.250000,4.250000,5,0.000000,0,4,0,9954,0,0,0,1.000000,2488.500000,0,4,0,9954,301.750,852,beta_scale_calibration,BG1_first4_high_rate,D,5,8,8,6,1.089,0,0.000000,0-2-1-3,200,4,True,71
D_g1.089_b1,fixed,4.9,4,0,0.00000000,0.00000000,0.48989084,0,0.0000000000,5.500000,0.288675,5.500000,6,0.000000,0,4,0,9954,0,0,0,1.000000,2488.500000,0,4,0,9954,390.500,852,beta_scale_calibration,BG1_first4_high_rate,D,5,8,8,6,1.089,1,0.918274,0-2-1-3,200,4,True,71
D_g1.089_b2,fixed,4.9,4,4,1.00000000,0.51010916,1.00000000,248,0.0073390152,12.000000,0.000000,0.000000,12,1.000000,0,0,4,9954,0,0,0,1.000000,2488.500000,4,0,9954,0,852.000,852,beta_scale_calibration,BG1_first4_high_rate,D,5,8,8,6,1.089,2,1.836547,0-2-1-3,200,4,True,71
D_g1.089_b3,fixed,4.9,4,4,1.00000000,0.51010916,1.00000000,209,0.0061848958,12.000000,0.000000,0.000000,12,1.000000,0,0,4,9954,0,0,0,1.000000,2488.500000,4,0,9954,0,852.000,852,beta_scale_calibration,BG1_first4_high_rate,D,5,8,8,6,1.089,3,2.754821,0-2-1-3,200,4,True,71
D_g1.089_b4,fixed,4.9,4,4,1.00000000,0.51010916,1.00000000,196,0.0058001894,12.000000,0.000000,0.000000,12,1.000000,0,0,4,9954,0,0,0,1.000000,2488.500000,4,0,9954,0,852.000,852,beta_scale_calibration,BG1_first4_high_rate,D,5,8,8,6,1.089,4,3.673095,0-2-1-3,200,4,True,71
D_g1.089_b5,fixed,4.9,4,4,1.00000000,0.51010916,1.00000000,194,0.0057410038,12.000000,0.000000,0.000000,12,1.000000,0,0,4,9954,0,0,0,1.000000,2488.500000,4,0,9954,0,852.000,852,beta_scale_calibration,BG1_first4_high_rate,D,5,8,8,6,1.089,5,4.591368,0-2-1-3,200,4,True,71
D_g1.089_b6,fixed,4.9,4,4,1.00000000,0.51010916,1.00000000,194,0.0057410038,12.000000,0.000000,0.000000,12,1.000000,0,0,4,9954,0,0,0,1.000000,2488.500000,4,0,9954,0,852.000,852,beta_scale_calibration,BG1_first4_high_rate,D,5,8,8,6,1.089,6,5.509642,0-2-1-3,200,4,True,71
D_g1.089_b7,fixed,4.9,4,4,1.00000000,0.51010916,1.00000000,194,0.0057410038,12.000000,0.000000,0.000000,12,1.000000,0,0,4,9954,0,0,0,1.000000,2488.500000,4,0,9954,0,852.000,852,beta_scale_calibration,BG1_first4_high_rate,D,5,8,8,6,1.089,7,6.427916,0-2-1-3,200,4,True,71
D_g1.5_b0,fixed,4.9,4,0,0.00000000,0.00000000,0.48989084,0,0.0000000000,4.250000,0.250000,4.250000,5,0.000000,0,4,0,21527,0,0,0,1.000000,5381.750000,0,4,0,21527,301.750,852,beta_scale_calibration,BG1_first4_high_rate,D,5,8,8,6,1.5,0,0.000000,0-2-1-3,200,4,True,71
D_g1.5_b1,fixed,4.9,4,0,0.00000000,0.00000000,0.48989084,0,0.0000000000,4.000000,0.000000,4.000000,4,0.000000,0,4,0,21527,0,0,0,1.000000,5381.750000,0,4,0,21527,284.000,852,beta_scale_calibration,BG1_first4_high_rate,D,5,8,8,6,1.5,1,0.666667,0-2-1-3,200,4,True,71
D_g1.5_b2,fixed,4.9,4,3,0.75000000,0.30064184,0.95441274,30,0.0008877841,11.250000,0.750000,9.000000,12,0.750000,0,1,3,21527,0,0,0,1.000000,5381.750000,3,1,16153,5374,798.750,852,beta_scale_calibration,BG1_first4_high_rate,D,5,8,8,6,1.5,2,1.333333,0-2-1-3,200,4,True,71
D_g1.5_b3,fixed,4.9,4,4,1.00000000,0.51010916,1.00000000,269,0.0079604640,12.000000,0.000000,0.000000,12,1.000000,0,0,4,21527,0,0,0,1.000000,5381.750000,4,0,21527,0,852.000,852,beta_scale_calibration,BG1_first4_high_rate,D,5,8,8,6,1.5,3,2.000000,0-2-1-3,200,4,True,71
D_g1.5_b4,fixed,4.9,4,4,1.00000000,0.51010916,1.00000000,236,0.0069839015,12.000000,0.000000,0.000000,12,1.000000,0,0,4,21527,0,0,0,1.000000,5381.750000,4,0,21527,0,852.000,852,beta_scale_calibration,BG1_first4_high_rate,D,5,8,8,6,1.5,4,2.666667,0-2-1-3,200,4,True,71
D_g1.5_b5,fixed,4.9,4,4,1.00000000,0.51010916,1.00000000,219,0.0064808239,12.000000,0.000000,0.000000,12,1.000000,0,0,4,21527,0,0,0,1.000000,5381.750000,4,0,21527,0,852.000,852,beta_scale_calibration,BG1_first4_high_rate,D,5,8,8,6,1.5,5,3.333333,0-2-1-3,200,4,True,71
D_g1.5_b6,fixed,4.9,4,4,1.00000000,0.51010916,1.00000000,215,0.0063624527,12.000000,0.000000,0.000000,12,1.000000,0,0,4,21527,0,0,0,1.000000,5381.750000,4,0,21527,0,852.000,852,beta_scale_calibration,BG1_first4_high_rate,D,5,8,8,6,1.5,6,4.000000,0-2-1-3,200,4,True,71
D_g1.5_b7,fixed,4.9,4,4,1.00000000,0.51010916,1.00000000,213,0.0063032670,12.000000,0.000000,0.000000,12,1.000000,0,0,4,21527,0,0,0,1.000000,5381.750000,4,0,21527,0,852.000,852,beta_scale_calibration,BG1_first4_high_rate,D,5,8,8,6,1.5,7,4.666667,0-2-1-3,200,4,True,71
D_g2.0_b0,fixed,4.9,4,0,0.00000000,0.00000000,0.48989084,0,0.0000000000,4.500000,0.500000,4.500000,6,0.000000,0,4,0,28615,0,3894,8,1.000000,8129.250000,0,4,0,32517,319.500,852,beta_scale_calibration,BG1_first4_high_rate,D,5,8,8,6,2.0,0,0.000000,0-2-1-3,200,4,True,71
D_g2.0_b1,fixed,4.9,4,0,0.00000000,0.00000000,0.48989084,0,0.0000000000,4.000000,0.000000,4.000000,4,0.000000,0,4,0,28615,0,0,0,1.000000,7153.750000,0,4,0,28615,284.000,852,beta_scale_calibration,BG1_first4_high_rate,D,5,8,8,6,2.0,1,0.500000,0-2-1-3,200,4,True,71
D_g2.0_b2,fixed,4.9,4,0,0.00000000,0.00000000,0.48989084,0,0.0000000000,6.000000,0.408248,6.000000,7,0.000000,0,4,0,28615,0,8,0,1.000000,7155.750000,0,4,0,28623,426.000,852,beta_scale_calibration,BG1_first4_high_rate,D,5,8,8,6,2.0,2,1.000000,0-2-1-3,200,4,True,71
D_g2.0_b3,fixed,4.9,4,4,1.00000000,0.51010916,1.00000000,261,0.0077237216,12.000000,0.000000,0.000000,12,1.000000,0,0,4,28615,0,0,0,1.000000,7153.750000,4,0,28615,0,852.000,852,beta_scale_calibration,BG1_first4_high_rate,D,5,8,8,6,2.0,3,1.500000,0-2-1-3,200,4,True,71
D_g2.0_b4,fixed,4.9,4,4,1.00000000,0.51010916,1.00000000,283,0.0083747633,12.000000,0.000000,0.000000,12,1.000000,0,0,4,28615,0,0,0,1.000000,7153.750000,4,0,28615,0,852.000,852,beta_scale_calibration,BG1_first4_high_rate,D,5,8,8,6,2.0,4,2.000000,0-2-1-3,200,4,True,71
D_g2.0_b5,fixed,4.9,4,4,1.00000000,0.51010916,1.00000000,256,0.0075757576,12.000000,0.000000,0.000000,12,1.000000,0,0,4,28615,0,0,0,1.000000,7153.750000,4,0,28615,0,852.000,852,beta_scale_calibration,BG1_first4_high_rate,D,5,8,8,6,2.0,5,2.500000,0-2-1-3,200,4,True,71
D_g2.0_b6,fixed,4.9,4,4,1.00000000,0.51010916,1.00000000,234,0.0069247159,12.000000,0.000000,0.000000,12,1.000000,0,0,4,28615,0,0,0,1.000000,7153.750000,4,0,28615,0,852.000,852,beta_scale_calibration,BG1_first4_high_rate,D,5,8,8,6,2.0,6,3.000000,0-2-1-3,200,4,True,71
D_g2.0_b7,fixed,4.9,4,4,1.00000000,0.51010916,1.00000000,227,0.0067175663,12.000000,0.000000,0.000000,12,1.000000,0,0,4,28615,0,0,0,1.000000,7153.750000,4,0,28615,0,852.000,852,beta_scale_calibration,BG1_first4_high_rate,D,5,8,8,6,2.0,7,3.500000,0-2-1-3,200,4,True,71
D_g3.0_b0,fixed,4.9,4,0,0.00000000,0.00000000,0.48989084,0,0.0000000000,5.250000,0.250000,5.250000,6,0.000000,0,4,0,33322,0,5397,1,1.000000,9680.000000,0,4,0,38720,372.750,852,beta_scale_calibration,BG1_first4_high_rate,D,5,8,8,6,3.0,0,0.000000,0-2-1-3,200,4,True,71
D_g3.0_b1,fixed,4.9,4,0,0.00000000,0.00000000,0.48989084,0,0.0000000000,4.500000,0.288675,4.500000,5,0.000000,0,4,0,33322,0,4144,11,1.000000,9369.250000,0,4,0,37477,319.500,852,beta_scale_calibration,BG1_first4_high_rate,D,5,8,8,6,3.0,1,0.333333,0-2-1-3,200,4,True,71
D_g3.0_b2,fixed,4.9,4,0,0.00000000,0.00000000,0.48989084,0,0.0000000000,4.750000,0.250000,4.750000,5,0.000000,0,4,0,33322,0,92,0,1.000000,8353.500000,0,4,0,33414,337.250,852,beta_scale_calibration,BG1_first4_high_rate,D,5,8,8,6,3.0,2,0.666667,0-2-1-3,200,4,True,71
D_g3.0_b3,fixed,4.9,4,0,0.00000000,0.00000000,0.48989084,0,0.0000000000,6.750000,0.478714,6.750000,8,0.000000,0,4,0,33322,0,1390,0,1.000000,8678.000000,0,4,0,34712,479.250,852,beta_scale_calibration,BG1_first4_high_rate,D,5,8,8,6,3.0,3,1.000000,0-2-1-3,200,4,True,71
D_g3.0_b4,fixed,4.9,4,4,1.00000000,0.51010916,1.00000000,198,0.0058593750,12.000000,0.000000,0.000000,12,1.000000,0,0,4,33322,0,0,0,1.000000,8330.500000,4,0,33322,0,852.000,852,beta_scale_calibration,BG1_first4_high_rate,D,5,8,8,6,3.0,4,1.333333,0-2-1-3,200,4,True,71
D_g3.0_b5,fixed,4.9,4,4,1.00000000,0.51010916,1.00000000,327,0.0096768466,12.000000,0.000000,0.000000,12,1.000000,0,0,4,33322,0,0,0,1.000000,8330.500000,4,0,33322,0,852.000,852,beta_scale_calibration,BG1_first4_high_rate,D,5,8,8,6,3.0,5,1.666667,0-2-1-3,200,4,True,71
D_g3.0_b6,fixed,4.9,4,4,1.00000000,0.51010916,1.00000000,295,0.0087298769,12.000000,0.000000,0.000000,12,1.000000,0,0,4,33322,0,0,0,1.000000,8330.500000,4,0,33322,0,852.000,852,beta_scale_calibration,BG1_first4_high_rate,D,5,8,8,6,3.0,6,2.000000,0-2-1-3,200,4,True,71
D_g3.0_b7,fixed,4.9,4,4,1.00000000,0.51010916,1.00000000,274,0.0081084280,12.000000,0.000000,0.000000,12,1.000000,0,0,4,33322,0,0,0,1.000000,8330.500000,4,0,33322,0,852.000,852,beta_scale_calibration,BG1_first4_high_rate,D,5,8,8,6,3.0,7,2.333333,0-2-1-3,200,4,True,71
D_g4.0_b0,fixed,4.9,4,0,0.00000000,0.00000000,0.48989084,0,0.0000000000,6.000000,0.408248,6.000000,7,0.000000,0,4,0,34722,0,5771,1,1.000000,10123.500000,0,4,0,40494,426.000,852,beta_scale_calibration,BG1_first4_high_rate,D,5,8,8,6,4.0,0,0.000000,0-2-1-3,200,4,True,71
D_g4.0_b1,fixed,4.9,4,0,0.00000000,0.00000000,0.48989084,0,0.0000000000,5.250000,0.250000,5.250000,6,0.000000,0,4,0,34722,0,1061,0,1.000000,8945.750000,0,4,0,35783,372.750,852,beta_scale_calibration,BG1_first4_high_rate,D,5,8,8,6,4.0,1,0.250000,0-2-1-3,200,4,True,71
D_g4.0_b2,fixed,4.9,4,0,0.00000000,0.00000000,0.48989084,0,0.0000000000,5.250000,0.250000,5.250000,6,0.000000,0,4,0,34722,0,1397,0,1.000000,9029.750000,0,4,0,36119,372.750,852,beta_scale_calibration,BG1_first4_high_rate,D,5,8,8,6,4.0,2,0.500000,0-2-1-3,200,4,True,71
D_g4.0_b3,fixed,4.9,4,0,0.00000000,0.00000000,0.48989084,0,0.0000000000,6.250000,0.250000,6.250000,7,0.000000,0,4,0,34722,0,803,0,1.000000,8881.250000,0,4,0,35525,443.750,852,beta_scale_calibration,BG1_first4_high_rate,D,5,8,8,6,4.0,3,0.750000,0-2-1-3,200,4,True,71
D_g4.0_b4,fixed,4.9,4,0,0.00000000,0.00000000,0.48989084,0,0.0000000000,11.000000,0.577350,11.000000,12,0.500000,0,4,0,34722,0,19,0,1.000000,8685.250000,0,4,0,34741,781.000,852,beta_scale_calibration,BG1_first4_high_rate,D,5,8,8,6,4.0,4,1.000000,0-2-1-3,200,4,True,71
D_g4.0_b5,fixed,4.9,4,4,1.00000000,0.51010916,1.00000000,355,0.0105054451,12.000000,0.000000,0.000000,12,1.000000,0,0,4,34722,0,0,0,1.000000,8680.500000,4,0,34722,0,852.000,852,beta_scale_calibration,BG1_first4_high_rate,D,5,8,8,6,4.0,5,1.250000,0-2-1-3,200,4,True,71
D_g4.0_b6,fixed,4.9,4,4,1.00000000,0.51010916,1.00000000,339,0.0100319602,12.000000,0.000000,0.000000,12,1.000000,0,0,4,34722,0,0,0,1.000000,8680.500000,4,0,34722,0,852.000,852,beta_scale_calibration,BG1_first4_high_rate,D,5,8,8,6,4.0,6,1.500000,0-2-1-3,200,4,True,71
D_g4.0_b7,fixed,4.9,4,4,1.00000000,0.51010916,1.00000000,323,0.0095584754,12.000000,0.000000,0.000000,12,1.000000,0,0,4,34722,0,0,0,1.000000,8680.500000,4,0,34722,0,852.000,852,beta_scale_calibration,BG1_first4_high_rate,D,5,8,8,6,4.0,7,1.750000,0-2-1-3,200,4,True,71
D_g6.0_b0,fixed,4.9,4,0,0.00000000,0.00000000,0.48989084,0,0.0000000000,9.750000,0.946485,9.750000,11,0.000000,0,4,0,35691,0,32612,4733,1.000000,18259.000000,0,4,0,73036,692.250,852,beta_scale_calibration,BG1_first4_high_rate,D,5,8,8,6,6.0,0,0.000000,0-2-1-3,200,4,True,71
D_g6.0_b1,fixed,4.9,4,0,0.00000000,0.00000000,0.48989084,0,0.0000000000,7.250000,0.478714,7.250000,8,0.000000,0,4,0,35691,0,2419,0,1.000000,9527.500000,0,4,0,38110,514.750,852,beta_scale_calibration,BG1_first4_high_rate,D,5,8,8,6,6.0,1,0.166667,0-2-1-3,200,4,True,71
D_g6.0_b2,fixed,4.9,4,0,0.00000000,0.00000000,0.48989084,0,0.0000000000,7.000000,0.408248,7.000000,8,0.000000,0,4,0,35691,0,1727,0,1.000000,9354.500000,0,4,0,37418,497.000,852,beta_scale_calibration,BG1_first4_high_rate,D,5,8,8,6,6.0,2,0.333333,0-2-1-3,200,4,True,71
D_g6.0_b3,fixed,4.9,4,0,0.00000000,0.00000000,0.48989084,0,0.0000000000,8.000000,0.707107,8.000000,9,0.000000,0,4,0,35691,0,2672,0,1.000000,9590.750000,0,4,0,38363,568.000,852,beta_scale_calibration,BG1_first4_high_rate,D,5,8,8,6,6.0,3,0.500000,0-2-1-3,200,4,True,71
D_g6.0_b4,fixed,4.9,4,2,0.50000000,0.15003899,0.84996101,77,0.0022786458,11.500000,0.500000,11.000000,12,0.750000,0,2,2,35691,0,41,0,1.000000,8933.000000,2,2,17836,17896,816.500,852,beta_scale_calibration,BG1_first4_high_rate,D,5,8,8,6,6.0,4,0.666667,0-2-1-3,200,4,True,71
D_g6.0_b5,fixed,4.9,4,4,1.00000000,0.51010916,1.00000000,356,0.0105350379,12.000000,0.000000,0.000000,12,1.000000,0,0,4,35691,0,0,0,1.000000,8922.750000,4,0,35691,0,852.000,852,beta_scale_calibration,BG1_first4_high_rate,D,5,8,8,6,6.0,5,0.833333,0-2-1-3,200,4,True,71
D_g6.0_b6,fixed,4.9,4,4,1.00000000,0.51010916,1.00000000,407,0.0120442708,12.000000,0.000000,0.000000,12,1.000000,0,0,4,35691,0,0,0,1.000000,8922.750000,4,0,35691,0,852.000,852,beta_scale_calibration,BG1_first4_high_rate,D,5,8,8,6,6.0,6,1.000000,0-2-1-3,200,4,True,71
D_g6.0_b7,fixed,4.9,4,4,1.00000000,0.51010916,1.00000000,375,0.0110973011,12.000000,0.000000,0.000000,12,1.000000,0,0,4,35691,0,0,0,1.000000,8922.750000,4,0,35691,0,852.000,852,beta_scale_calibration,BG1_first4_high_rate,D,5,8,8,6,6.0,7,1.166667,0-2-1-3,200,4,True,71
D_g8.0_b0,fixed,4.9,4,2,0.50000000,0.15003899,0.84996101,51,0.0015092330,11.000000,0.707107,10.000000,12,0.500000,0,2,2,36056,0,13886,114,1.000000,12514.000000,2,2,18027,32029,781.000,852,beta_scale_calibration,BG1_first4_high_rate,D,5,8,8,6,8.0,0,0.000000,0-2-1-3,200,4,True,71
D_g8.0_b1,fixed,4.9,4,0,0.00000000,0.00000000,0.48989084,0,0.0000000000,9.750000,1.108678,9.750000,12,0.250000,0,4,0,36056,0,11473,333,1.000000,11965.500000,0,4,0,47862,692.250,852,beta_scale_calibration,BG1_first4_high_rate,D,5,8,8,6,8.0,1,0.125000,0-2-1-3,200,4,True,71
D_g8.0_b2,fixed,4.9,4,0,0.00000000,0.00000000,0.48989084,0,0.0000000000,9.000000,0.816497,9.000000,11,0.000000,0,4,0,36056,0,3314,1,1.000000,9842.750000,0,4,0,39371,639.000,852,beta_scale_calibration,BG1_first4_high_rate,D,5,8,8,6,8.0,2,0.250000,0-2-1-3,200,4,True,71
D_g8.0_b3,fixed,4.9,4,1,0.25000000,0.04558726,0.69935816,20,0.0005918561,10.000000,0.912871,9.333333,12,0.250000,0,3,1,36056,0,843,0,1.000000,9224.750000,1,3,9012,27887,710.000,852,beta_scale_calibration,BG1_first4_high_rate,D,5,8,8,6,8.0,3,0.375000,0-2-1-3,200,4,True,71
D_g8.0_b4,fixed,4.9,4,4,1.00000000,0.51010916,1.00000000,163,0.0048236269,12.000000,0.000000,0.000000,12,1.000000,0,0,4,36056,0,0,0,1.000000,9014.000000,4,0,36056,0,852.000,852,beta_scale_calibration,BG1_first4_high_rate,D,5,8,8,6,8.0,4,0.500000,0-2-1-3,200,4,True,71
D_g8.0_b5,fixed,4.9,4,4,1.00000000,0.51010916,1.00000000,378,0.0111860795,12.000000,0.000000,0.000000,12,1.000000,0,0,4,36056,0,0,0,1.000000,9014.000000,4,0,36056,0,852.000,852,beta_scale_calibration,BG1_first4_high_rate,D,5,8,8,6,8.0,5,0.625000,0-2-1-3,200,4,True,71
D_g8.0_b6,fixed,4.9,4,4,1.00000000,0.51010916,1.00000000,441,0.0130504261,12.000000,0.000000,0.000000,12,1.000000,0,0,4,36056,0,0,0,1.000000,9014.000000,4,0,36056,0,852.000,852,beta_scale_calibration,BG1_first4_high_rate,D,5,8,8,6,8.0,6,0.750000,0-2-1-3,200,4,True,71
D_g8.0_b7,fixed,4.9,4,4,1.00000000,0.51010916,1.00000000,415,0.0122810133,12.000000,0.000000,0.000000,12,1.000000,0,0,4,36056,0,0,0,1.000000,9014.000000,4,0,36056,0,852.000,852,beta_scale_calibration,BG1_first4_high_rate,D,5,8,8,6,8.0,7,0.875000,0-2-1-3,200,4,True,71
E_g0.5_b0,fixed,4.9,4,0,0.00000000,0.00000000,0.48989084,0,0.0000000000,4.750000,0.250000,4.750000,5,0.000000,0,4,0,2,0,0,0,0.250000,0.500000,0,1,0,2,337.250,852,beta_scale_calibration,BG1_first4_high_rate,E,5,8,9,6,0.5,0,0.000000,0-2-1-3,200,4,True,71
E_g0.5_b1,fixed,4.9,4,4,1.00000000,0.51010916,1.00000000,158,0.0046756629,12.000000,0.000000,0.000000,12,1.000000,0,0,4,2,0,0,0,0.250000,0.500000,1,0,2,0,852.000,852,beta_scale_calibration,BG1_first4_high_rate,E,5,8,9,6,0.5,1,2.000000,0-2-1-3,200,4,True,71
E_g0.5_b2,fixed,4.9,4,4,1.00000000,0.51010916,1.00000000,134,0.0039654356,12.000000,0.000000,0.000000,12,1.000000,0,0,4,2,0,0,0,0.250000,0.500000,1,0,2,0,852.000,852,beta_scale_calibration,BG1_first4_high_rate,E,5,8,9,6,0.5,2,4.000000,0-2-1-3,200,4,True,71
E_g0.5_b3,fixed,4.9,4,4,1.00000000,0.51010916,1.00000000,134,0.0039654356,12.000000,0.000000,0.000000,12,1.000000,0,0,4,2,0,0,0,0.250000,0.500000,1,0,2,0,852.000,852,beta_scale_calibration,BG1_first4_high_rate,E,5,8,9,6,0.5,3,6.000000,0-2-1-3,200,4,True,71
E_g0.5_b4,fixed,4.9,4,4,1.00000000,0.51010916,1.00000000,134,0.0039654356,12.000000,0.000000,0.000000,12,1.000000,0,0,4,2,0,0,0,0.250000,0.500000,1,0,2,0,852.000,852,beta_scale_calibration,BG1_first4_high_rate,E,5,8,9,6,0.5,4,8.000000,0-2-1-3,200,4,True,71
E_g0.5_b5,fixed,4.9,4,4,1.00000000,0.51010916,1.00000000,134,0.0039654356,12.000000,0.000000,0.000000,12,1.000000,0,0,4,2,0,0,0,0.250000,0.500000,1,0,2,0,852.000,852,beta_scale_calibration,BG1_first4_high_rate,E,5,8,9,6,0.5,5,10.000000,0-2-1-3,200,4,True,71
E_g0.5_b6,fixed,4.9,4,4,1.00000000,0.51010916,1.00000000,134,0.0039654356,12.000000,0.000000,0.000000,12,1.000000,0,0,4,2,0,0,0,0.250000,0.500000,1,0,2,0,852.000,852,beta_scale_calibration,BG1_first4_high_rate,E,5,8,9,6,0.5,6,12.000000,0-2-1-3,200,4,True,71
E_g0.5_b7,fixed,4.9,4,4,1.00000000,0.51010916,1.00000000,134,0.0039654356,12.000000,0.000000,0.000000,12,1.000000,0,0,4,2,0,0,0,0.250000,0.500000,1,0,2,0,852.000,852,beta_scale_calibration,BG1_first4_high_rate,E,5,8,9,6,0.5,7,14.000000,0-2-1-3,200,4,True,71
E_g0.595_b0,fixed,4.9,4,0,0.00000000,0.00000000,0.48989084,0,0.0000000000,4.500000,0.288675,4.500000,5,0.000000,0,4,0,33,0,0,0,1.000000,8.250000,0,4,0,33,319.500,852,beta_scale_calibration,BG1_first4_high_rate,E,5,8,9,6,0.595,0,0.000000,0-2-1-3,200,4,True,71
E_g0.595_b1,fixed,4.9,4,4,1.00000000,0.51010916,1.00000000,189,0.0055930398,12.000000,0.000000,0.000000,12,1.000000,0,0,4,33,0,0,0,1.000000,8.250000,4,0,33,0,852.000,852,beta_scale_calibration,BG1_first4_high_rate,E,5,8,9,6,0.595,1,1.680672,0-2-1-3,200,4,True,71
E_g0.595_b2,fixed,4.9,4,4,1.00000000,0.51010916,1.00000000,151,0.0044685133,12.000000,0.000000,0.000000,12,1.000000,0,0,4,33,0,0,0,1.000000,8.250000,4,0,33,0,852.000,852,beta_scale_calibration,BG1_first4_high_rate,E,5,8,9,6,0.595,2,3.361345,0-2-1-3,200,4,True,71
E_g0.595_b3,fixed,4.9,4,4,1.00000000,0.51010916,1.00000000,149,0.0044093277,12.000000,0.000000,0.000000,12,1.000000,0,0,4,33,0,0,0,1.000000,8.250000,4,0,33,0,852.000,852,beta_scale_calibration,BG1_first4_high_rate,E,5,8,9,6,0.595,3,5.042017,0-2-1-3,200,4,True,71
E_g0.595_b4,fixed,4.9,4,4,1.00000000,0.51010916,1.00000000,149,0.0044093277,12.000000,0.000000,0.000000,12,1.000000,0,0,4,33,0,0,0,1.000000,8.250000,4,0,33,0,852.000,852,beta_scale_calibration,BG1_first4_high_rate,E,5,8,9,6,0.595,4,6.722689,0-2-1-3,200,4,True,71
E_g0.595_b5,fixed,4.9,4,4,1.00000000,0.51010916,1.00000000,149,0.0044093277,12.000000,0.000000,0.000000,12,1.000000,0,0,4,33,0,0,0,1.000000,8.250000,4,0,33,0,852.000,852,beta_scale_calibration,BG1_first4_high_rate,E,5,8,9,6,0.595,5,8.403361,0-2-1-3,200,4,True,71
E_g0.595_b6,fixed,4.9,4,4,1.00000000,0.51010916,1.00000000,149,0.0044093277,12.000000,0.000000,0.000000,12,1.000000,0,0,4,33,0,0,0,1.000000,8.250000,4,0,33,0,852.000,852,beta_scale_calibration,BG1_first4_high_rate,E,5,8,9,6,0.595,6,10.084034,0-2-1-3,200,4,True,71
E_g0.595_b7,fixed,4.9,4,4,1.00000000,0.51010916,1.00000000,149,0.0044093277,12.000000,0.000000,0.000000,12,1.000000,0,0,4,33,0,0,0,1.000000,8.250000,4,0,33,0,852.000,852,beta_scale_calibration,BG1_first4_high_rate,E,5,8,9,6,0.595,7,11.764706,0-2-1-3,200,4,True,71
E_g0.697_b0,fixed,4.9,4,0,0.00000000,0.00000000,0.48989084,0,0.0000000000,4.250000,0.250000,4.250000,5,0.000000,0,4,0,419,0,0,0,1.000000,104.750000,0,4,0,419,301.750,852,beta_scale_calibration,BG1_first4_high_rate,E,5,8,9,6,0.697,0,0.000000,0-2-1-3,200,4,True,71
E_g0.697_b1,fixed,4.9,4,4,1.00000000,0.51010916,1.00000000,187,0.0055338542,12.000000,0.000000,0.000000,12,1.000000,0,0,4,419,0,0,0,1.000000,104.750000,4,0,419,0,852.000,852,beta_scale_calibration,BG1_first4_high_rate,E,5,8,9,6,0.697,1,1.434720,0-2-1-3,200,4,True,71
E_g0.697_b2,fixed,4.9,4,4,1.00000000,0.51010916,1.00000000,169,0.0050011837,12.000000,0.000000,0.000000,12,1.000000,0,0,4,419,0,0,0,1.000000,104.750000,4,0,419,0,852.000,852,beta_scale_calibration,BG1_first4_high_rate,E,5,8,9,6,0.697,2,2.869440,0-2-1-3,200,4,True,71
E_g0.697_b3,fixed,4.9,4,4,1.00000000,0.51010916,1.00000000,161,0.0047644413,12.000000,0.000000,0.000000,12,1.000000,0,0,4,419,0,0,0,1.000000,104.750000,4,0,419,0,852.000,852,beta_scale_calibration,BG1_first4_high_rate,E,5,8,9,6,0.697,3,4.304161,0-2-1-3,200,4,True,71
E_g0.697_b4,fixed,4.9,4,4,1.00000000,0.51010916,1.00000000,161,0.0047644413,12.000000,0.000000,0.000000,12,1.000000,0,0,4,419,0,0,0,1.000000,104.750000,4,0,419,0,852.000,852,beta_scale_calibration,BG1_first4_high_rate,E,5,8,9,6,0.697,4,5.738881,0-2-1-3,200,4,True,71
E_g0.697_b5,fixed,4.9,4,4,1.00000000,0.51010916,1.00000000,161,0.0047644413,12.000000,0.000000,0.000000,12,1.000000,0,0,4,419,0,0,0,1.000000,104.750000,4,0,419,0,852.000,852,beta_scale_calibration,BG1_first4_high_rate,E,5,8,9,6,0.697,5,7.173601,0-2-1-3,200,4,True,71
E_g0.697_b6,fixed,4.9,4,4,1.00000000,0.51010916,1.00000000,161,0.0047644413,12.000000,0.000000,0.000000,12,1.000000,0,0,4,419,0,0,0,1.000000,104.750000,4,0,419,0,852.000,852,beta_scale_calibration,BG1_first4_high_rate,E,5,8,9,6,0.697,6,8.608321,0-2-1-3,200,4,True,71
E_g0.697_b7,fixed,4.9,4,4,1.00000000,0.51010916,1.00000000,161,0.0047644413,12.000000,0.000000,0.000000,12,1.000000,0,0,4,419,0,0,0,1.000000,104.750000,4,0,419,0,852.000,852,beta_scale_calibration,BG1_first4_high_rate,E,5,8,9,6,0.697,7,10.043042,0-2-1-3,200,4,True,71
E_g0.75_b0,fixed,4.9,4,0,0.00000000,0.00000000,0.48989084,0,0.0000000000,4.500000,0.288675,4.500000,5,0.000000,0,4,0,934,0,0,0,1.000000,233.500000,0,4,0,934,319.500,852,beta_scale_calibration,BG1_first4_high_rate,E,5,8,9,6,0.75,0,0.000000,0-2-1-3,200,4,True,71
E_g0.75_b1,fixed,4.9,4,3,0.75000000,0.30064184,0.95441274,76,0.0022490530,11.500000,0.500000,10.000000,12,0.750000,0,1,3,934,0,0,0,1.000000,233.500000,3,1,707,227,816.500,852,beta_scale_calibration,BG1_first4_high_rate,E,5,8,9,6,0.75,1,1.333333,0-2-1-3,200,4,True,71
E_g0.75_b2,fixed,4.9,4,4,1.00000000,0.51010916,1.00000000,180,0.0053267045,12.000000,0.000000,0.000000,12,1.000000,0,0,4,934,0,0,0,1.000000,233.500000,4,0,934,0,852.000,852,beta_scale_calibration,BG1_first4_high_rate,E,5,8,9,6,0.75,2,2.666667,0-2-1-3,200,4,True,71
E_g0.75_b3,fixed,4.9,4,4,1.00000000,0.51010916,1.00000000,167,0.0049419981,12.000000,0.000000,0.000000,12,1.000000,0,0,4,934,0,0,0,1.000000,233.500000,4,0,934,0,852.000,852,beta_scale_calibration,BG1_first4_high_rate,E,5,8,9,6,0.75,3,4.000000,0-2-1-3,200,4,True,71
E_g0.75_b4,fixed,4.9,4,4,1.00000000,0.51010916,1.00000000,166,0.0049124053,12.000000,0.000000,0.000000,12,1.000000,0,0,4,934,0,0,0,1.000000,233.500000,4,0,934,0,852.000,852,beta_scale_calibration,BG1_first4_high_rate,E,5,8,9,6,0.75,4,5.333333,0-2-1-3,200,4,True,71
E_g0.75_b5,fixed,4.9,4,4,1.00000000,0.51010916,1.00000000,166,0.0049124053,12.000000,0.000000,0.000000,12,1.000000,0,0,4,934,0,0,0,1.000000,233.500000,4,0,934,0,852.000,852,beta_scale_calibration,BG1_first4_high_rate,E,5,8,9,6,0.75,5,6.666667,0-2-1-3,200,4,True,71
E_g0.75_b6,fixed,4.9,4,4,1.00000000,0.51010916,1.00000000,166,0.0049124053,12.000000,0.000000,0.000000,12,1.000000,0,0,4,934,0,0,0,1.000000,233.500000,4,0,934,0,852.000,852,beta_scale_calibration,BG1_first4_high_rate,E,5,8,9,6,0.75,6,8.000000,0-2-1-3,200,4,True,71
E_g0.75_b7,fixed,4.9,4,4,1.00000000,0.51010916,1.00000000,166,0.0049124053,12.000000,0.000000,0.000000,12,1.000000,0,0,4,934,0,0,0,1.000000,233.500000,4,0,934,0,852.000,852,beta_scale_calibration,BG1_first4_high_rate,E,5,8,9,6,0.75,7,9.333333,0-2-1-3,200,4,True,71
E_g0.817_b0,fixed,4.9,4,0,0.00000000,0.00000000,0.48989084,0,0.0000000000,4.500000,0.288675,4.500000,5,0.000000,0,4,0,2018,0,0,0,1.000000,504.500000,0,4,0,2018,319.500,852,beta_scale_calibration,BG1_first4_high_rate,E,5,8,9,6,0.817,0,0.000000,0-2-1-3,200,4,True,71
E_g0.817_b1,fixed,4.9,4,0,0.00000000,0.00000000,0.48989084,0,0.0000000000,9.500000,0.645497,9.500000,11,0.000000,0,4,0,2018,0,0,0,1.000000,504.500000,0,4,0,2018,674.500,852,beta_scale_calibration,BG1_first4_high_rate,E,5,8,9,6,0.817,1,1.223990,0-2-1-3,200,4,True,71
E_g0.817_b2,fixed,4.9,4,4,1.00000000,0.51010916,1.00000000,195,0.0057705966,12.000000,0.000000,0.000000,12,1.000000,0,0,4,2018,0,0,0,1.000000,504.500000,4,0,2018,0,852.000,852,beta_scale_calibration,BG1_first4_high_rate,E,5,8,9,6,0.817,2,2.447980,0-2-1-3,200,4,True,71
E_g0.817_b3,fixed,4.9,4,4,1.00000000,0.51010916,1.00000000,175,0.0051787405,12.000000,0.000000,0.000000,12,1.000000,0,0,4,2018,0,0,0,1.000000,504.500000,4,0,2018,0,852.000,852,beta_scale_calibration,BG1_first4_high_rate,E,5,8,9,6,0.817,3,3.671971,0-2-1-3,200,4,True,71
E_g0.817_b4,fixed,4.9,4,4,1.00000000,0.51010916,1.00000000,173,0.0051195549,12.000000,0.000000,0.000000,12,1.000000,0,0,4,2018,0,0,0,1.000000,504.500000,4,0,2018,0,852.000,852,beta_scale_calibration,BG1_first4_high_rate,E,5,8,9,6,0.817,4,4.895961,0-2-1-3,200,4,True,71
E_g0.817_b5,fixed,4.9,4,4,1.00000000,0.51010916,1.00000000,173,0.0051195549,12.000000,0.000000,0.000000,12,1.000000,0,0,4,2018,0,0,0,1.000000,504.500000,4,0,2018,0,852.000,852,beta_scale_calibration,BG1_first4_high_rate,E,5,8,9,6,0.817,5,6.119951,0-2-1-3,200,4,True,71
E_g0.817_b6,fixed,4.9,4,4,1.00000000,0.51010916,1.00000000,173,0.0051195549,12.000000,0.000000,0.000000,12,1.000000,0,0,4,2018,0,0,0,1.000000,504.500000,4,0,2018,0,852.000,852,beta_scale_calibration,BG1_first4_high_rate,E,5,8,9,6,0.817,6,7.343941,0-2-1-3,200,4,True,71
E_g0.817_b7,fixed,4.9,4,4,1.00000000,0.51010916,1.00000000,173,0.0051195549,12.000000,0.000000,0.000000,12,1.000000,0,0,4,2018,0,0,0,1.000000,504.500000,4,0,2018,0,852.000,852,beta_scale_calibration,BG1_first4_high_rate,E,5,8,9,6,0.817,7,8.567931,0-2-1-3,200,4,True,71
E_g0.9_b0,fixed,4.9,4,0,0.00000000,0.00000000,0.48989084,0,0.0000000000,4.500000,0.500000,4.500000,6,0.000000,0,4,0,4002,0,0,0,1.000000,1000.500000,0,4,0,4002,319.500,852,beta_scale_calibration,BG1_first4_high_rate,E,5,8,9,6,0.9,0,0.000000,0-2-1-3,200,4,True,71
E_g0.9_b1,fixed,4.9,4,0,0.00000000,0.00000000,0.48989084,0,0.0000000000,7.000000,0.408248,7.000000,8,0.000000,0,4,0,4002,0,0,0,1.000000,1000.500000,0,4,0,4002,497.000,852,beta_scale_calibration,BG1_first4_high_rate,E,5,8,9,6,0.9,1,1.111111,0-2-1-3,200,4,True,71
E_g0.9_b2,fixed,4.9,4,4,1.00000000,0.51010916,1.00000000,212,0.0062736742,12.000000,0.000000,0.000000,12,1.000000,0,0,4,4002,0,0,0,1.000000,1000.500000,4,0,4002,0,852.000,852,beta_scale_calibration,BG1_first4_high_rate,E,5,8,9,6,0.9,2,2.222222,0-2-1-3,200,4,True,71
E_g0.9_b3,fixed,4.9,4,4,1.00000000,0.51010916,1.00000000,183,0.0054154830,12.000000,0.000000,0.000000,12,1.000000,0,0,4,4002,0,0,0,1.000000,1000.500000,4,0,4002,0,852.000,852,beta_scale_calibration,BG1_first4_high_rate,E,5,8,9,6,0.9,3,3.333333,0-2-1-3,200,4,True,71
E_g0.9_b4,fixed,4.9,4,4,1.00000000,0.51010916,1.00000000,179,0.0052971117,12.000000,0.000000,0.000000,12,1.000000,0,0,4,4002,0,0,0,1.000000,1000.500000,4,0,4002,0,852.000,852,beta_scale_calibration,BG1_first4_high_rate,E,5,8,9,6,0.9,4,4.444444,0-2-1-3,200,4,True,71
E_g0.9_b5,fixed,4.9,4,4,1.00000000,0.51010916,1.00000000,179,0.0052971117,12.000000,0.000000,0.000000,12,1.000000,0,0,4,4002,0,0,0,1.000000,1000.500000,4,0,4002,0,852.000,852,beta_scale_calibration,BG1_first4_high_rate,E,5,8,9,6,0.9,5,5.555556,0-2-1-3,200,4,True,71
E_g0.9_b6,fixed,4.9,4,4,1.00000000,0.51010916,1.00000000,179,0.0052971117,12.000000,0.000000,0.000000,12,1.000000,0,0,4,4002,0,0,0,1.000000,1000.500000,4,0,4002,0,852.000,852,beta_scale_calibration,BG1_first4_high_rate,E,5,8,9,6,0.9,6,6.666667,0-2-1-3,200,4,True,71
E_g0.9_b7,fixed,4.9,4,4,1.00000000,0.51010916,1.00000000,179,0.0052971117,12.000000,0.000000,0.000000,12,1.000000,0,0,4,4002,0,0,0,1.000000,1000.500000,4,0,4002,0,852.000,852,beta_scale_calibration,BG1_first4_high_rate,E,5,8,9,6,0.9,7,7.777778,0-2-1-3,200,4,True,71
E_g1.0_b0,fixed,4.9,4,0,0.00000000,0.00000000,0.48989084,0,0.0000000000,4.250000,0.250000,4.250000,5,0.000000,0,4,0,7019,0,0,0,1.000000,1754.750000,0,4,0,7019,301.750,852,beta_scale_calibration,BG1_first4_high_rate,E,5,8,9,6,1.0,0,0.000000,0-2-1-3,200,4,True,71
E_g1.0_b1,fixed,4.9,4,0,0.00000000,0.00000000,0.48989084,0,0.0000000000,6.000000,0.408248,6.000000,7,0.000000,0,4,0,7019,0,0,0,1.000000,1754.750000,0,4,0,7019,426.000,852,beta_scale_calibration,BG1_first4_high_rate,E,5,8,9,6,1.0,1,1.000000,0-2-1-3,200,4,True,71
E_g1.0_b2,fixed,4.9,4,4,1.00000000,0.51010916,1.00000000,234,0.0069247159,12.000000,0.000000,0.000000,12,1.000000,0,0,4,7019,0,0,0,1.000000,1754.750000,4,0,7019,0,852.000,852,beta_scale_calibration,BG1_first4_high_rate,E,5,8,9,6,1.0,2,2.000000,0-2-1-3,200,4,True,71
E_g1.0_b3,fixed,4.9,4,4,1.00000000,0.51010916,1.00000000,200,0.0059185606,12.000000,0.000000,0.000000,12,1.000000,0,0,4,7019,0,0,0,1.000000,1754.750000,4,0,7019,0,852.000,852,beta_scale_calibration,BG1_first4_high_rate,E,5,8,9,6,1.0,3,3.000000,0-2-1-3,200,4,True,71
E_g1.0_b4,fixed,4.9,4,4,1.00000000,0.51010916,1.00000000,190,0.0056226326,12.000000,0.000000,0.000000,12,1.000000,0,0,4,7019,0,0,0,1.000000,1754.750000,4,0,7019,0,852.000,852,beta_scale_calibration,BG1_first4_high_rate,E,5,8,9,6,1.0,4,4.000000,0-2-1-3,200,4,True,71
E_g1.0_b5,fixed,4.9,4,4,1.00000000,0.51010916,1.00000000,189,0.0055930398,12.000000,0.000000,0.000000,12,1.000000,0,0,4,7019,0,0,0,1.000000,1754.750000,4,0,7019,0,852.000,852,beta_scale_calibration,BG1_first4_high_rate,E,5,8,9,6,1.0,5,5.000000,0-2-1-3,200,4,True,71
E_g1.0_b6,fixed,4.9,4,4,1.00000000,0.51010916,1.00000000,189,0.0055930398,12.000000,0.000000,0.000000,12,1.000000,0,0,4,7019,0,0,0,1.000000,1754.750000,4,0,7019,0,852.000,852,beta_scale_calibration,BG1_first4_high_rate,E,5,8,9,6,1.0,6,6.000000,0-2-1-3,200,4,True,71
E_g1.0_b7,fixed,4.9,4,4,1.00000000,0.51010916,1.00000000,189,0.0055930398,12.000000,0.000000,0.000000,12,1.000000,0,0,4,7019,0,0,0,1.000000,1754.750000,4,0,7019,0,852.000,852,beta_scale_calibration,BG1_first4_high_rate,E,5,8,9,6,1.0,7,7.000000,0-2-1-3,200,4,True,71
E_g1.089_b0,fixed,4.9,4,0,0.00000000,0.00000000,0.48989084,0,0.0000000000,4.250000,0.250000,4.250000,5,0.000000,0,4,0,9954,0,0,0,1.000000,2488.500000,0,4,0,9954,301.750,852,beta_scale_calibration,BG1_first4_high_rate,E,5,8,9,6,1.089,0,0.000000,0-2-1-3,200,4,True,71
E_g1.089_b1,fixed,4.9,4,0,0.00000000,0.00000000,0.48989084,0,0.0000000000,5.500000,0.288675,5.500000,6,0.000000,0,4,0,9954,0,0,0,1.000000,2488.500000,0,4,0,9954,390.500,852,beta_scale_calibration,BG1_first4_high_rate,E,5,8,9,6,1.089,1,0.918274,0-2-1-3,200,4,True,71
E_g1.089_b2,fixed,4.9,4,4,1.00000000,0.51010916,1.00000000,248,0.0073390152,12.000000,0.000000,0.000000,12,1.000000,0,0,4,9954,0,0,0,1.000000,2488.500000,4,0,9954,0,852.000,852,beta_scale_calibration,BG1_first4_high_rate,E,5,8,9,6,1.089,2,1.836547,0-2-1-3,200,4,True,71
E_g1.089_b3,fixed,4.9,4,4,1.00000000,0.51010916,1.00000000,209,0.0061848958,12.000000,0.000000,0.000000,12,1.000000,0,0,4,9954,0,0,0,1.000000,2488.500000,4,0,9954,0,852.000,852,beta_scale_calibration,BG1_first4_high_rate,E,5,8,9,6,1.089,3,2.754821,0-2-1-3,200,4,True,71
E_g1.089_b4,fixed,4.9,4,4,1.00000000,0.51010916,1.00000000,196,0.0058001894,12.000000,0.000000,0.000000,12,1.000000,0,0,4,9954,0,0,0,1.000000,2488.500000,4,0,9954,0,852.000,852,beta_scale_calibration,BG1_first4_high_rate,E,5,8,9,6,1.089,4,3.673095,0-2-1-3,200,4,True,71
E_g1.089_b5,fixed,4.9,4,4,1.00000000,0.51010916,1.00000000,194,0.0057410038,12.000000,0.000000,0.000000,12,1.000000,0,0,4,9954,0,0,0,1.000000,2488.500000,4,0,9954,0,852.000,852,beta_scale_calibration,BG1_first4_high_rate,E,5,8,9,6,1.089,5,4.591368,0-2-1-3,200,4,True,71
E_g1.089_b6,fixed,4.9,4,4,1.00000000,0.51010916,1.00000000,194,0.0057410038,12.000000,0.000000,0.000000,12,1.000000,0,0,4,9954,0,0,0,1.000000,2488.500000,4,0,9954,0,852.000,852,beta_scale_calibration,BG1_first4_high_rate,E,5,8,9,6,1.089,6,5.509642,0-2-1-3,200,4,True,71
E_g1.089_b7,fixed,4.9,4,4,1.00000000,0.51010916,1.00000000,194,0.0057410038,12.000000,0.000000,0.000000,12,1.000000,0,0,4,9954,0,0,0,1.000000,2488.500000,4,0,9954,0,852.000,852,beta_scale_calibration,BG1_first4_high_rate,E,5,8,9,6,1.089,7,6.427916,0-2-1-3,200,4,True,71
E_g1.5_b0,fixed,4.9,4,0,0.00000000,0.00000000,0.48989084,0,0.0000000000,4.250000,0.250000,4.250000,5,0.000000,0,4,0,21527,0,0,0,1.000000,5381.750000,0,4,0,21527,301.750,852,beta_scale_calibration,BG1_first4_high_rate,E,5,8,9,6,1.5,0,0.000000,0-2-1-3,200,4,True,71
E_g1.5_b1,fixed,4.9,4,0,0.00000000,0.00000000,0.48989084,0,0.0000000000,4.000000,0.000000,4.000000,4,0.000000,0,4,0,21527,0,0,0,1.000000,5381.750000,0,4,0,21527,284.000,852,beta_scale_calibration,BG1_first4_high_rate,E,5,8,9,6,1.5,1,0.666667,0-2-1-3,200,4,True,71
E_g1.5_b2,fixed,4.9,4,3,0.75000000,0.30064184,0.95441274,30,0.0008877841,11.250000,0.750000,9.000000,12,0.750000,0,1,3,21527,0,0,0,1.000000,5381.750000,3,1,16153,5374,798.750,852,beta_scale_calibration,BG1_first4_high_rate,E,5,8,9,6,1.5,2,1.333333,0-2-1-3,200,4,True,71
E_g1.5_b3,fixed,4.9,4,4,1.00000000,0.51010916,1.00000000,269,0.0079604640,12.000000,0.000000,0.000000,12,1.000000,0,0,4,21527,0,0,0,1.000000,5381.750000,4,0,21527,0,852.000,852,beta_scale_calibration,BG1_first4_high_rate,E,5,8,9,6,1.5,3,2.000000,0-2-1-3,200,4,True,71
E_g1.5_b4,fixed,4.9,4,4,1.00000000,0.51010916,1.00000000,236,0.0069839015,12.000000,0.000000,0.000000,12,1.000000,0,0,4,21527,0,0,0,1.000000,5381.750000,4,0,21527,0,852.000,852,beta_scale_calibration,BG1_first4_high_rate,E,5,8,9,6,1.5,4,2.666667,0-2-1-3,200,4,True,71
E_g1.5_b5,fixed,4.9,4,4,1.00000000,0.51010916,1.00000000,219,0.0064808239,12.000000,0.000000,0.000000,12,1.000000,0,0,4,21527,0,0,0,1.000000,5381.750000,4,0,21527,0,852.000,852,beta_scale_calibration,BG1_first4_high_rate,E,5,8,9,6,1.5,5,3.333333,0-2-1-3,200,4,True,71
E_g1.5_b6,fixed,4.9,4,4,1.00000000,0.51010916,1.00000000,215,0.0063624527,12.000000,0.000000,0.000000,12,1.000000,0,0,4,21527,0,0,0,1.000000,5381.750000,4,0,21527,0,852.000,852,beta_scale_calibration,BG1_first4_high_rate,E,5,8,9,6,1.5,6,4.000000,0-2-1-3,200,4,True,71
E_g1.5_b7,fixed,4.9,4,4,1.00000000,0.51010916,1.00000000,213,0.0063032670,12.000000,0.000000,0.000000,12,1.000000,0,0,4,21527,0,0,0,1.000000,5381.750000,4,0,21527,0,852.000,852,beta_scale_calibration,BG1_first4_high_rate,E,5,8,9,6,1.5,7,4.666667,0-2-1-3,200,4,True,71
E_g2.0_b0,fixed,4.9,4,0,0.00000000,0.00000000,0.48989084,0,0.0000000000,4.500000,0.500000,4.500000,6,0.000000,0,4,0,28615,0,3894,8,1.000000,8129.250000,0,4,0,32517,319.500,852,beta_scale_calibration,BG1_first4_high_rate,E,5,8,9,6,2.0,0,0.000000,0-2-1-3,200,4,True,71
E_g2.0_b1,fixed,4.9,4,0,0.00000000,0.00000000,0.48989084,0,0.0000000000,4.000000,0.000000,4.000000,4,0.000000,0,4,0,28615,0,0,0,1.000000,7153.750000,0,4,0,28615,284.000,852,beta_scale_calibration,BG1_first4_high_rate,E,5,8,9,6,2.0,1,0.500000,0-2-1-3,200,4,True,71
E_g2.0_b2,fixed,4.9,4,0,0.00000000,0.00000000,0.48989084,0,0.0000000000,6.000000,0.408248,6.000000,7,0.000000,0,4,0,28615,0,8,0,1.000000,7155.750000,0,4,0,28623,426.000,852,beta_scale_calibration,BG1_first4_high_rate,E,5,8,9,6,2.0,2,1.000000,0-2-1-3,200,4,True,71
E_g2.0_b3,fixed,4.9,4,4,1.00000000,0.51010916,1.00000000,261,0.0077237216,12.000000,0.000000,0.000000,12,1.000000,0,0,4,28615,0,0,0,1.000000,7153.750000,4,0,28615,0,852.000,852,beta_scale_calibration,BG1_first4_high_rate,E,5,8,9,6,2.0,3,1.500000,0-2-1-3,200,4,True,71
E_g2.0_b4,fixed,4.9,4,4,1.00000000,0.51010916,1.00000000,283,0.0083747633,12.000000,0.000000,0.000000,12,1.000000,0,0,4,28615,0,0,0,1.000000,7153.750000,4,0,28615,0,852.000,852,beta_scale_calibration,BG1_first4_high_rate,E,5,8,9,6,2.0,4,2.000000,0-2-1-3,200,4,True,71
E_g2.0_b5,fixed,4.9,4,4,1.00000000,0.51010916,1.00000000,256,0.0075757576,12.000000,0.000000,0.000000,12,1.000000,0,0,4,28615,0,0,0,1.000000,7153.750000,4,0,28615,0,852.000,852,beta_scale_calibration,BG1_first4_high_rate,E,5,8,9,6,2.0,5,2.500000,0-2-1-3,200,4,True,71
E_g2.0_b6,fixed,4.9,4,4,1.00000000,0.51010916,1.00000000,234,0.0069247159,12.000000,0.000000,0.000000,12,1.000000,0,0,4,28615,0,0,0,1.000000,7153.750000,4,0,28615,0,852.000,852,beta_scale_calibration,BG1_first4_high_rate,E,5,8,9,6,2.0,6,3.000000,0-2-1-3,200,4,True,71
E_g2.0_b7,fixed,4.9,4,4,1.00000000,0.51010916,1.00000000,227,0.0067175663,12.000000,0.000000,0.000000,12,1.000000,0,0,4,28615,0,0,0,1.000000,7153.750000,4,0,28615,0,852.000,852,beta_scale_calibration,BG1_first4_high_rate,E,5,8,9,6,2.0,7,3.500000,0-2-1-3,200,4,True,71
E_g3.0_b0,fixed,4.9,4,0,0.00000000,0.00000000,0.48989084,0,0.0000000000,5.250000,0.250000,5.250000,6,0.000000,0,4,0,33322,0,5397,1,1.000000,9680.000000,0,4,0,38720,372.750,852,beta_scale_calibration,BG1_first4_high_rate,E,5,8,9,6,3.0,0,0.000000,0-2-1-3,200,4,True,71
E_g3.0_b1,fixed,4.9,4,0,0.00000000,0.00000000,0.48989084,0,0.0000000000,4.500000,0.288675,4.500000,5,0.000000,0,4,0,33322,0,4144,11,1.000000,9369.250000,0,4,0,37477,319.500,852,beta_scale_calibration,BG1_first4_high_rate,E,5,8,9,6,3.0,1,0.333333,0-2-1-3,200,4,True,71
E_g3.0_b2,fixed,4.9,4,0,0.00000000,0.00000000,0.48989084,0,0.0000000000,4.750000,0.250000,4.750000,5,0.000000,0,4,0,33322,0,92,0,1.000000,8353.500000,0,4,0,33414,337.250,852,beta_scale_calibration,BG1_first4_high_rate,E,5,8,9,6,3.0,2,0.666667,0-2-1-3,200,4,True,71
E_g3.0_b3,fixed,4.9,4,0,0.00000000,0.00000000,0.48989084,0,0.0000000000,6.750000,0.478714,6.750000,8,0.000000,0,4,0,33322,0,1390,0,1.000000,8678.000000,0,4,0,34712,479.250,852,beta_scale_calibration,BG1_first4_high_rate,E,5,8,9,6,3.0,3,1.000000,0-2-1-3,200,4,True,71
E_g3.0_b4,fixed,4.9,4,4,1.00000000,0.51010916,1.00000000,198,0.0058593750,12.000000,0.000000,0.000000,12,1.000000,0,0,4,33322,0,0,0,1.000000,8330.500000,4,0,33322,0,852.000,852,beta_scale_calibration,BG1_first4_high_rate,E,5,8,9,6,3.0,4,1.333333,0-2-1-3,200,4,True,71
E_g3.0_b5,fixed,4.9,4,4,1.00000000,0.51010916,1.00000000,327,0.0096768466,12.000000,0.000000,0.000000,12,1.000000,0,0,4,33322,0,0,0,1.000000,8330.500000,4,0,33322,0,852.000,852,beta_scale_calibration,BG1_first4_high_rate,E,5,8,9,6,3.0,5,1.666667,0-2-1-3,200,4,True,71
E_g3.0_b6,fixed,4.9,4,4,1.00000000,0.51010916,1.00000000,295,0.0087298769,12.000000,0.000000,0.000000,12,1.000000,0,0,4,33322,0,0,0,1.000000,8330.500000,4,0,33322,0,852.000,852,beta_scale_calibration,BG1_first4_high_rate,E,5,8,9,6,3.0,6,2.000000,0-2-1-3,200,4,True,71
E_g3.0_b7,fixed,4.9,4,4,1.00000000,0.51010916,1.00000000,274,0.0081084280,12.000000,0.000000,0.000000,12,1.000000,0,0,4,33322,0,0,0,1.000000,8330.500000,4,0,33322,0,852.000,852,beta_scale_calibration,BG1_first4_high_rate,E,5,8,9,6,3.0,7,2.333333,0-2-1-3,200,4,True,71
E_g4.0_b0,fixed,4.9,4,0,0.00000000,0.00000000,0.48989084,0,0.0000000000,6.000000,0.408248,6.000000,7,0.000000,0,4,0,34722,0,5771,1,1.000000,10123.500000,0,4,0,40494,426.000,852,beta_scale_calibration,BG1_first4_high_rate,E,5,8,9,6,4.0,0,0.000000,0-2-1-3,200,4,True,71
E_g4.0_b1,fixed,4.9,4,0,0.00000000,0.00000000,0.48989084,0,0.0000000000,5.250000,0.250000,5.250000,6,0.000000,0,4,0,34722,0,1061,0,1.000000,8945.750000,0,4,0,35783,372.750,852,beta_scale_calibration,BG1_first4_high_rate,E,5,8,9,6,4.0,1,0.250000,0-2-1-3,200,4,True,71
E_g4.0_b2,fixed,4.9,4,0,0.00000000,0.00000000,0.48989084,0,0.0000000000,5.250000,0.250000,5.250000,6,0.000000,0,4,0,34722,0,1397,0,1.000000,9029.750000,0,4,0,36119,372.750,852,beta_scale_calibration,BG1_first4_high_rate,E,5,8,9,6,4.0,2,0.500000,0-2-1-3,200,4,True,71
E_g4.0_b3,fixed,4.9,4,0,0.00000000,0.00000000,0.48989084,0,0.0000000000,6.250000,0.250000,6.250000,7,0.000000,0,4,0,34722,0,803,0,1.000000,8881.250000,0,4,0,35525,443.750,852,beta_scale_calibration,BG1_first4_high_rate,E,5,8,9,6,4.0,3,0.750000,0-2-1-3,200,4,True,71
E_g4.0_b4,fixed,4.9,4,0,0.00000000,0.00000000,0.48989084,0,0.0000000000,11.000000,0.577350,11.000000,12,0.500000,0,4,0,34722,0,19,0,1.000000,8685.250000,0,4,0,34741,781.000,852,beta_scale_calibration,BG1_first4_high_rate,E,5,8,9,6,4.0,4,1.000000,0-2-1-3,200,4,True,71
E_g4.0_b5,fixed,4.9,4,4,1.00000000,0.51010916,1.00000000,355,0.0105054451,12.000000,0.000000,0.000000,12,1.000000,0,0,4,34722,0,0,0,1.000000,8680.500000,4,0,34722,0,852.000,852,beta_scale_calibration,BG1_first4_high_rate,E,5,8,9,6,4.0,5,1.250000,0-2-1-3,200,4,True,71
E_g4.0_b6,fixed,4.9,4,4,1.00000000,0.51010916,1.00000000,339,0.0100319602,12.000000,0.000000,0.000000,12,1.000000,0,0,4,34722,0,0,0,1.000000,8680.500000,4,0,34722,0,852.000,852,beta_scale_calibration,BG1_first4_high_rate,E,5,8,9,6,4.0,6,1.500000,0-2-1-3,200,4,True,71
E_g4.0_b7,fixed,4.9,4,4,1.00000000,0.51010916,1.00000000,323,0.0095584754,12.000000,0.000000,0.000000,12,1.000000,0,0,4,34722,0,0,0,1.000000,8680.500000,4,0,34722,0,852.000,852,beta_scale_calibration,BG1_first4_high_rate,E,5,8,9,6,4.0,7,1.750000,0-2-1-3,200,4,True,71
E_g6.0_b0,fixed,4.9,4,0,0.00000000,0.00000000,0.48989084,0,0.0000000000,9.750000,0.946485,9.750000,11,0.000000,0,4,0,35691,0,32612,4733,1.000000,18259.000000,0,4,0,73036,692.250,852,beta_scale_calibration,BG1_first4_high_rate,E,5,8,9,6,6.0,0,0.000000,0-2-1-3,200,4,True,71
E_g6.0_b1,fixed,4.9,4,0,0.00000000,0.00000000,0.48989084,0,0.0000000000,7.250000,0.478714,7.250000,8,0.000000,0,4,0,35691,0,2419,0,1.000000,9527.500000,0,4,0,38110,514.750,852,beta_scale_calibration,BG1_first4_high_rate,E,5,8,9,6,6.0,1,0.166667,0-2-1-3,200,4,True,71
E_g6.0_b2,fixed,4.9,4,0,0.00000000,0.00000000,0.48989084,0,0.0000000000,7.000000,0.408248,7.000000,8,0.000000,0,4,0,35691,0,1727,0,1.000000,9354.500000,0,4,0,37418,497.000,852,beta_scale_calibration,BG1_first4_high_rate,E,5,8,9,6,6.0,2,0.333333,0-2-1-3,200,4,True,71
E_g6.0_b3,fixed,4.9,4,0,0.00000000,0.00000000,0.48989084,0,0.0000000000,8.000000,0.707107,8.000000,9,0.000000,0,4,0,35691,0,2672,0,1.000000,9590.750000,0,4,0,38363,568.000,852,beta_scale_calibration,BG1_first4_high_rate,E,5,8,9,6,6.0,3,0.500000,0-2-1-3,200,4,True,71
E_g6.0_b4,fixed,4.9,4,2,0.50000000,0.15003899,0.84996101,77,0.0022786458,11.500000,0.500000,11.000000,12,0.750000,0,2,2,35691,0,41,0,1.000000,8933.000000,2,2,17836,17896,816.500,852,beta_scale_calibration,BG1_first4_high_rate,E,5,8,9,6,6.0,4,0.666667,0-2-1-3,200,4,True,71
E_g6.0_b5,fixed,4.9,4,4,1.00000000,0.51010916,1.00000000,356,0.0105350379,12.000000,0.000000,0.000000,12,1.000000,0,0,4,35691,0,0,0,1.000000,8922.750000,4,0,35691,0,852.000,852,beta_scale_calibration,BG1_first4_high_rate,E,5,8,9,6,6.0,5,0.833333,0-2-1-3,200,4,True,71
E_g6.0_b6,fixed,4.9,4,4,1.00000000,0.51010916,1.00000000,407,0.0120442708,12.000000,0.000000,0.000000,12,1.000000,0,0,4,35691,0,0,0,1.000000,8922.750000,4,0,35691,0,852.000,852,beta_scale_calibration,BG1_first4_high_rate,E,5,8,9,6,6.0,6,1.000000,0-2-1-3,200,4,True,71
E_g6.0_b7,fixed,4.9,4,4,1.00000000,0.51010916,1.00000000,375,0.0110973011,12.000000,0.000000,0.000000,12,1.000000,0,0,4,35691,0,0,0,1.000000,8922.750000,4,0,35691,0,852.000,852,beta_scale_calibration,BG1_first4_high_rate,E,5,8,9,6,6.0,7,1.166667,0-2-1-3,200,4,True,71
E_g8.0_b0,fixed,4.9,4,2,0.50000000,0.15003899,0.84996101,51,0.0015092330,11.000000,0.707107,10.000000,12,0.500000,0,2,2,36056,0,13886,114,1.000000,12514.000000,2,2,18027,32029,781.000,852,beta_scale_calibration,BG1_first4_high_rate,E,5,8,9,6,8.0,0,0.000000,0-2-1-3,200,4,True,71
E_g8.0_b1,fixed,4.9,4,0,0.00000000,0.00000000,0.48989084,0,0.0000000000,9.750000,1.108678,9.750000,12,0.250000,0,4,0,36056,0,11473,333,1.000000,11965.500000,0,4,0,47862,692.250,852,beta_scale_calibration,BG1_first4_high_rate,E,5,8,9,6,8.0,1,0.125000,0-2-1-3,200,4,True,71
E_g8.0_b2,fixed,4.9,4,0,0.00000000,0.00000000,0.48989084,0,0.0000000000,9.000000,0.816497,9.000000,11,0.000000,0,4,0,36056,0,3314,1,1.000000,9842.750000,0,4,0,39371,639.000,852,beta_scale_calibration,BG1_first4_high_rate,E,5,8,9,6,8.0,2,0.250000,0-2-1-3,200,4,True,71
E_g8.0_b3,fixed,4.9,4,1,0.25000000,0.04558726,0.69935816,20,0.0005918561,10.000000,0.912871,9.333333,12,0.250000,0,3,1,36056,0,843,0,1.000000,9224.750000,1,3,9012,27887,710.000,852,beta_scale_calibration,BG1_first4_high_rate,E,5,8,9,6,8.0,3,0.375000,0-2-1-3,200,4,True,71
E_g8.0_b4,fixed,4.9,4,4,1.00000000,0.51010916,1.00000000,163,0.0048236269,12.000000,0.000000,0.000000,12,1.000000,0,0,4,36056,0,0,0,1.000000,9014.000000,4,0,36056,0,852.000,852,beta_scale_calibration,BG1_first4_high_rate,E,5,8,9,6,8.0,4,0.500000,0-2-1-3,200,4,True,71
E_g8.0_b5,fixed,4.9,4,4,1.00000000,0.51010916,1.00000000,378,0.0111860795,12.000000,0.000000,0.000000,12,1.000000,0,0,4,36056,0,0,0,1.000000,9014.000000,4,0,36056,0,852.000,852,beta_scale_calibration,BG1_first4_high_rate,E,5,8,9,6,8.0,5,0.625000,0-2-1-3,200,4,True,71
E_g8.0_b6,fixed,4.9,4,4,1.00000000,0.51010916,1.00000000,441,0.0130504261,12.000000,0.000000,0.000000,12,1.000000,0,0,4,36056,0,0,0,1.000000,9014.000000,4,0,36056,0,852.000,852,beta_scale_calibration,BG1_first4_high_rate,E,5,8,9,6,8.0,6,0.750000,0-2-1-3,200,4,True,71
E_g8.0_b7,fixed,4.9,4,4,1.00000000,0.51010916,1.00000000,415,0.0122810133,12.000000,0.000000,0.000000,12,1.000000,0,0,4,36056,0,0,0,1.000000,9014.000000,4,0,36056,0,852.000,852,beta_scale_calibration,BG1_first4_high_rate,E,5,8,9,6,8.0,7,0.875000,0-2-1-3,200,4,True,71
F_g0.5_b0,fixed,4.9,4,0,0.00000000,0.00000000,0.48989084,0,0.0000000000,4.750000,0.250000,4.750000,5,0.000000,0,4,0,0,0,0,0,0.000000,0.000000,0,0,0,0,337.250,852,beta_scale_calibration,BG1_first4_high_rate,F,6,8,8,6,0.5,0,0.000000,0-2-1-3,200,4,True,71
F_g0.5_b1,fixed,4.9,4,4,1.00000000,0.51010916,1.00000000,158,0.0046756629,12.000000,0.000000,0.000000,12,1.000000,0,0,4,0,0,0,0,0.000000,0.000000,0,0,0,0,852.000,852,beta_scale_calibration,BG1_first4_high_rate,F,6,8,8,6,0.5,1,2.000000,0-2-1-3,200,4,True,71
F_g0.5_b2,fixed,4.9,4,4,1.00000000,0.51010916,1.00000000,134,0.0039654356,12.000000,0.000000,0.000000,12,1.000000,0,0,4,0,0,0,0,0.000000,0.000000,0,0,0,0,852.000,852,beta_scale_calibration,BG1_first4_high_rate,F,6,8,8,6,0.5,2,4.000000,0-2-1-3,200,4,True,71
F_g0.5_b3,fixed,4.9,4,4,1.00000000,0.51010916,1.00000000,134,0.0039654356,12.000000,0.000000,0.000000,12,1.000000,0,0,4,0,0,0,0,0.000000,0.000000,0,0,0,0,852.000,852,beta_scale_calibration,BG1_first4_high_rate,F,6,8,8,6,0.5,3,6.000000,0-2-1-3,200,4,True,71
F_g0.5_b4,fixed,4.9,4,4,1.00000000,0.51010916,1.00000000,134,0.0039654356,12.000000,0.000000,0.000000,12,1.000000,0,0,4,0,0,0,0,0.000000,0.000000,0,0,0,0,852.000,852,beta_scale_calibration,BG1_first4_high_rate,F,6,8,8,6,0.5,4,8.000000,0-2-1-3,200,4,True,71
F_g0.5_b5,fixed,4.9,4,4,1.00000000,0.51010916,1.00000000,134,0.0039654356,12.000000,0.000000,0.000000,12,1.000000,0,0,4,0,0,0,0,0.000000,0.000000,0,0,0,0,852.000,852,beta_scale_calibration,BG1_first4_high_rate,F,6,8,8,6,0.5,5,10.000000,0-2-1-3,200,4,True,71
F_g0.5_b6,fixed,4.9,4,4,1.00000000,0.51010916,1.00000000,134,0.0039654356,12.000000,0.000000,0.000000,12,1.000000,0,0,4,0,0,0,0,0.000000,0.000000,0,0,0,0,852.000,852,beta_scale_calibration,BG1_first4_high_rate,F,6,8,8,6,0.5,6,12.000000,0-2-1-3,200,4,True,71
F_g0.5_b7,fixed,4.9,4,4,1.00000000,0.51010916,1.00000000,134,0.0039654356,12.000000,0.000000,0.000000,12,1.000000,0,0,4,0,0,0,0,0.000000,0.000000,0,0,0,0,852.000,852,beta_scale_calibration,BG1_first4_high_rate,F,6,8,8,6,0.5,7,14.000000,0-2-1-3,200,4,True,71
F_g0.75_b0,fixed,4.9,4,0,0.00000000,0.00000000,0.48989084,0,0.0000000000,4.500000,0.288675,4.500000,5,0.000000,0,4,0,0,0,0,0,0.000000,0.000000,0,0,0,0,319.500,852,beta_scale_calibration,BG1_first4_high_rate,F,6,8,8,6,0.75,0,0.000000,0-2-1-3,200,4,True,71
F_g0.75_b1,fixed,4.9,4,3,0.75000000,0.30064184,0.95441274,76,0.0022490530,11.500000,0.500000,10.000000,12,0.750000,0,1,3,0,0,0,0,0.000000,0.000000,0,0,0,0,816.500,852,beta_scale_calibration,BG1_first4_high_rate,F,6,8,8,6,0.75,1,1.333333,0-2-1-3,200,4,True,71
F_g0.75_b2,fixed,4.9,4,4,1.00000000,0.51010916,1.00000000,180,0.0053267045,12.000000,0.000000,0.000000,12,1.000000,0,0,4,0,0,0,0,0.000000,0.000000,0,0,0,0,852.000,852,beta_scale_calibration,BG1_first4_high_rate,F,6,8,8,6,0.75,2,2.666667,0-2-1-3,200,4,True,71
F_g0.75_b3,fixed,4.9,4,4,1.00000000,0.51010916,1.00000000,167,0.0049419981,12.000000,0.000000,0.000000,12,1.000000,0,0,4,0,0,0,0,0.000000,0.000000,0,0,0,0,852.000,852,beta_scale_calibration,BG1_first4_high_rate,F,6,8,8,6,0.75,3,4.000000,0-2-1-3,200,4,True,71
F_g0.75_b4,fixed,4.9,4,4,1.00000000,0.51010916,1.00000000,166,0.0049124053,12.000000,0.000000,0.000000,12,1.000000,0,0,4,0,0,0,0,0.000000,0.000000,0,0,0,0,852.000,852,beta_scale_calibration,BG1_first4_high_rate,F,6,8,8,6,0.75,4,5.333333,0-2-1-3,200,4,True,71
F_g0.75_b5,fixed,4.9,4,4,1.00000000,0.51010916,1.00000000,166,0.0049124053,12.000000,0.000000,0.000000,12,1.000000,0,0,4,0,0,0,0,0.000000,0.000000,0,0,0,0,852.000,852,beta_scale_calibration,BG1_first4_high_rate,F,6,8,8,6,0.75,5,6.666667,0-2-1-3,200,4,True,71
F_g0.75_b6,fixed,4.9,4,4,1.00000000,0.51010916,1.00000000,166,0.0049124053,12.000000,0.000000,0.000000,12,1.000000,0,0,4,0,0,0,0,0.000000,0.000000,0,0,0,0,852.000,852,beta_scale_calibration,BG1_first4_high_rate,F,6,8,8,6,0.75,6,8.000000,0-2-1-3,200,4,True,71
F_g0.75_b7,fixed,4.9,4,4,1.00000000,0.51010916,1.00000000,166,0.0049124053,12.000000,0.000000,0.000000,12,1.000000,0,0,4,0,0,0,0,0.000000,0.000000,0,0,0,0,852.000,852,beta_scale_calibration,BG1_first4_high_rate,F,6,8,8,6,0.75,7,9.333333,0-2-1-3,200,4,True,71
F_g1.0_b0,fixed,4.9,4,0,0.00000000,0.00000000,0.48989084,0,0.0000000000,4.250000,0.250000,4.250000,5,0.000000,0,4,0,2,0,0,0,0.250000,0.500000,0,1,0,2,301.750,852,beta_scale_calibration,BG1_first4_high_rate,F,6,8,8,6,1.0,0,0.000000,0-2-1-3,200,4,True,71
F_g1.0_b1,fixed,4.9,4,0,0.00000000,0.00000000,0.48989084,0,0.0000000000,6.000000,0.408248,6.000000,7,0.000000,0,4,0,2,0,0,0,0.250000,0.500000,0,1,0,2,426.000,852,beta_scale_calibration,BG1_first4_high_rate,F,6,8,8,6,1.0,1,1.000000,0-2-1-3,200,4,True,71
F_g1.0_b2,fixed,4.9,4,4,1.00000000,0.51010916,1.00000000,234,0.0069247159,12.000000,0.000000,0.000000,12,1.000000,0,0,4,2,0,0,0,0.250000,0.500000,1,0,2,0,852.000,852,beta_scale_calibration,BG1_first4_high_rate,F,6,8,8,6,1.0,2,2.000000,0-2-1-3,200,4,True,71
F_g1.0_b3,fixed,4.9,4,4,1.00000000,0.51010916,1.00000000,200,0.0059185606,12.000000,0.000000,0.000000,12,1.000000,0,0,4,2,0,0,0,0.250000,0.500000,1,0,2,0,852.000,852,beta_scale_calibration,BG1_first4_high_rate,F,6,8,8,6,1.0,3,3.000000,0-2-1-3,200,4,True,71
F_g1.0_b4,fixed,4.9,4,4,1.00000000,0.51010916,1.00000000,190,0.0056226326,12.000000,0.000000,0.000000,12,1.000000,0,0,4,2,0,0,0,0.250000,0.500000,1,0,2,0,852.000,852,beta_scale_calibration,BG1_first4_high_rate,F,6,8,8,6,1.0,4,4.000000,0-2-1-3,200,4,True,71
F_g1.0_b5,fixed,4.9,4,4,1.00000000,0.51010916,1.00000000,189,0.0055930398,12.000000,0.000000,0.000000,12,1.000000,0,0,4,2,0,0,0,0.250000,0.500000,1,0,2,0,852.000,852,beta_scale_calibration,BG1_first4_high_rate,F,6,8,8,6,1.0,5,5.000000,0-2-1-3,200,4,True,71
F_g1.0_b6,fixed,4.9,4,4,1.00000000,0.51010916,1.00000000,189,0.0055930398,12.000000,0.000000,0.000000,12,1.000000,0,0,4,2,0,0,0,0.250000,0.500000,1,0,2,0,852.000,852,beta_scale_calibration,BG1_first4_high_rate,F,6,8,8,6,1.0,6,6.000000,0-2-1-3,200,4,True,71
F_g1.0_b7,fixed,4.9,4,4,1.00000000,0.51010916,1.00000000,189,0.0055930398,12.000000,0.000000,0.000000,12,1.000000,0,0,4,2,0,0,0,0.250000,0.500000,1,0,2,0,852.000,852,beta_scale_calibration,BG1_first4_high_rate,F,6,8,8,6,1.0,7,7.000000,0-2-1-3,200,4,True,71
F_g1.21_b0,fixed,4.9,4,0,0.00000000,0.00000000,0.48989084,0,0.0000000000,4.250000,0.250000,4.250000,5,0.000000,0,4,0,33,0,5,0,1.000000,9.500000,0,4,0,38,301.750,852,beta_scale_calibration,BG1_first4_high_rate,F,6,8,8,6,1.21,0,0.000000,0-2-1-3,200,4,True,71
F_g1.21_b1,fixed,4.9,4,0,0.00000000,0.00000000,0.48989084,0,0.0000000000,5.250000,0.250000,5.250000,6,0.000000,0,4,0,33,0,3,0,1.000000,9.000000,0,4,0,36,372.750,852,beta_scale_calibration,BG1_first4_high_rate,F,6,8,8,6,1.21,1,0.826446,0-2-1-3,200,4,True,71
F_g1.21_b2,fixed,4.9,4,4,1.00000000,0.51010916,1.00000000,263,0.0077829072,12.000000,0.000000,0.000000,12,1.000000,0,0,4,33,0,0,0,1.000000,8.250000,4,0,33,0,852.000,852,beta_scale_calibration,BG1_first4_high_rate,F,6,8,8,6,1.21,2,1.652893,0-2-1-3,200,4,True,71
F_g1.21_b3,fixed,4.9,4,4,1.00000000,0.51010916,1.00000000,226,0.0066879735,12.000000,0.000000,0.000000,12,1.000000,0,0,4,33,0,0,0,1.000000,8.250000,4,0,33,0,852.000,852,beta_scale_calibration,BG1_first4_high_rate,F,6,8,8,6,1.21,3,2.479339,0-2-1-3,200,4,True,71
F_g1.21_b4,fixed,4.9,4,4,1.00000000,0.51010916,1.00000000,204,0.0060369318,12.000000,0.000000,0.000000,12,1.000000,0,0,4,33,0,0,0,1.000000,8.250000,4,0,33,0,852.000,852,beta_scale_calibration,BG1_first4_high_rate,F,6,8,8,6,1.21,4,3.305785,0-2-1-3,200,4,True,71
F_g1.21_b5,fixed,4.9,4,4,1.00000000,0.51010916,1.00000000,199,0.0058889678,12.000000,0.000000,0.000000,12,1.000000,0,0,4,33,0,0,0,1.000000,8.250000,4,0,33,0,852.000,852,beta_scale_calibration,BG1_first4_high_rate,F,6,8,8,6,1.21,5,4.132231,0-2-1-3,200,4,True,71
F_g1.21_b6,fixed,4.9,4,4,1.00000000,0.51010916,1.00000000,198,0.0058593750,12.000000,0.000000,0.000000,12,1.000000,0,0,4,33,0,0,0,1.000000,8.250000,4,0,33,0,852.000,852,beta_scale_calibration,BG1_first4_high_rate,F,6,8,8,6,1.21,6,4.958678,0-2-1-3,200,4,True,71
F_g1.21_b7,fixed,4.9,4,4,1.00000000,0.51010916,1.00000000,198,0.0058593750,12.000000,0.000000,0.000000,12,1.000000,0,0,4,33,0,0,0,1.000000,8.250000,4,0,33,0,852.000,852,beta_scale_calibration,BG1_first4_high_rate,F,6,8,8,6,1.21,7,5.785124,0-2-1-3,200,4,True,71
F_g1.417_b0,fixed,4.9,4,0,0.00000000,0.00000000,0.48989084,0,0.0000000000,4.250000,0.250000,4.250000,5,0.000000,0,4,0,419,0,295,0,1.000000,178.500000,0,4,0,714,301.750,852,beta_scale_calibration,BG1_first4_high_rate,F,6,8,8,6,1.417,0,0.000000,0-2-1-3,200,4,True,71
F_g1.417_b1,fixed,4.9,4,0,0.00000000,0.00000000,0.48989084,0,0.0000000000,4.250000,0.250000,4.250000,5,0.000000,0,4,0,419,0,0,0,1.000000,104.750000,0,4,0,419,301.750,852,beta_scale_calibration,BG1_first4_high_rate,F,6,8,8,6,1.417,1,0.705716,0-2-1-3,200,4,True,71
F_g1.417_b2,fixed,4.9,4,3,0.75000000,0.30064184,0.95441274,164,0.0048532197,12.000000,0.000000,12.000000,12,1.000000,0,1,3,419,0,0,0,1.000000,104.750000,3,1,316,103,852.000,852,beta_scale_calibration,BG1_first4_high_rate,F,6,8,8,6,1.417,2,1.411433,0-2-1-3,200,4,True,71
F_g1.417_b3,fixed,4.9,4,4,1.00000000,0.51010916,1.00000000,257,0.0076053504,12.000000,0.000000,0.000000,12,1.000000,0,0,4,419,0,0,0,1.000000,104.750000,4,0,419,0,852.000,852,beta_scale_calibration,BG1_first4_high_rate,F,6,8,8,6,1.417,3,2.117149,0-2-1-3,200,4,True,71
F_g1.417_b4,fixed,4.9,4,4,1.00000000,0.51010916,1.00000000,225,0.0066583807,12.000000,0.000000,0.000000,12,1.000000,0,0,4,419,0,0,0,1.000000,104.750000,4,0,419,0,852.000,852,beta_scale_calibration,BG1_first4_high_rate,F,6,8,8,6,1.417,4,2.822865,0-2-1-3,200,4,True,71
F_g1.417_b5,fixed,4.9,4,4,1.00000000,0.51010916,1.00000000,214,0.0063328598,12.000000,0.000000,0.000000,12,1.000000,0,0,4,419,0,0,0,1.000000,104.750000,4,0,419,0,852.000,852,beta_scale_calibration,BG1_first4_high_rate,F,6,8,8,6,1.417,5,3.528582,0-2-1-3,200,4,True,71
F_g1.417_b6,fixed,4.9,4,4,1.00000000,0.51010916,1.00000000,211,0.0062440814,12.000000,0.000000,0.000000,12,1.000000,0,0,4,419,0,0,0,1.000000,104.750000,4,0,419,0,852.000,852,beta_scale_calibration,BG1_first4_high_rate,F,6,8,8,6,1.417,6,4.234298,0-2-1-3,200,4,True,71
F_g1.417_b7,fixed,4.9,4,4,1.00000000,0.51010916,1.00000000,210,0.0062144886,12.000000,0.000000,0.000000,12,1.000000,0,0,4,419,0,0,0,1.000000,104.750000,4,0,419,0,852.000,852,beta_scale_calibration,BG1_first4_high_rate,F,6,8,8,6,1.417,7,4.940014,0-2-1-3,200,4,True,71
F_g1.5_b0,fixed,4.9,4,0,0.00000000,0.00000000,0.48989084,0,0.0000000000,4.250000,0.250000,4.250000,5,0.000000,0,4,0,788,0,465,0,1.000000,313.250000,0,4,0,1253,301.750,852,beta_scale_calibration,BG1_first4_high_rate,F,6,8,8,6,1.5,0,0.000000,0-2-1-3,200,4,True,71
F_g1.5_b1,fixed,4.9,4,0,0.00000000,0.00000000,0.48989084,0,0.0000000000,4.000000,0.000000,4.000000,4,0.000000,0,4,0,788,0,0,0,1.000000,197.000000,0,4,0,788,284.000,852,beta_scale_calibration,BG1_first4_high_rate,F,6,8,8,6,1.5,1,0.666667,0-2-1-3,200,4,True,71
F_g1.5_b2,fixed,4.9,4,3,0.75000000,0.30064184,0.95441274,30,0.0008877841,11.250000,0.750000,9.000000,12,0.750000,0,1,3,788,0,2,0,1.000000,197.500000,3,1,596,194,798.750,852,beta_scale_calibration,BG1_first4_high_rate,F,6,8,8,6,1.5,2,1.333333,0-2-1-3,200,4,True,71
F_g1.5_b3,fixed,4.9,4,4,1.00000000,0.51010916,1.00000000,269,0.0079604640,12.000000,0.000000,0.000000,12,1.000000,0,0,4,788,0,0,0,1.000000,197.000000,4,0,788,0,852.000,852,beta_scale_calibration,BG1_first4_high_rate,F,6,8,8,6,1.5,3,2.000000,0-2-1-3,200,4,True,71
F_g1.5_b4,fixed,4.9,4,4,1.00000000,0.51010916,1.00000000,236,0.0069839015,12.000000,0.000000,0.000000,12,1.000000,0,0,4,788,0,0,0,1.000000,197.000000,4,0,788,0,852.000,852,beta_scale_calibration,BG1_first4_high_rate,F,6,8,8,6,1.5,4,2.666667,0-2-1-3,200,4,True,71
F_g1.5_b5,fixed,4.9,4,4,1.00000000,0.51010916,1.00000000,219,0.0064808239,12.000000,0.000000,0.000000,12,1.000000,0,0,4,788,0,0,0,1.000000,197.000000,4,0,788,0,852.000,852,beta_scale_calibration,BG1_first4_high_rate,F,6,8,8,6,1.5,5,3.333333,0-2-1-3,200,4,True,71
F_g1.5_b6,fixed,4.9,4,4,1.00000000,0.51010916,1.00000000,215,0.0063624527,12.000000,0.000000,0.000000,12,1.000000,0,0,4,788,0,0,0,1.000000,197.000000,4,0,788,0,852.000,852,beta_scale_calibration,BG1_first4_high_rate,F,6,8,8,6,1.5,6,4.000000,0-2-1-3,200,4,True,71
F_g1.5_b7,fixed,4.9,4,4,1.00000000,0.51010916,1.00000000,213,0.0063032670,12.000000,0.000000,0.000000,12,1.000000,0,0,4,788,0,0,0,1.000000,197.000000,4,0,788,0,852.000,852,beta_scale_calibration,BG1_first4_high_rate,F,6,8,8,6,1.5,7,4.666667,0-2-1-3,200,4,True,71
F_g1.659_b0,fixed,4.9,4,0,0.00000000,0.00000000,0.48989084,0,0.0000000000,4.250000,0.250000,4.250000,5,0.000000,0,4,0,2007,0,2035,0,1.000000,1010.500000,0,4,0,4042,301.750,852,beta_scale_calibration,BG1_first4_high_rate,F,6,8,8,6,1.659,0,0.000000,0-2-1-3,200,4,True,71
F_g1.659_b1,fixed,4.9,4,0,0.00000000,0.00000000,0.48989084,0,0.0000000000,4.500000,0.288675,4.500000,5,0.000000,0,4,0,2007,0,2025,0,1.000000,1008.000000,0,4,0,4032,319.500,852,beta_scale_calibration,BG1_first4_high_rate,F,6,8,8,6,1.659,1,0.602773,0-2-1-3,200,4,True,71
F_g1.659_b2,fixed,4.9,4,0,0.00000000,0.00000000,0.48989084,0,0.0000000000,8.500000,0.645497,8.500000,10,0.000000,0,4,0,2007,0,1723,0,1.000000,932.500000,0,4,0,3730,603.500,852,beta_scale_calibration,BG1_first4_high_rate,F,6,8,8,6,1.659,2,1.205546,0-2-1-3,200,4,True,71
F_g1.659_b3,fixed,4.9,4,4,1.00000000,0.51010916,1.00000000,288,0.0085227273,12.000000,0.000000,0.000000,12,1.000000,0,0,4,2007,0,0,0,1.000000,501.750000,4,0,2007,0,852.000,852,beta_scale_calibration,BG1_first4_high_rate,F,6,8,8,6,1.659,3,1.808318,0-2-1-3,200,4,True,71
F_g1.659_b4,fixed,4.9,4,4,1.00000000,0.51010916,1.00000000,252,0.0074573864,12.000000,0.000000,0.000000,12,1.000000,0,0,4,2007,0,0,0,1.000000,501.750000,4,0,2007,0,852.000,852,beta_scale_calibration,BG1_first4_high_rate,F,6,8,8,6,1.659,4,2.411091,0-2-1-3,200,4,True,71
F_g1.659_b5,fixed,4.9,4,4,1.00000000,0.51010916,1.00000000,228,0.0067471591,12.000000,0.000000,0.000000,12,1.000000,0,0,4,2007,0,0,0,1.000000,501.750000,4,0,2007,0,852.000,852,beta_scale_calibration,BG1_first4_high_rate,F,6,8,8,6,1.659,5,3.013864,0-2-1-3,200,4,True,71
F_g1.659_b6,fixed,4.9,4,4,1.00000000,0.51010916,1.00000000,219,0.0064808239,12.000000,0.000000,0.000000,12,1.000000,0,0,4,2007,0,0,0,1.000000,501.750000,4,0,2007,0,852.000,852,beta_scale_calibration,BG1_first4_high_rate,F,6,8,8,6,1.659,6,3.616637,0-2-1-3,200,4,True,71
F_g1.659_b7,fixed,4.9,4,4,1.00000000,0.51010916,1.00000000,217,0.0064216383,12.000000,0.000000,0.000000,12,1.000000,0,0,4,2007,0,0,0,1.000000,501.750000,4,0,2007,0,852.000,852,beta_scale_calibration,BG1_first4_high_rate,F,6,8,8,6,1.659,7,4.219409,0-2-1-3,200,4,True,71
F_g1.83_b0,fixed,4.9,4,0,0.00000000,0.00000000,0.48989084,0,0.0000000000,4.250000,0.250000,4.250000,5,0.000000,0,4,0,4011,0,6838,8,1.000000,2714.250000,0,4,0,10857,301.750,852,beta_scale_calibration,BG1_first4_high_rate,F,6,8,8,6,1.83,0,0.000000,0-2-1-3,200,4,True,71
F_g1.83_b1,fixed,4.9,4,0,0.00000000,0.00000000,0.48989084,0,0.0000000000,4.250000,0.250000,4.250000,5,0.000000,0,4,0,4011,0,5592,76,1.000000,2419.750000,0,4,0,9679,301.750,852,beta_scale_calibration,BG1_first4_high_rate,F,6,8,8,6,1.83,1,0.546448,0-2-1-3,200,4,True,71
F_g1.83_b2,fixed,4.9,4,0,0.00000000,0.00000000,0.48989084,0,0.0000000000,7.000000,0.408248,7.000000,8,0.000000,0,4,0,4011,0,5370,22,1.000000,2350.750000,0,4,0,9403,497.000,852,beta_scale_calibration,BG1_first4_high_rate,F,6,8,8,6,1.83,2,1.092896,0-2-1-3,200,4,True,71
F_g1.83_b3,fixed,4.9,4,4,1.00000000,0.51010916,1.00000000,290,0.0085819129,12.000000,0.000000,0.000000,12,1.000000,0,0,4,4011,0,0,0,1.000000,1002.750000,4,0,4011,0,852.000,852,beta_scale_calibration,BG1_first4_high_rate,F,6,8,8,6,1.83,3,1.639344,0-2-1-3,200,4,True,71
F_g1.83_b4,fixed,4.9,4,4,1.00000000,0.51010916,1.00000000,266,0.0078716856,12.000000,0.000000,0.000000,12,1.000000,0,0,4,4011,0,0,0,1.000000,1002.750000,4,0,4011,0,852.000,852,beta_scale_calibration,BG1_first4_high_rate,F,6,8,8,6,1.83,4,2.185792,0-2-1-3,200,4,True,71
F_g1.83_b5,fixed,4.9,4,4,1.00000000,0.51010916,1.00000000,242,0.0071614583,12.000000,0.000000,0.000000,12,1.000000,0,0,4,4011,0,0,0,1.000000,1002.750000,4,0,4011,0,852.000,852,beta_scale_calibration,BG1_first4_high_rate,F,6,8,8,6,1.83,5,2.732240,0-2-1-3,200,4,True,71
F_g1.83_b6,fixed,4.9,4,4,1.00000000,0.51010916,1.00000000,228,0.0067471591,12.000000,0.000000,0.000000,12,1.000000,0,0,4,4011,0,0,0,1.000000,1002.750000,4,0,4011,0,852.000,852,beta_scale_calibration,BG1_first4_high_rate,F,6,8,8,6,1.83,6,3.278689,0-2-1-3,200,4,True,71
F_g1.83_b7,fixed,4.9,4,4,1.00000000,0.51010916,1.00000000,221,0.0065400095,12.000000,0.000000,0.000000,12,1.000000,0,0,4,4011,0,0,0,1.000000,1002.750000,4,0,4011,0,852.000,852,beta_scale_calibration,BG1_first4_high_rate,F,6,8,8,6,1.83,7,3.825137,0-2-1-3,200,4,True,71
F_g2.0_b0,fixed,4.9,4,0,0.00000000,0.00000000,0.48989084,0,0.0000000000,4.250000,0.250000,4.250000,5,0.000000,0,4,0,6513,0,11692,22,1.000000,4556.750000,0,4,0,18227,301.750,852,beta_scale_calibration,BG1_first4_high_rate,F,6,8,8,6,2.0,0,0.000000,0-2-1-3,200,4,True,71
F_g2.0_b1,fixed,4.9,4,0,0.00000000,0.00000000,0.48989084,0,0.0000000000,4.000000,0.000000,4.000000,4,0.000000,0,4,0,6513,0,826,0,1.000000,1834.750000,0,4,0,7339,284.000,852,beta_scale_calibration,BG1_first4_high_rate,F,6,8,8,6,2.0,1,0.500000,0-2-1-3,200,4,True,71
F_g2.0_b2,fixed,4.9,4,0,0.00000000,0.00000000,0.48989084,0,0.0000000000,6.000000,0.408248,6.000000,7,0.000000,0,4,0,6513,0,3350,4,1.000000,2466.750000,0,4,0,9867,426.000,852,beta_scale_calibration,BG1_first4_high_rate,F,6,8,8,6,2.0,2,1.000000,0-2-1-3,200,4,True,71
F_g2.0_b3,fixed,4.9,4,4,1.00000000,0.51010916,1.00000000,261,0.0077237216,12.000000,0.000000,0.000000,12,1.000000,0,0,4,6513,0,0,0,1.000000,1628.250000,4,0,6513,0,852.000,852,beta_scale_calibration,BG1_first4_high_rate,F,6,8,8,6,2.0,3,1.500000,0-2-1-3,200,4,True,71
F_g2.0_b4,fixed,4.9,4,4,1.00000000,0.51010916,1.00000000,283,0.0083747633,12.000000,0.000000,0.000000,12,1.000000,0,0,4,6513,0,0,0,1.000000,1628.250000,4,0,6513,0,852.000,852,beta_scale_calibration,BG1_first4_high_rate,F,6,8,8,6,2.0,4,2.000000,0-2-1-3,200,4,True,71
F_g2.0_b5,fixed,4.9,4,4,1.00000000,0.51010916,1.00000000,256,0.0075757576,12.000000,0.000000,0.000000,12,1.000000,0,0,4,6513,0,0,0,1.000000,1628.250000,4,0,6513,0,852.000,852,beta_scale_calibration,BG1_first4_high_rate,F,6,8,8,6,2.0,5,2.500000,0-2-1-3,200,4,True,71
F_g2.0_b6,fixed,4.9,4,4,1.00000000,0.51010916,1.00000000,234,0.0069247159,12.000000,0.000000,0.000000,12,1.000000,0,0,4,6513,0,0,0,1.000000,1628.250000,4,0,6513,0,852.000,852,beta_scale_calibration,BG1_first4_high_rate,F,6,8,8,6,2.0,6,3.000000,0-2-1-3,200,4,True,71
F_g2.0_b7,fixed,4.9,4,4,1.00000000,0.51010916,1.00000000,227,0.0067175663,12.000000,0.000000,0.000000,12,1.000000,0,0,4,6513,0,0,0,1.000000,1628.250000,4,0,6513,0,852.000,852,beta_scale_calibration,BG1_first4_high_rate,F,6,8,8,6,2.0,7,3.500000,0-2-1-3,200,4,True,71
F_g2.212_b0,fixed,4.9,4,0,0.00000000,0.00000000,0.48989084,0,0.0000000000,4.500000,0.500000,4.500000,6,0.000000,0,4,0,9941,9,45839,15828,1.000000,17904.250000,0,4,0,71617,319.500,852,beta_scale_calibration,BG1_first4_high_rate,F,6,8,8,6,2.212,0,0.000000,0-2-1-3,200,4,True,71
F_g2.212_b1,fixed,4.9,4,0,0.00000000,0.00000000,0.48989084,0,0.0000000000,4.250000,0.250000,4.250000,5,0.000000,0,4,0,9941,0,13840,981,1.000000,6190.500000,0,4,0,24762,301.750,852,beta_scale_calibration,BG1_first4_high_rate,F,6,8,8,6,2.212,1,0.452080,0-2-1-3,200,4,True,71
F_g2.212_b2,fixed,4.9,4,0,0.00000000,0.00000000,0.48989084,0,0.0000000000,5.250000,0.250000,5.250000,6,0.000000,0,4,0,9941,0,4664,1,1.000000,3651.500000,0,4,0,14606,372.750,852,beta_scale_calibration,BG1_first4_high_rate,F,6,8,8,6,2.212,2,0.904159,0-2-1-3,200,4,True,71
F_g2.212_b3,fixed,4.9,4,3,0.75000000,0.30064184,0.95441274,63,0.0018643466,11.500000,0.500000,10.000000,12,0.750000,0,1,3,9941,0,4769,5,1.000000,3678.750000,3,1,7464,7251,816.500,852,beta_scale_calibration,BG1_first4_high_rate,F,6,8,8,6,2.212,3,1.356239,0-2-1-3,200,4,True,71
F_g2.212_b4,fixed,4.9,4,4,1.00000000,0.51010916,1.00000000,300,0.0088778409,12.000000,0.000000,0.000000,12,1.000000,0,0,4,9941,0,0,0,1.000000,2485.250000,4,0,9941,0,852.000,852,beta_scale_calibration,BG1_first4_high_rate,F,6,8,8,6,2.212,4,1.808318,0-2-1-3,200,4,True,71
F_g2.212_b5,fixed,4.9,4,4,1.00000000,0.51010916,1.00000000,270,0.0079900568,12.000000,0.000000,0.000000,12,1.000000,0,0,4,9941,0,0,0,1.000000,2485.250000,4,0,9941,0,852.000,852,beta_scale_calibration,BG1_first4_high_rate,F,6,8,8,6,2.212,5,2.260398,0-2-1-3,200,4,True,71
F_g2.212_b6,fixed,4.9,4,4,1.00000000,0.51010916,1.00000000,251,0.0074277936,12.000000,0.000000,0.000000,12,1.000000,0,0,4,9941,0,0,0,1.000000,2485.250000,4,0,9941,0,852.000,852,beta_scale_calibration,BG1_first4_high_rate,F,6,8,8,6,2.212,6,2.712477,0-2-1-3,200,4,True,71
F_g2.212_b7,fixed,4.9,4,4,1.00000000,0.51010916,1.00000000,236,0.0069839015,12.000000,0.000000,0.000000,12,1.000000,0,0,4,9941,0,0,0,1.000000,2485.250000,4,0,9941,0,852.000,852,beta_scale_calibration,BG1_first4_high_rate,F,6,8,8,6,2.212,7,3.164557,0-2-1-3,200,4,True,71
F_g3.0_b0,fixed,4.9,4,0,0.00000000,0.00000000,0.48989084,0,0.0000000000,4.250000,0.250000,4.250000,5,0.000000,0,4,0,21034,0,54393,4628,1.000000,20013.750000,0,4,0,80055,301.750,852,beta_scale_calibration,BG1_first4_high_rate,F,6,8,8,6,3.0,0,0.000000,0-2-1-3,200,4,True,71
F_g3.0_b1,fixed,4.9,4,0,0.00000000,0.00000000,0.48989084,0,0.0000000000,4.000000,0.000000,4.000000,4,0.000000,0,4,0,21034,0,29033,1308,1.000000,12843.750000,0,4,0,51375,284.000,852,beta_scale_calibration,BG1_first4_high_rate,F,6,8,8,6,3.0,1,0.333333,0-2-1-3,200,4,True,71
F_g3.0_b2,fixed,4.9,4,0,0.00000000,0.00000000,0.48989084,0,0.0000000000,4.500000,0.288675,4.500000,5,0.000000,0,4,0,21034,0,27682,2713,1.000000,12857.250000,0,4,0,51429,319.500,852,beta_scale_calibration,BG1_first4_high_rate,F,6,8,8,6,3.0,2,0.666667,0-2-1-3,200,4,True,71
F_g3.0_b3,fixed,4.9,4,0,0.00000000,0.00000000,0.48989084,0,0.0000000000,6.000000,0.408248,6.000000,7,0.000000,0,4,0,21034,0,26450,3067,1.000000,12637.750000,0,4,0,50551,426.000,852,beta_scale_calibration,BG1_first4_high_rate,F,6,8,8,6,3.0,3,1.000000,0-2-1-3,200,4,True,71
F_g3.0_b4,fixed,4.9,4,3,0.75000000,0.30064184,0.95441274,18,0.0005326705,11.250000,0.750000,9.000000,12,0.750000,0,1,3,21034,0,7682,29,1.000000,7186.250000,3,1,16260,12485,798.750,852,beta_scale_calibration,BG1_first4_high_rate,F,6,8,8,6,3.0,4,1.333333,0-2-1-3,200,4,True,71
F_g3.0_b5,fixed,4.9,4,4,1.00000000,0.51010916,1.00000000,316,0.0093513258,12.000000,0.000000,0.000000,12,1.000000,0,0,4,21034,0,0,0,1.000000,5258.500000,4,0,21034,0,852.000,852,beta_scale_calibration,BG1_first4_high_rate,F,6,8,8,6,3.0,5,1.666667,0-2-1-3,200,4,True,71
F_g3.0_b6,fixed,4.9,4,4,1.00000000,0.51010916,1.00000000,298,0.0088186553,12.000000,0.000000,0.000000,12,1.000000,0,0,4,21034,0,0,0,1.000000,5258.500000,4,0,21034,0,852.000,852,beta_scale_calibration,BG1_first4_high_rate,F,6,8,8,6,3.0,6,2.000000,0-2-1-3,200,4,True,71
F_g3.0_b7,fixed,4.9,4,4,1.00000000,0.51010916,1.00000000,274,0.0081084280,12.000000,0.000000,0.000000,12,1.000000,0,0,4,21034,0,0,0,1.000000,5258.500000,4,0,21034,0,852.000,852,beta_scale_calibration,BG1_first4_high_rate,F,6,8,8,6,3.0,7,2.333333,0-2-1-3,200,4,True,71
F_g4.0_b0,fixed,4.9,4,0,0.00000000,0.00000000,0.48989084,0,0.0000000000,4.250000,0.250000,4.250000,5,0.000000,0,4,0,28326,1,78982,11298,1.000000,29651.750000,0,4,0,118607,301.750,852,beta_scale_calibration,BG1_first4_high_rate,F,6,8,8,6,4.0,0,0.000000,0-2-1-3,200,4,True,71
F_g4.0_b1,fixed,4.9,4,0,0.00000000,0.00000000,0.48989084,0,0.0000000000,4.000000,0.000000,4.000000,4,0.000000,0,4,0,28326,1,59273,8821,1.000000,24105.250000,0,4,0,96421,284.000,852,beta_scale_calibration,BG1_first4_high_rate,F,6,8,8,6,4.0,1,0.250000,0-2-1-3,200,4,True,71
F_g4.0_b2,fixed,4.9,4,0,0.00000000,0.00000000,0.48989084,0,0.0000000000,4.000000,0.000000,4.000000,4,0.000000,0,4,0,28326,0,36020,1495,1.000000,16460.250000,0,4,0,65841,284.000,852,beta_scale_calibration,BG1_first4_high_rate,F,6,8,8,6,4.0,2,0.500000,0-2-1-3,200,4,True,71
F_g4.0_b3,fixed,4.9,4,0,0.00000000,0.00000000,0.48989084,0,0.0000000000,4.750000,0.478714,4.750000,6,0.000000,0,4,0,28326,16,60865,23059,1.000000,28066.500000,0,4,0,112266,337.250,852,beta_scale_calibration,BG1_first4_high_rate,F,6,8,8,6,4.0,3,0.750000,0-2-1-3,200,4,True,71
F_g4.0_b4,fixed,4.9,4,0,0.00000000,0.00000000,0.48989084,0,0.0000000000,6.000000,0.408248,6.000000,7,0.000000,0,4,0,28326,2,53301,9440,1.000000,22767.250000,0,4,0,91069,426.000,852,beta_scale_calibration,BG1_first4_high_rate,F,6,8,8,6,4.0,4,1.000000,0-2-1-3,200,4,True,71
F_g4.0_b5,fixed,4.9,4,0,0.00000000,0.00000000,0.48989084,0,0.0000000000,9.000000,0.707107,9.000000,10,0.000000,0,4,0,28326,0,37750,523,1.000000,16649.750000,0,4,0,66599,639.000,852,beta_scale_calibration,BG1_first4_high_rate,F,6,8,8,6,4.0,5,1.250000,0-2-1-3,200,4,True,71
F_g4.0_b6,fixed,4.9,4,4,1.00000000,0.51010916,1.00000000,288,0.0085227273,12.000000,0.000000,0.000000,12,1.000000,0,0,4,28326,0,0,0,1.000000,7081.500000,4,0,28326,0,852.000,852,beta_scale_calibration,BG1_first4_high_rate,F,6,8,8,6,4.0,6,1.500000,0-2-1-3,200,4,True,71
F_g4.0_b7,fixed,4.9,4,4,1.00000000,0.51010916,1.00000000,321,0.0094992898,12.000000,0.000000,0.000000,12,1.000000,0,0,4,28326,0,0,0,1.000000,7081.500000,4,0,28326,0,852.000,852,beta_scale_calibration,BG1_first4_high_rate,F,6,8,8,6,4.0,7,1.750000,0-2-1-3,200,4,True,71
F_g6.0_b0,fixed,4.9,4,0,0.00000000,0.00000000,0.48989084,0,0.0000000000,5.000000,0.408248,5.000000,6,0.000000,0,4,0,33215,259,147213,54988,1.000000,58918.750000,0,4,0,235675,355.000,852,beta_scale_calibration,BG1_first4_high_rate,F,6,8,8,6,6.0,0,0.000000,0-2-1-3,200,4,True,71
F_g6.0_b1,fixed,4.9,4,0,0.00000000,0.00000000,0.48989084,0,0.0000000000,4.500000,0.288675,4.500000,5,0.000000,0,4,0,33215,130,111377,37004,1.000000,45431.500000,0,4,0,181726,319.500,852,beta_scale_calibration,BG1_first4_high_rate,F,6,8,8,6,6.0,1,0.166667,0-2-1-3,200,4,True,71
F_g6.0_b2,fixed,4.9,4,0,0.00000000,0.00000000,0.48989084,0,0.0000000000,4.250000,0.250000,4.250000,5,0.000000,0,4,0,33215,7,82465,14296,1.000000,32495.750000,0,4,0,129983,301.750,852,beta_scale_calibration,BG1_first4_high_rate,F,6,8,8,6,6.0,2,0.333333,0-2-1-3,200,4,True,71
F_g6.0_b3,fixed,4.9,4,0,0.00000000,0.00000000,0.48989084,0,0.0000000000,4.250000,0.250000,4.250000,5,0.000000,0,4,0,33215,7,66476,10195,1.000000,27473.250000,0,4,0,109893,301.750,852,beta_scale_calibration,BG1_first4_high_rate,F,6,8,8,6,6.0,3,0.500000,0-2-1-3,200,4,True,71
F_g6.0_b4,fixed,4.9,4,0,0.00000000,0.00000000,0.48989084,0,0.0000000000,4.750000,0.250000,4.750000,5,0.000000,0,4,0,33215,5,85827,22161,1.000000,35302.000000,0,4,0,141208,337.250,852,beta_scale_calibration,BG1_first4_high_rate,F,6,8,8,6,6.0,4,0.666667,0-2-1-3,200,4,True,71
F_g6.0_b5,fixed,4.9,4,0,0.00000000,0.00000000,0.48989084,0,0.0000000000,5.500000,0.288675,5.500000,6,0.000000,0,4,0,33215,9,99431,26662,1.000000,39829.250000,0,4,0,159317,390.500,852,beta_scale_calibration,BG1_first4_high_rate,F,6,8,8,6,6.0,5,0.833333,0-2-1-3,200,4,True,71
F_g6.0_b6,fixed,4.9,4,0,0.00000000,0.00000000,0.48989084,0,0.0000000000,6.000000,0.408248,6.000000,7,0.000000,0,4,0,33215,0,49913,1172,1.000000,21075.000000,0,4,0,84300,426.000,852,beta_scale_calibration,BG1_first4_high_rate,F,6,8,8,6,6.0,6,1.000000,0-2-1-3,200,4,True,71
F_g6.0_b7,fixed,4.9,4,0,0.00000000,0.00000000,0.48989084,0,0.0000000000,8.750000,0.629153,8.750000,10,0.000000,0,4,0,33215,0,80679,3595,1.000000,29372.250000,0,4,0,117489,621.250,852,beta_scale_calibration,BG1_first4_high_rate,F,6,8,8,6,6.0,7,1.166667,0-2-1-3,200,4,True,71
F_g8.0_b0,fixed,4.9,4,0,0.00000000,0.00000000,0.48989084,0,0.0000000000,5.750000,0.478714,5.750000,7,0.000000,0,4,0,34674,161,164062,44331,1.000000,60807.000000,0,4,0,243228,408.250,852,beta_scale_calibration,BG1_first4_high_rate,F,6,8,8,6,8.0,0,0.000000,0-2-1-3,200,4,True,71
F_g8.0_b1,fixed,4.9,4,0,0.00000000,0.00000000,0.48989084,0,0.0000000000,5.250000,0.250000,5.250000,6,0.000000,0,4,0,34674,86,144917,39301,1.000000,54744.500000,0,4,0,218978,372.750,852,beta_scale_calibration,BG1_first4_high_rate,F,6,8,8,6,8.0,1,0.125000,0-2-1-3,200,4,True,71
F_g8.0_b2,fixed,4.9,4,0,0.00000000,0.00000000,0.48989084,0,0.0000000000,5.000000,0.408248,5.000000,6,0.000000,0,4,0,34674,133,135069,48257,1.000000,54533.250000,0,4,0,218133,355.000,852,beta_scale_calibration,BG1_first4_high_rate,F,6,8,8,6,8.0,2,0.250000,0-2-1-3,200,4,True,71
F_g8.0_b3,fixed,4.9,4,0,0.00000000,0.00000000,0.48989084,0,0.0000000000,4.750000,0.250000,4.750000,5,0.000000,0,4,0,34674,37,103094,25310,1.000000,40778.750000,0,4,0,163115,337.250,852,beta_scale_calibration,BG1_first4_high_rate,F,6,8,8,6,8.0,3,0.375000,0-2-1-3,200,4,True,71
F_g8.0_b4,fixed,4.9,4,0,0.00000000,0.00000000,0.48989084,0,0.0000000000,5.250000,0.250000,5.250000,6,0.000000,0,4,0,34674,55,132720,40166,1.000000,51903.750000,0,4,0,207615,372.750,852,beta_scale_calibration,BG1_first4_high_rate,F,6,8,8,6,8.0,4,0.500000,0-2-1-3,200,4,True,71
F_g8.0_b5,fixed,4.9,4,0,0.00000000,0.00000000,0.48989084,0,0.0000000000,5.250000,0.250000,5.250000,6,0.000000,0,4,0,34674,9,100153,18295,1.000000,38282.750000,0,4,0,153131,372.750,852,beta_scale_calibration,BG1_first4_high_rate,F,6,8,8,6,8.0,5,0.625000,0-2-1-3,200,4,True,71
F_g8.0_b6,fixed,4.9,4,0,0.00000000,0.00000000,0.48989084,0,0.0000000000,6.000000,0.408248,6.000000,7,0.000000,0,4,0,34674,37,124586,36652,1.000000,48987.250000,0,4,0,195949,426.000,852,beta_scale_calibration,BG1_first4_high_rate,F,6,8,8,6,8.0,6,0.750000,0-2-1-3,200,4,True,71
F_g8.0_b7,fixed,4.9,4,0,0.00000000,0.00000000,0.48989084,0,0.0000000000,7.000000,0.408248,7.000000,8,0.000000,0,4,0,34674,9,120133,24459,1.000000,44818.750000,0,4,0,179275,497.000,852,beta_scale_calibration,BG1_first4_high_rate,F,6,8,8,6,8.0,7,0.875000,0-2-1-3,200,4,True,71
G_g0.5_b0,fixed,4.9,4,0,0.00000000,0.00000000,0.48989084,0,0.0000000000,4.750000,0.250000,4.750000,5,0.000000,0,4,0,0,0,0,0,0.000000,0.000000,0,0,0,0,337.250,852,beta_scale_calibration,BG1_first4_high_rate,G,6,9,9,7,0.5,0,0.000000,0-2-1-3,200,4,True,71
G_g0.5_b1,fixed,4.9,4,4,1.00000000,0.51010916,1.00000000,158,0.0046756629,12.000000,0.000000,0.000000,12,1.000000,0,0,4,0,0,0,0,0.000000,0.000000,0,0,0,0,852.000,852,beta_scale_calibration,BG1_first4_high_rate,G,6,9,9,7,0.5,1,2.000000,0-2-1-3,200,4,True,71
G_g0.5_b2,fixed,4.9,4,4,1.00000000,0.51010916,1.00000000,134,0.0039654356,12.000000,0.000000,0.000000,12,1.000000,0,0,4,0,0,0,0,0.000000,0.000000,0,0,0,0,852.000,852,beta_scale_calibration,BG1_first4_high_rate,G,6,9,9,7,0.5,2,4.000000,0-2-1-3,200,4,True,71
G_g0.5_b3,fixed,4.9,4,4,1.00000000,0.51010916,1.00000000,134,0.0039654356,12.000000,0.000000,0.000000,12,1.000000,0,0,4,0,0,0,0,0.000000,0.000000,0,0,0,0,852.000,852,beta_scale_calibration,BG1_first4_high_rate,G,6,9,9,7,0.5,3,6.000000,0-2-1-3,200,4,True,71
G_g0.5_b4,fixed,4.9,4,4,1.00000000,0.51010916,1.00000000,134,0.0039654356,12.000000,0.000000,0.000000,12,1.000000,0,0,4,0,0,0,0,0.000000,0.000000,0,0,0,0,852.000,852,beta_scale_calibration,BG1_first4_high_rate,G,6,9,9,7,0.5,4,8.000000,0-2-1-3,200,4,True,71
G_g0.5_b5,fixed,4.9,4,4,1.00000000,0.51010916,1.00000000,134,0.0039654356,12.000000,0.000000,0.000000,12,1.000000,0,0,4,0,0,0,0,0.000000,0.000000,0,0,0,0,852.000,852,beta_scale_calibration,BG1_first4_high_rate,G,6,9,9,7,0.5,5,10.000000,0-2-1-3,200,4,True,71
G_g0.5_b6,fixed,4.9,4,4,1.00000000,0.51010916,1.00000000,134,0.0039654356,12.000000,0.000000,0.000000,12,1.000000,0,0,4,0,0,0,0,0.000000,0.000000,0,0,0,0,852.000,852,beta_scale_calibration,BG1_first4_high_rate,G,6,9,9,7,0.5,6,12.000000,0-2-1-3,200,4,True,71
G_g0.5_b7,fixed,4.9,4,4,1.00000000,0.51010916,1.00000000,134,0.0039654356,12.000000,0.000000,0.000000,12,1.000000,0,0,4,0,0,0,0,0.000000,0.000000,0,0,0,0,852.000,852,beta_scale_calibration,BG1_first4_high_rate,G,6,9,9,7,0.5,7,14.000000,0-2-1-3,200,4,True,71
G_g0.75_b0,fixed,4.9,4,0,0.00000000,0.00000000,0.48989084,0,0.0000000000,4.500000,0.288675,4.500000,5,0.000000,0,4,0,0,0,0,0,0.000000,0.000000,0,0,0,0,319.500,852,beta_scale_calibration,BG1_first4_high_rate,G,6,9,9,7,0.75,0,0.000000,0-2-1-3,200,4,True,71
G_g0.75_b1,fixed,4.9,4,3,0.75000000,0.30064184,0.95441274,76,0.0022490530,11.500000,0.500000,10.000000,12,0.750000,0,1,3,0,0,0,0,0.000000,0.000000,0,0,0,0,816.500,852,beta_scale_calibration,BG1_first4_high_rate,G,6,9,9,7,0.75,1,1.333333,0-2-1-3,200,4,True,71
G_g0.75_b2,fixed,4.9,4,4,1.00000000,0.51010916,1.00000000,180,0.0053267045,12.000000,0.000000,0.000000,12,1.000000,0,0,4,0,0,0,0,0.000000,0.000000,0,0,0,0,852.000,852,beta_scale_calibration,BG1_first4_high_rate,G,6,9,9,7,0.75,2,2.666667,0-2-1-3,200,4,True,71
G_g0.75_b3,fixed,4.9,4,4,1.00000000,0.51010916,1.00000000,167,0.0049419981,12.000000,0.000000,0.000000,12,1.000000,0,0,4,0,0,0,0,0.000000,0.000000,0,0,0,0,852.000,852,beta_scale_calibration,BG1_first4_high_rate,G,6,9,9,7,0.75,3,4.000000,0-2-1-3,200,4,True,71
G_g0.75_b4,fixed,4.9,4,4,1.00000000,0.51010916,1.00000000,166,0.0049124053,12.000000,0.000000,0.000000,12,1.000000,0,0,4,0,0,0,0,0.000000,0.000000,0,0,0,0,852.000,852,beta_scale_calibration,BG1_first4_high_rate,G,6,9,9,7,0.75,4,5.333333,0-2-1-3,200,4,True,71
G_g0.75_b5,fixed,4.9,4,4,1.00000000,0.51010916,1.00000000,166,0.0049124053,12.000000,0.000000,0.000000,12,1.000000,0,0,4,0,0,0,0,0.000000,0.000000,0,0,0,0,852.000,852,beta_scale_calibration,BG1_first4_high_rate,G,6,9,9,7,0.75,5,6.666667,0-2-1-3,200,4,True,71
G_g0.75_b6,fixed,4.9,4,4,1.00000000,0.51010916,1.00000000,166,0.0049124053,12.000000,0.000000,0.000000,12,1.000000,0,0,4,0,0,0,0,0.000000,0.000000,0,0,0,0,852.000,852,beta_scale_calibration,BG1_first4_high_rate,G,6,9,9,7,0.75,6,8.000000,0-2-1-3,200,4,True,71
G_g0.75_b7,fixed,4.9,4,4,1.00000000,0.51010916,1.00000000,166,0.0049124053,12.000000,0.000000,0.000000,12,1.000000,0,0,4,0,0,0,0,0.000000,0.000000,0,0,0,0,852.000,852,beta_scale_calibration,BG1_first4_high_rate,G,6,9,9,7,0.75,7,9.333333,0-2-1-3,200,4,True,71
G_g1.0_b0,fixed,4.9,4,0,0.00000000,0.00000000,0.48989084,0,0.0000000000,4.250000,0.250000,4.250000,5,0.000000,0,4,0,2,0,0,0,0.250000,0.500000,0,1,0,2,301.750,852,beta_scale_calibration,BG1_first4_high_rate,G,6,9,9,7,1.0,0,0.000000,0-2-1-3,200,4,True,71
G_g1.0_b1,fixed,4.9,4,0,0.00000000,0.00000000,0.48989084,0,0.0000000000,6.000000,0.408248,6.000000,7,0.000000,0,4,0,2,0,0,0,0.250000,0.500000,0,1,0,2,426.000,852,beta_scale_calibration,BG1_first4_high_rate,G,6,9,9,7,1.0,1,1.000000,0-2-1-3,200,4,True,71
G_g1.0_b2,fixed,4.9,4,4,1.00000000,0.51010916,1.00000000,234,0.0069247159,12.000000,0.000000,0.000000,12,1.000000,0,0,4,2,0,0,0,0.250000,0.500000,1,0,2,0,852.000,852,beta_scale_calibration,BG1_first4_high_rate,G,6,9,9,7,1.0,2,2.000000,0-2-1-3,200,4,True,71
G_g1.0_b3,fixed,4.9,4,4,1.00000000,0.51010916,1.00000000,200,0.0059185606,12.000000,0.000000,0.000000,12,1.000000,0,0,4,2,0,0,0,0.250000,0.500000,1,0,2,0,852.000,852,beta_scale_calibration,BG1_first4_high_rate,G,6,9,9,7,1.0,3,3.000000,0-2-1-3,200,4,True,71
G_g1.0_b4,fixed,4.9,4,4,1.00000000,0.51010916,1.00000000,190,0.0056226326,12.000000,0.000000,0.000000,12,1.000000,0,0,4,2,0,0,0,0.250000,0.500000,1,0,2,0,852.000,852,beta_scale_calibration,BG1_first4_high_rate,G,6,9,9,7,1.0,4,4.000000,0-2-1-3,200,4,True,71
G_g1.0_b5,fixed,4.9,4,4,1.00000000,0.51010916,1.00000000,189,0.0055930398,12.000000,0.000000,0.000000,12,1.000000,0,0,4,2,0,0,0,0.250000,0.500000,1,0,2,0,852.000,852,beta_scale_calibration,BG1_first4_high_rate,G,6,9,9,7,1.0,5,5.000000,0-2-1-3,200,4,True,71
G_g1.0_b6,fixed,4.9,4,4,1.00000000,0.51010916,1.00000000,189,0.0055930398,12.000000,0.000000,0.000000,12,1.000000,0,0,4,2,0,0,0,0.250000,0.500000,1,0,2,0,852.000,852,beta_scale_calibration,BG1_first4_high_rate,G,6,9,9,7,1.0,6,6.000000,0-2-1-3,200,4,True,71
G_g1.0_b7,fixed,4.9,4,4,1.00000000,0.51010916,1.00000000,189,0.0055930398,12.000000,0.000000,0.000000,12,1.000000,0,0,4,2,0,0,0,0.250000,0.500000,1,0,2,0,852.000,852,beta_scale_calibration,BG1_first4_high_rate,G,6,9,9,7,1.0,7,7.000000,0-2-1-3,200,4,True,71
G_g1.21_b0,fixed,4.9,4,0,0.00000000,0.00000000,0.48989084,0,0.0000000000,4.250000,0.250000,4.250000,5,0.000000,0,4,0,33,0,0,0,1.000000,8.250000,0,4,0,33,301.750,852,beta_scale_calibration,BG1_first4_high_rate,G,6,9,9,7,1.21,0,0.000000,0-2-1-3,200,4,True,71
G_g1.21_b1,fixed,4.9,4,0,0.00000000,0.00000000,0.48989084,0,0.0000000000,5.250000,0.250000,5.250000,6,0.000000,0,4,0,33,0,0,0,1.000000,8.250000,0,4,0,33,372.750,852,beta_scale_calibration,BG1_first4_high_rate,G,6,9,9,7,1.21,1,0.826446,0-2-1-3,200,4,True,71
G_g1.21_b2,fixed,4.9,4,4,1.00000000,0.51010916,1.00000000,263,0.0077829072,12.000000,0.000000,0.000000,12,1.000000,0,0,4,33,0,0,0,1.000000,8.250000,4,0,33,0,852.000,852,beta_scale_calibration,BG1_first4_high_rate,G,6,9,9,7,1.21,2,1.652893,0-2-1-3,200,4,True,71
G_g1.21_b3,fixed,4.9,4,4,1.00000000,0.51010916,1.00000000,226,0.0066879735,12.000000,0.000000,0.000000,12,1.000000,0,0,4,33,0,0,0,1.000000,8.250000,4,0,33,0,852.000,852,beta_scale_calibration,BG1_first4_high_rate,G,6,9,9,7,1.21,3,2.479339,0-2-1-3,200,4,True,71
G_g1.21_b4,fixed,4.9,4,4,1.00000000,0.51010916,1.00000000,204,0.0060369318,12.000000,0.000000,0.000000,12,1.000000,0,0,4,33,0,0,0,1.000000,8.250000,4,0,33,0,852.000,852,beta_scale_calibration,BG1_first4_high_rate,G,6,9,9,7,1.21,4,3.305785,0-2-1-3,200,4,True,71
G_g1.21_b5,fixed,4.9,4,4,1.00000000,0.51010916,1.00000000,199,0.0058889678,12.000000,0.000000,0.000000,12,1.000000,0,0,4,33,0,0,0,1.000000,8.250000,4,0,33,0,852.000,852,beta_scale_calibration,BG1_first4_high_rate,G,6,9,9,7,1.21,5,4.132231,0-2-1-3,200,4,True,71
G_g1.21_b6,fixed,4.9,4,4,1.00000000,0.51010916,1.00000000,198,0.0058593750,12.000000,0.000000,0.000000,12,1.000000,0,0,4,33,0,0,0,1.000000,8.250000,4,0,33,0,852.000,852,beta_scale_calibration,BG1_first4_high_rate,G,6,9,9,7,1.21,6,4.958678,0-2-1-3,200,4,True,71
G_g1.21_b7,fixed,4.9,4,4,1.00000000,0.51010916,1.00000000,198,0.0058593750,12.000000,0.000000,0.000000,12,1.000000,0,0,4,33,0,0,0,1.000000,8.250000,4,0,33,0,852.000,852,beta_scale_calibration,BG1_first4_high_rate,G,6,9,9,7,1.21,7,5.785124,0-2-1-3,200,4,True,71
G_g1.417_b0,fixed,4.9,4,0,0.00000000,0.00000000,0.48989084,0,0.0000000000,4.250000,0.250000,4.250000,5,0.000000,0,4,0,419,0,0,0,1.000000,104.750000,0,4,0,419,301.750,852,beta_scale_calibration,BG1_first4_high_rate,G,6,9,9,7,1.417,0,0.000000,0-2-1-3,200,4,True,71
G_g1.417_b1,fixed,4.9,4,0,0.00000000,0.00000000,0.48989084,0,0.0000000000,4.250000,0.250000,4.250000,5,0.000000,0,4,0,419,0,0,0,1.000000,104.750000,0,4,0,419,301.750,852,beta_scale_calibration,BG1_first4_high_rate,G,6,9,9,7,1.417,1,0.705716,0-2-1-3,200,4,True,71
G_g1.417_b2,fixed,4.9,4,3,0.75000000,0.30064184,0.95441274,164,0.0048532197,12.000000,0.000000,12.000000,12,1.000000,0,1,3,419,0,0,0,1.000000,104.750000,3,1,316,103,852.000,852,beta_scale_calibration,BG1_first4_high_rate,G,6,9,9,7,1.417,2,1.411433,0-2-1-3,200,4,True,71
G_g1.417_b3,fixed,4.9,4,4,1.00000000,0.51010916,1.00000000,257,0.0076053504,12.000000,0.000000,0.000000,12,1.000000,0,0,4,419,0,0,0,1.000000,104.750000,4,0,419,0,852.000,852,beta_scale_calibration,BG1_first4_high_rate,G,6,9,9,7,1.417,3,2.117149,0-2-1-3,200,4,True,71
G_g1.417_b4,fixed,4.9,4,4,1.00000000,0.51010916,1.00000000,225,0.0066583807,12.000000,0.000000,0.000000,12,1.000000,0,0,4,419,0,0,0,1.000000,104.750000,4,0,419,0,852.000,852,beta_scale_calibration,BG1_first4_high_rate,G,6,9,9,7,1.417,4,2.822865,0-2-1-3,200,4,True,71
G_g1.417_b5,fixed,4.9,4,4,1.00000000,0.51010916,1.00000000,214,0.0063328598,12.000000,0.000000,0.000000,12,1.000000,0,0,4,419,0,0,0,1.000000,104.750000,4,0,419,0,852.000,852,beta_scale_calibration,BG1_first4_high_rate,G,6,9,9,7,1.417,5,3.528582,0-2-1-3,200,4,True,71
G_g1.417_b6,fixed,4.9,4,4,1.00000000,0.51010916,1.00000000,211,0.0062440814,12.000000,0.000000,0.000000,12,1.000000,0,0,4,419,0,0,0,1.000000,104.750000,4,0,419,0,852.000,852,beta_scale_calibration,BG1_first4_high_rate,G,6,9,9,7,1.417,6,4.234298,0-2-1-3,200,4,True,71
G_g1.417_b7,fixed,4.9,4,4,1.00000000,0.51010916,1.00000000,210,0.0062144886,12.000000,0.000000,0.000000,12,1.000000,0,0,4,419,0,0,0,1.000000,104.750000,4,0,419,0,852.000,852,beta_scale_calibration,BG1_first4_high_rate,G,6,9,9,7,1.417,7,4.940014,0-2-1-3,200,4,True,71
G_g1.5_b0,fixed,4.9,4,0,0.00000000,0.00000000,0.48989084,0,0.0000000000,4.250000,0.250000,4.250000,5,0.000000,0,4,0,788,0,0,0,1.000000,197.000000,0,4,0,788,301.750,852,beta_scale_calibration,BG1_first4_high_rate,G,6,9,9,7,1.5,0,0.000000,0-2-1-3,200,4,True,71
G_g1.5_b1,fixed,4.9,4,0,0.00000000,0.00000000,0.48989084,0,0.0000000000,4.000000,0.000000,4.000000,4,0.000000,0,4,0,788,0,0,0,1.000000,197.000000,0,4,0,788,284.000,852,beta_scale_calibration,BG1_first4_high_rate,G,6,9,9,7,1.5,1,0.666667,0-2-1-3,200,4,True,71
G_g1.5_b2,fixed,4.9,4,3,0.75000000,0.30064184,0.95441274,30,0.0008877841,11.250000,0.750000,9.000000,12,0.750000,0,1,3,788,0,0,0,1.000000,197.000000,3,1,596,192,798.750,852,beta_scale_calibration,BG1_first4_high_rate,G,6,9,9,7,1.5,2,1.333333,0-2-1-3,200,4,True,71
G_g1.5_b3,fixed,4.9,4,4,1.00000000,0.51010916,1.00000000,269,0.0079604640,12.000000,0.000000,0.000000,12,1.000000,0,0,4,788,0,0,0,1.000000,197.000000,4,0,788,0,852.000,852,beta_scale_calibration,BG1_first4_high_rate,G,6,9,9,7,1.5,3,2.000000,0-2-1-3,200,4,True,71
G_g1.5_b4,fixed,4.9,4,4,1.00000000,0.51010916,1.00000000,236,0.0069839015,12.000000,0.000000,0.000000,12,1.000000,0,0,4,788,0,0,0,1.000000,197.000000,4,0,788,0,852.000,852,beta_scale_calibration,BG1_first4_high_rate,G,6,9,9,7,1.5,4,2.666667,0-2-1-3,200,4,True,71
G_g1.5_b5,fixed,4.9,4,4,1.00000000,0.51010916,1.00000000,219,0.0064808239,12.000000,0.000000,0.000000,12,1.000000,0,0,4,788,0,0,0,1.000000,197.000000,4,0,788,0,852.000,852,beta_scale_calibration,BG1_first4_high_rate,G,6,9,9,7,1.5,5,3.333333,0-2-1-3,200,4,True,71
G_g1.5_b6,fixed,4.9,4,4,1.00000000,0.51010916,1.00000000,215,0.0063624527,12.000000,0.000000,0.000000,12,1.000000,0,0,4,788,0,0,0,1.000000,197.000000,4,0,788,0,852.000,852,beta_scale_calibration,BG1_first4_high_rate,G,6,9,9,7,1.5,6,4.000000,0-2-1-3,200,4,True,71
G_g1.5_b7,fixed,4.9,4,4,1.00000000,0.51010916,1.00000000,213,0.0063032670,12.000000,0.000000,0.000000,12,1.000000,0,0,4,788,0,0,0,1.000000,197.000000,4,0,788,0,852.000,852,beta_scale_calibration,BG1_first4_high_rate,G,6,9,9,7,1.5,7,4.666667,0-2-1-3,200,4,True,71
G_g1.659_b0,fixed,4.9,4,0,0.00000000,0.00000000,0.48989084,0,0.0000000000,4.250000,0.250000,4.250000,5,0.000000,0,4,0,2007,0,0,0,1.000000,501.750000,0,4,0,2007,301.750,852,beta_scale_calibration,BG1_first4_high_rate,G,6,9,9,7,1.659,0,0.000000,0-2-1-3,200,4,True,71
G_g1.659_b1,fixed,4.9,4,0,0.00000000,0.00000000,0.48989084,0,0.0000000000,4.500000,0.288675,4.500000,5,0.000000,0,4,0,2007,0,0,0,1.000000,501.750000,0,4,0,2007,319.500,852,beta_scale_calibration,BG1_first4_high_rate,G,6,9,9,7,1.659,1,0.602773,0-2-1-3,200,4,True,71
G_g1.659_b2,fixed,4.9,4,0,0.00000000,0.00000000,0.48989084,0,0.0000000000,8.500000,0.645497,8.500000,10,0.000000,0,4,0,2007,0,0,0,1.000000,501.750000,0,4,0,2007,603.500,852,beta_scale_calibration,BG1_first4_high_rate,G,6,9,9,7,1.659,2,1.205546,0-2-1-3,200,4,True,71
G_g1.659_b3,fixed,4.9,4,4,1.00000000,0.51010916,1.00000000,288,0.0085227273,12.000000,0.000000,0.000000,12,1.000000,0,0,4,2007,0,0,0,1.000000,501.750000,4,0,2007,0,852.000,852,beta_scale_calibration,BG1_first4_high_rate,G,6,9,9,7,1.659,3,1.808318,0-2-1-3,200,4,True,71
G_g1.659_b4,fixed,4.9,4,4,1.00000000,0.51010916,1.00000000,252,0.0074573864,12.000000,0.000000,0.000000,12,1.000000,0,0,4,2007,0,0,0,1.000000,501.750000,4,0,2007,0,852.000,852,beta_scale_calibration,BG1_first4_high_rate,G,6,9,9,7,1.659,4,2.411091,0-2-1-3,200,4,True,71
G_g1.659_b5,fixed,4.9,4,4,1.00000000,0.51010916,1.00000000,228,0.0067471591,12.000000,0.000000,0.000000,12,1.000000,0,0,4,2007,0,0,0,1.000000,501.750000,4,0,2007,0,852.000,852,beta_scale_calibration,BG1_first4_high_rate,G,6,9,9,7,1.659,5,3.013864,0-2-1-3,200,4,True,71
G_g1.659_b6,fixed,4.9,4,4,1.00000000,0.51010916,1.00000000,219,0.0064808239,12.000000,0.000000,0.000000,12,1.000000,0,0,4,2007,0,0,0,1.000000,501.750000,4,0,2007,0,852.000,852,beta_scale_calibration,BG1_first4_high_rate,G,6,9,9,7,1.659,6,3.616637,0-2-1-3,200,4,True,71
G_g1.659_b7,fixed,4.9,4,4,1.00000000,0.51010916,1.00000000,217,0.0064216383,12.000000,0.000000,0.000000,12,1.000000,0,0,4,2007,0,0,0,1.000000,501.750000,4,0,2007,0,852.000,852,beta_scale_calibration,BG1_first4_high_rate,G,6,9,9,7,1.659,7,4.219409,0-2-1-3,200,4,True,71
G_g1.83_b0,fixed,4.9,4,0,0.00000000,0.00000000,0.48989084,0,0.0000000000,4.250000,0.250000,4.250000,5,0.000000,0,4,0,4011,0,0,0,1.000000,1002.750000,0,4,0,4011,301.750,852,beta_scale_calibration,BG1_first4_high_rate,G,6,9,9,7,1.83,0,0.000000,0-2-1-3,200,4,True,71
G_g1.83_b1,fixed,4.9,4,0,0.00000000,0.00000000,0.48989084,0,0.0000000000,4.250000,0.250000,4.250000,5,0.000000,0,4,0,4011,0,0,0,1.000000,1002.750000,0,4,0,4011,301.750,852,beta_scale_calibration,BG1_first4_high_rate,G,6,9,9,7,1.83,1,0.546448,0-2-1-3,200,4,True,71
G_g1.83_b2,fixed,4.9,4,0,0.00000000,0.00000000,0.48989084,0,0.0000000000,7.000000,0.408248,7.000000,8,0.000000,0,4,0,4011,0,0,0,1.000000,1002.750000,0,4,0,4011,497.000,852,beta_scale_calibration,BG1_first4_high_rate,G,6,9,9,7,1.83,2,1.092896,0-2-1-3,200,4,True,71
G_g1.83_b3,fixed,4.9,4,4,1.00000000,0.51010916,1.00000000,290,0.0085819129,12.000000,0.000000,0.000000,12,1.000000,0,0,4,4011,0,0,0,1.000000,1002.750000,4,0,4011,0,852.000,852,beta_scale_calibration,BG1_first4_high_rate,G,6,9,9,7,1.83,3,1.639344,0-2-1-3,200,4,True,71
G_g1.83_b4,fixed,4.9,4,4,1.00000000,0.51010916,1.00000000,266,0.0078716856,12.000000,0.000000,0.000000,12,1.000000,0,0,4,4011,0,0,0,1.000000,1002.750000,4,0,4011,0,852.000,852,beta_scale_calibration,BG1_first4_high_rate,G,6,9,9,7,1.83,4,2.185792,0-2-1-3,200,4,True,71
G_g1.83_b5,fixed,4.9,4,4,1.00000000,0.51010916,1.00000000,242,0.0071614583,12.000000,0.000000,0.000000,12,1.000000,0,0,4,4011,0,0,0,1.000000,1002.750000,4,0,4011,0,852.000,852,beta_scale_calibration,BG1_first4_high_rate,G,6,9,9,7,1.83,5,2.732240,0-2-1-3,200,4,True,71
G_g1.83_b6,fixed,4.9,4,4,1.00000000,0.51010916,1.00000000,228,0.0067471591,12.000000,0.000000,0.000000,12,1.000000,0,0,4,4011,0,0,0,1.000000,1002.750000,4,0,4011,0,852.000,852,beta_scale_calibration,BG1_first4_high_rate,G,6,9,9,7,1.83,6,3.278689,0-2-1-3,200,4,True,71
G_g1.83_b7,fixed,4.9,4,4,1.00000000,0.51010916,1.00000000,221,0.0065400095,12.000000,0.000000,0.000000,12,1.000000,0,0,4,4011,0,0,0,1.000000,1002.750000,4,0,4011,0,852.000,852,beta_scale_calibration,BG1_first4_high_rate,G,6,9,9,7,1.83,7,3.825137,0-2-1-3,200,4,True,71
G_g2.0_b0,fixed,4.9,4,0,0.00000000,0.00000000,0.48989084,0,0.0000000000,4.250000,0.250000,4.250000,5,0.000000,0,4,0,6513,0,0,0,1.000000,1628.250000,0,4,0,6513,301.750,852,beta_scale_calibration,BG1_first4_high_rate,G,6,9,9,7,2.0,0,0.000000,0-2-1-3,200,4,True,71
G_g2.0_b1,fixed,4.9,4,0,0.00000000,0.00000000,0.48989084,0,0.0000000000,4.000000,0.000000,4.000000,4,0.000000,0,4,0,6513,0,0,0,1.000000,1628.250000,0,4,0,6513,284.000,852,beta_scale_calibration,BG1_first4_high_rate,G,6,9,9,7,2.0,1,0.500000,0-2-1-3,200,4,True,71
G_g2.0_b2,fixed,4.9,4,0,0.00000000,0.00000000,0.48989084,0,0.0000000000,6.000000,0.408248,6.000000,7,0.000000,0,4,0,6513,0,0,0,1.000000,1628.250000,0,4,0,6513,426.000,852,beta_scale_calibration,BG1_first4_high_rate,G,6,9,9,7,2.0,2,1.000000,0-2-1-3,200,4,True,71
G_g2.0_b3,fixed,4.9,4,4,1.00000000,0.51010916,1.00000000,261,0.0077237216,12.000000,0.000000,0.000000,12,1.000000,0,0,4,6513,0,0,0,1.000000,1628.250000,4,0,6513,0,852.000,852,beta_scale_calibration,BG1_first4_high_rate,G,6,9,9,7,2.0,3,1.500000,0-2-1-3,200,4,True,71
G_g2.0_b4,fixed,4.9,4,4,1.00000000,0.51010916,1.00000000,283,0.0083747633,12.000000,0.000000,0.000000,12,1.000000,0,0,4,6513,0,0,0,1.000000,1628.250000,4,0,6513,0,852.000,852,beta_scale_calibration,BG1_first4_high_rate,G,6,9,9,7,2.0,4,2.000000,0-2-1-3,200,4,True,71
G_g2.0_b5,fixed,4.9,4,4,1.00000000,0.51010916,1.00000000,256,0.0075757576,12.000000,0.000000,0.000000,12,1.000000,0,0,4,6513,0,0,0,1.000000,1628.250000,4,0,6513,0,852.000,852,beta_scale_calibration,BG1_first4_high_rate,G,6,9,9,7,2.0,5,2.500000,0-2-1-3,200,4,True,71
G_g2.0_b6,fixed,4.9,4,4,1.00000000,0.51010916,1.00000000,234,0.0069247159,12.000000,0.000000,0.000000,12,1.000000,0,0,4,6513,0,0,0,1.000000,1628.250000,4,0,6513,0,852.000,852,beta_scale_calibration,BG1_first4_high_rate,G,6,9,9,7,2.0,6,3.000000,0-2-1-3,200,4,True,71
G_g2.0_b7,fixed,4.9,4,4,1.00000000,0.51010916,1.00000000,227,0.0067175663,12.000000,0.000000,0.000000,12,1.000000,0,0,4,6513,0,0,0,1.000000,1628.250000,4,0,6513,0,852.000,852,beta_scale_calibration,BG1_first4_high_rate,G,6,9,9,7,2.0,7,3.500000,0-2-1-3,200,4,True,71
G_g2.212_b0,fixed,4.9,4,0,0.00000000,0.00000000,0.48989084,0,0.0000000000,4.500000,0.500000,4.500000,6,0.000000,0,4,0,9941,0,1098,0,1.000000,2759.750000,0,4,0,11039,319.500,852,beta_scale_calibration,BG1_first4_high_rate,G,6,9,9,7,2.212,0,0.000000,0-2-1-3,200,4,True,71
G_g2.212_b1,fixed,4.9,4,0,0.00000000,0.00000000,0.48989084,0,0.0000000000,4.250000,0.250000,4.250000,5,0.000000,0,4,0,9941,0,0,0,1.000000,2485.250000,0,4,0,9941,301.750,852,beta_scale_calibration,BG1_first4_high_rate,G,6,9,9,7,2.212,1,0.452080,0-2-1-3,200,4,True,71
G_g2.212_b2,fixed,4.9,4,0,0.00000000,0.00000000,0.48989084,0,0.0000000000,5.250000,0.250000,5.250000,6,0.000000,0,4,0,9941,0,0,0,1.000000,2485.250000,0,4,0,9941,372.750,852,beta_scale_calibration,BG1_first4_high_rate,G,6,9,9,7,2.212,2,0.904159,0-2-1-3,200,4,True,71
G_g2.212_b3,fixed,4.9,4,3,0.75000000,0.30064184,0.95441274,63,0.0018643466,11.500000,0.500000,10.000000,12,0.750000,0,1,3,9941,0,0,0,1.000000,2485.250000,3,1,7464,2477,816.500,852,beta_scale_calibration,BG1_first4_high_rate,G,6,9,9,7,2.212,3,1.356239,0-2-1-3,200,4,True,71
G_g2.212_b4,fixed,4.9,4,4,1.00000000,0.51010916,1.00000000,300,0.0088778409,12.000000,0.000000,0.000000,12,1.000000,0,0,4,9941,0,0,0,1.000000,2485.250000,4,0,9941,0,852.000,852,beta_scale_calibration,BG1_first4_high_rate,G,6,9,9,7,2.212,4,1.808318,0-2-1-3,200,4,True,71
G_g2.212_b5,fixed,4.9,4,4,1.00000000,0.51010916,1.00000000,270,0.0079900568,12.000000,0.000000,0.000000,12,1.000000,0,0,4,9941,0,0,0,1.000000,2485.250000,4,0,9941,0,852.000,852,beta_scale_calibration,BG1_first4_high_rate,G,6,9,9,7,2.212,5,2.260398,0-2-1-3,200,4,True,71
G_g2.212_b6,fixed,4.9,4,4,1.00000000,0.51010916,1.00000000,251,0.0074277936,12.000000,0.000000,0.000000,12,1.000000,0,0,4,9941,0,0,0,1.000000,2485.250000,4,0,9941,0,852.000,852,beta_scale_calibration,BG1_first4_high_rate,G,6,9,9,7,2.212,6,2.712477,0-2-1-3,200,4,True,71
G_g2.212_b7,fixed,4.9,4,4,1.00000000,0.51010916,1.00000000,236,0.0069839015,12.000000,0.000000,0.000000,12,1.000000,0,0,4,9941,0,0,0,1.000000,2485.250000,4,0,9941,0,852.000,852,beta_scale_calibration,BG1_first4_high_rate,G,6,9,9,7,2.212,7,3.164557,0-2-1-3,200,4,True,71
G_g3.0_b0,fixed,4.9,4,0,0.00000000,0.00000000,0.48989084,0,0.0000000000,4.250000,0.250000,4.250000,5,0.000000,0,4,0,21034,0,0,0,1.000000,5258.500000,0,4,0,21034,301.750,852,beta_scale_calibration,BG1_first4_high_rate,G,6,9,9,7,3.0,0,0.000000,0-2-1-3,200,4,True,71
G_g3.0_b1,fixed,4.9,4,0,0.00000000,0.00000000,0.48989084,0,0.0000000000,4.000000,0.000000,4.000000,4,0.000000,0,4,0,21034,0,0,0,1.000000,5258.500000,0,4,0,21034,284.000,852,beta_scale_calibration,BG1_first4_high_rate,G,6,9,9,7,3.0,1,0.333333,0-2-1-3,200,4,True,71
G_g3.0_b2,fixed,4.9,4,0,0.00000000,0.00000000,0.48989084,0,0.0000000000,4.500000,0.288675,4.500000,5,0.000000,0,4,0,21034,0,0,0,1.000000,5258.500000,0,4,0,21034,319.500,852,beta_scale_calibration,BG1_first4_high_rate,G,6,9,9,7,3.0,2,0.666667,0-2-1-3,200,4,True,71
G_g3.0_b3,fixed,4.9,4,0,0.00000000,0.00000000,0.48989084,0,0.0000000000,6.000000,0.408248,6.000000,7,0.000000,0,4,0,21034,0,2,0,1.000000,5259.000000,0,4,0,21036,426.000,852,beta_scale_calibration,BG1_first4_high_rate,G,6,9,9,7,3.0,3,1.000000,0-2-1-3,200,4,True,71
G_g3.0_b4,fixed,4.9,4,3,0.75000000,0.30064184,0.95441274,18,0.0005326705,11.250000,0.750000,9.000000,12,0.750000,0,1,3,21034,0,0,0,1.000000,5258.500000,3,1,15766,5268,798.750,852,beta_scale_calibration,BG1_first4_high_rate,G,6,9,9,7,3.0,4,1.333333,0-2-1-3,200,4,True,71
G_g3.0_b5,fixed,4.9,4,4,1.00000000,0.51010916,1.00000000,316,0.0093513258,12.000000,0.000000,0.000000,12,1.000000,0,0,4,21034,0,0,0,1.000000,5258.500000,4,0,21034,0,852.000,852,beta_scale_calibration,BG1_first4_high_rate,G,6,9,9,7,3.0,5,1.666667,0-2-1-3,200,4,True,71
G_g3.0_b6,fixed,4.9,4,4,1.00000000,0.51010916,1.00000000,298,0.0088186553,12.000000,0.000000,0.000000,12,1.000000,0,0,4,21034,0,0,0,1.000000,5258.500000,4,0,21034,0,852.000,852,beta_scale_calibration,BG1_first4_high_rate,G,6,9,9,7,3.0,6,2.000000,0-2-1-3,200,4,True,71
G_g3.0_b7,fixed,4.9,4,4,1.00000000,0.51010916,1.00000000,274,0.0081084280,12.000000,0.000000,0.000000,12,1.000000,0,0,4,21034,0,0,0,1.000000,5258.500000,4,0,21034,0,852.000,852,beta_scale_calibration,BG1_first4_high_rate,G,6,9,9,7,3.0,7,2.333333,0-2-1-3,200,4,True,71
G_g4.0_b0,fixed,4.9,4,0,0.00000000,0.00000000,0.48989084,0,0.0000000000,4.250000,0.250000,4.250000,5,0.000000,0,4,0,28326,0,9,0,1.000000,7083.750000,0,4,0,28335,301.750,852,beta_scale_calibration,BG1_first4_high_rate,G,6,9,9,7,4.0,0,0.000000,0-2-1-3,200,4,True,71
G_g4.0_b1,fixed,4.9,4,0,0.00000000,0.00000000,0.48989084,0,0.0000000000,4.000000,0.000000,4.000000,4,0.000000,0,4,0,28326,0,10,0,1.000000,7084.000000,0,4,0,28336,284.000,852,beta_scale_calibration,BG1_first4_high_rate,G,6,9,9,7,4.0,1,0.250000,0-2-1-3,200,4,True,71
G_g4.0_b2,fixed,4.9,4,0,0.00000000,0.00000000,0.48989084,0,0.0000000000,4.000000,0.000000,4.000000,4,0.000000,0,4,0,28326,0,0,0,1.000000,7081.500000,0,4,0,28326,284.000,852,beta_scale_calibration,BG1_first4_high_rate,G,6,9,9,7,4.0,2,0.500000,0-2-1-3,200,4,True,71
G_g4.0_b3,fixed,4.9,4,0,0.00000000,0.00000000,0.48989084,0,0.0000000000,4.750000,0.478714,4.750000,6,0.000000,0,4,0,28326,0,3206,1,1.000000,7883.250000,0,4,0,31533,337.250,852,beta_scale_calibration,BG1_first4_high_rate,G,6,9,9,7,4.0,3,0.750000,0-2-1-3,200,4,True,71
G_g4.0_b4,fixed,4.9,4,0,0.00000000,0.00000000,0.48989084,0,0.0000000000,6.000000,0.408248,6.000000,7,0.000000,0,4,0,28326,0,145,0,1.000000,7117.750000,0,4,0,28471,426.000,852,beta_scale_calibration,BG1_first4_high_rate,G,6,9,9,7,4.0,4,1.000000,0-2-1-3,200,4,True,71
G_g4.0_b5,fixed,4.9,4,0,0.00000000,0.00000000,0.48989084,0,0.0000000000,9.000000,0.707107,9.000000,10,0.000000,0,4,0,28326,0,0,0,1.000000,7081.500000,0,4,0,28326,639.000,852,beta_scale_calibration,BG1_first4_high_rate,G,6,9,9,7,4.0,5,1.250000,0-2-1-3,200,4,True,71
G_g4.0_b6,fixed,4.9,4,4,1.00000000,0.51010916,1.00000000,288,0.0085227273,12.000000,0.000000,0.000000,12,1.000000,0,0,4,28326,0,0,0,1.000000,7081.500000,4,0,28326,0,852.000,852,beta_scale_calibration,BG1_first4_high_rate,G,6,9,9,7,4.0,6,1.500000,0-2-1-3,200,4,True,71
G_g4.0_b7,fixed,4.9,4,4,1.00000000,0.51010916,1.00000000,321,0.0094992898,12.000000,0.000000,0.000000,12,1.000000,0,0,4,28326,0,0,0,1.000000,7081.500000,4,0,28326,0,852.000,852,beta_scale_calibration,BG1_first4_high_rate,G,6,9,9,7,4.0,7,1.750000,0-2-1-3,200,4,True,71
G_g6.0_b0,fixed,4.9,4,0,0.00000000,0.00000000,0.48989084,0,0.0000000000,5.000000,0.408248,5.000000,6,0.000000,0,4,0,33215,0,8029,3,1.000000,10311.750000,0,4,0,41247,355.000,852,beta_scale_calibration,BG1_first4_high_rate,G,6,9,9,7,6.0,0,0.000000,0-2-1-3,200,4,True,71
G_g6.0_b1,fixed,4.9,4,0,0.00000000,0.00000000,0.48989084,0,0.0000000000,4.500000,0.288675,4.500000,5,0.000000,0,4,0,33215,0,8980,732,1.000000,10731.750000,0,4,0,42927,319.500,852,beta_scale_calibration,BG1_first4_high_rate,G,6,9,9,7,6.0,1,0.166667,0-2-1-3,200,4,True,71
G_g6.0_b2,fixed,4.9,4,0,0.00000000,0.00000000,0.48989084,0,0.0000000000,4.250000,0.250000,4.250000,5,0.000000,0,4,0,33215,0,303,0,1.000000,8379.500000,0,4,0,33518,301.750,852,beta_scale_calibration,BG1_first4_high_rate,G,6,9,9,7,6.0,2,0.333333,0-2-1-3,200,4,True,71
G_g6.0_b3,fixed,4.9,4,0,0.00000000,0.00000000,0.48989084,0,0.0000000000,4.250000,0.250000,4.250000,5,0.000000,0,4,0,33215,0,172,0,1.000000,8346.750000,0,4,0,33387,301.750,852,beta_scale_calibration,BG1_first4_high_rate,G,6,9,9,7,6.0,3,0.500000,0-2-1-3,200,4,True,71
G_g6.0_b4,fixed,4.9,4,0,0.00000000,0.00000000,0.48989084,0,0.0000000000,4.750000,0.250000,4.750000,5,0.000000,0,4,0,33215,0,406,0,1.000000,8405.250000,0,4,0,33621,337.250,852,beta_scale_calibration,BG1_first4_high_rate,G,6,9,9,7,6.0,4,0.666667,0-2-1-3,200,4,True,71
G_g6.0_b5,fixed,4.9,4,0,0.00000000,0.00000000,0.48989084,0,0.0000000000,5.500000,0.288675,5.500000,6,0.000000,0,4,0,33215,0,1385,0,1.000000,8650.000000,0,4,0,34600,390.500,852,beta_scale_calibration,BG1_first4_high_rate,G,6,9,9,7,6.0,5,0.833333,0-2-1-3,200,4,True,71
G_g6.0_b6,fixed,4.9,4,0,0.00000000,0.00000000,0.48989084,0,0.0000000000,6.000000,0.408248,6.000000,7,0.000000,0,4,0,33215,0,0,0,1.000000,8303.750000,0,4,0,33215,426.000,852,beta_scale_calibration,BG1_first4_high_rate,G,6,9,9,7,6.0,6,1.000000,0-2-1-3,200,4,True,71
G_g6.0_b7,fixed,4.9,4,0,0.00000000,0.00000000,0.48989084,0,0.0000000000,8.750000,0.629153,8.750000,10,0.000000,0,4,0,33215,0,1,0,1.000000,8304.000000,0,4,0,33216,621.250,852,beta_scale_calibration,BG1_first4_high_rate,G,6,9,9,7,6.0,7,1.166667,0-2-1-3,200,4,True,71
G_g8.0_b0,fixed,4.9,4,0,0.00000000,0.00000000,0.48989084,0,0.0000000000,5.750000,0.478714,5.750000,7,0.000000,0,4,0,34674,0,5059,1,1.000000,9933.500000,0,4,0,39734,408.250,852,beta_scale_calibration,BG1_first4_high_rate,G,6,9,9,7,8.0,0,0.000000,0-2-1-3,200,4,True,71
G_g8.0_b1,fixed,4.9,4,0,0.00000000,0.00000000,0.48989084,0,0.0000000000,5.250000,0.250000,5.250000,6,0.000000,0,4,0,34674,0,1575,0,1.000000,9062.250000,0,4,0,36249,372.750,852,beta_scale_calibration,BG1_first4_high_rate,G,6,9,9,7,8.0,1,0.125000,0-2-1-3,200,4,True,71
G_g8.0_b2,fixed,4.9,4,0,0.00000000,0.00000000,0.48989084,0,0.0000000000,5.000000,0.408248,5.000000,6,0.000000,0,4,0,34674,0,4970,3,1.000000,9911.750000,0,4,0,39647,355.000,852,beta_scale_calibration,BG1_first4_high_rate,G,6,9,9,7,8.0,2,0.250000,0-2-1-3,200,4,True,71
G_g8.0_b3,fixed,4.9,4,0,0.00000000,0.00000000,0.48989084,0,0.0000000000,4.750000,0.250000,4.750000,5,0.000000,0,4,0,34674,0,1093,0,1.000000,8941.750000,0,4,0,35767,337.250,852,beta_scale_calibration,BG1_first4_high_rate,G,6,9,9,7,8.0,3,0.375000,0-2-1-3,200,4,True,71
G_g8.0_b4,fixed,4.9,4,0,0.00000000,0.00000000,0.48989084,0,0.0000000000,5.250000,0.250000,5.250000,6,0.000000,0,4,0,34674,0,4474,6,1.000000,9788.500000,0,4,0,39154,372.750,852,beta_scale_calibration,BG1_first4_high_rate,G,6,9,9,7,8.0,4,0.500000,0-2-1-3,200,4,True,71
G_g8.0_b5,fixed,4.9,4,0,0.00000000,0.00000000,0.48989084,0,0.0000000000,5.250000,0.250000,5.250000,6,0.000000,0,4,0,34674,0,844,0,1.000000,8879.500000,0,4,0,35518,372.750,852,beta_scale_calibration,BG1_first4_high_rate,G,6,9,9,7,8.0,5,0.625000,0-2-1-3,200,4,True,71
G_g8.0_b6,fixed,4.9,4,0,0.00000000,0.00000000,0.48989084,0,0.0000000000,6.000000,0.408248,6.000000,7,0.000000,0,4,0,34674,0,4435,3,1.000000,9778.000000,0,4,0,39112,426.000,852,beta_scale_calibration,BG1_first4_high_rate,G,6,9,9,7,8.0,6,0.750000,0-2-1-3,200,4,True,71
G_g8.0_b7,fixed,4.9,4,0,0.00000000,0.00000000,0.48989084,0,0.0000000000,7.000000,0.408248,7.000000,8,0.000000,0,4,0,34674,0,806,0,1.000000,8870.000000,0,4,0,35480,497.000,852,beta_scale_calibration,BG1_first4_high_rate,G,6,9,9,7,8.0,7,0.875000,0-2-1-3,200,4,True,71
