vector,direction,shift,lane,value_hex
onehot8,forward,1,0,00000000
onehot8,forward,1,1,00000000
onehot8,forward,1,2,0000005a
onehot8,forward,1,3,00000000
onehot8,forward,1,4,00000000
onehot8,forward,1,5,00000000
onehot8,forward,1,6,00000000
onehot8,forward,1,7,00000000
onehot8,forward,1,8,00000000
onehot8,forward,1,9,00000000
onehot8,forward,1,10,00000000
onehot8,forward,1,11,00000000
onehot8,forward,1,12,00000000
onehot8,forward,1,13,00000000
onehot8,forward,1,14,00000000
onehot8,forward,1,15,00000000
onehot8,forward,1,16,00000000
onehot8,forward,1,17,00000000
onehot8,forward,1,18,00000000
onehot8,forward,1,19,00000000
onehot8,forward,1,20,00000000
onehot8,forward,1,21,00000000
onehot8,forward,1,22,00000000
onehot8,forward,1,23,00000000
onehot8,forward,1,24,00000000
onehot8,forward,1,25,00000000
onehot8,forward,1,26,00000000
onehot8,forward,1,27,00000000
onehot8,forward,1,28,00000000
onehot8,forward,1,29,00000000
onehot8,forward,1,30,00000000
onehot8,forward,1,31,00000000
onehot8,forward,1,32,00000000
onehot8,forward,1,33,00000000
onehot8,forward,1,34,00000000
onehot8,forward,1,35,00000000
onehot8,forward,1,36,00000000
onehot8,forward,1,37,00000000
onehot8,forward,1,38,00000000
onehot8,forward,1,39,00000000
onehot8,forward,1,40,00000000
onehot8,forward,1,41,00000000
onehot8,forward,1,42,00000000
onehot8,forward,1,43,00000000
onehot8,forward,1,44,00000000
onehot8,forward,1,45,00000000
onehot8,forward,1,46,00000000
onehot8,forward,1,47,00000000
onehot8,forward,1,48,00000000
onehot8,forward,1,49,00000000
onehot8,forward,1,50,00000000
onehot8,forward,1,51,00000000
onehot8,forward,1,52,00000000
onehot8,forward,1,53,00000000
onehot8,forward,1,54,00000000
onehot8,forward,1,55,00000000
onehot8,forward,1,56,00000000
onehot8,forward,1,57,00000000
onehot8,forward,1,58,00000000
onehot8,forward,1,59,00000000
onehot8,forward,1,60,00000000
onehot8,forward,1,61,00000000
onehot8,forward,1,62,00000000
onehot8,forward,1,63,00000000
onehot8,forward,1,64,00000000
onehot8,forward,1,65,00000000
onehot8,forward,1,66,00000000
onehot8,forward,1,67,00000000
onehot8,forward,1,68,00000000
onehot8,forward,1,69,00000000
onehot8,forward,1,70,00000000
onehot8,forward,1,71,00000000
onehot8,forward,1,72,00000000
onehot8,forward,1,73,00000000
onehot8,forward,1,74,00000000
onehot8,forward,1,75,00000000
onehot8,forward,1,76,00000000
onehot8,forward,1,77,00000000
onehot8,forward,1,78,00000000
onehot8,forward,1,79,00000000
onehot8,forward,1,80,00000000
onehot8,forward,1,81,00000000
onehot8,forward,1,82,00000000
onehot8,forward,1,83,00000000
onehot8,forward,1,84,00000000
onehot8,forward,1,85,00000000
onehot8,forward,1,86,00000000
onehot8,forward,1,87,00000000
onehot8,forward,1,88,00000000
onehot8,forward,1,89,00000000
onehot8,forward,1,90,00000000
onehot8,forward,1,91,00000000
onehot8,forward,1,92,00000000
onehot8,forward,1,93,00000000
onehot8,forward,1,94,00000000
onehot8,forward,1,95,00000000
onehot8,forward,1,96,00000000
onehot8,forward,1,97,00000000
onehot8,forward,1,98,00000000
onehot8,forward,1,99,00000000
onehot8,forward,1,100,00000000
onehot8,forward,1,101,00000000
onehot8,forward,1,102,00000000
onehot8,forward,1,103,00000000
onehot8,forward,1,104,00000000
onehot8,forward,1,105,00000000
onehot8,forward,1,106,00000000
onehot8,forward,1,107,00000000
onehot8,forward,1,108,00000000
onehot8,forward,1,109,00000000
onehot8,forward,1,110,00000000
onehot8,forward,1,111,00000000
onehot8,forward,1,112,00000000
onehot8,forward,1,113,00000000
onehot8,forward,1,114,00000000
onehot8,forward,1,115,00000000
onehot8,forward,1,116,00000000
onehot8,forward,1,117,00000000
onehot8,forward,1,118,00000000
onehot8,forward,1,119,00000000
onehot8,forward,1,120,00000000
onehot8,forward,1,121,00000000
onehot8,forward,1,122,00000000
onehot8,forward,1,123,00000000
onehot8,forward,1,124,00000000
onehot8,forward,1,125,00000000
onehot8,forward,1,126,00000000
onehot8,forward,1,127,00000000
onehot8,forward,1,128,00000000
onehot8,forward,1,129,00000000
onehot8,forward,1,130,00000000
onehot8,forward,1,131,00000000
onehot8,forward,1,132,00000000
onehot8,forward,1,133,00000000
onehot8,forward,1,134,00000000
onehot8,forward,1,135,00000000
onehot8,forward,1,136,00000000
onehot8,forward,1,137,00000000
onehot8,forward,1,138,00000000
onehot8,forward,1,139,00000000
onehot8,forward,1,140,00000000
onehot8,forward,1,141,00000000
onehot8,forward,1,142,00000000
onehot8,forward,1,143,00000000
onehot8,forward,1,144,00000000
onehot8,forward,1,145,00000000
onehot8,forward,1,146,00000000
onehot8,forward,1,147,00000000
onehot8,forward,1,148,00000000
onehot8,forward,1,149,00000000
onehot8,forward,1,150,00000000
onehot8,forward,1,151,00000000
onehot8,forward,1,152,00000000
onehot8,forward,1,153,00000000
onehot8,forward,1,154,00000000
onehot8,forward,1,155,00000000
onehot8,forward,1,156,00000000
onehot8,forward,1,157,00000000
onehot8,forward,1,158,00000000
onehot8,forward,1,159,00000000
onehot8,forward,1,160,00000000
onehot8,forward,1,161,00000000
onehot8,forward,1,162,00000000
onehot8,forward,1,163,00000000
onehot8,forward,1,164,00000000
onehot8,forward,1,165,00000000
onehot8,forward,1,166,00000000
onehot8,forward,1,167,00000000
onehot8,forward,1,168,00000000
onehot8,forward,1,169,00000000
onehot8,forward,1,170,00000000
onehot8,forward,1,171,00000000
onehot8,forward,1,172,00000000
onehot8,forward,1,173,00000000
onehot8,forward,1,174,00000000
onehot8,forward,1,175,00000000
onehot8,forward,1,176,00000000
onehot8,forward,1,177,00000000
onehot8,forward,1,178,00000000
onehot8,forward,1,179,00000000
onehot8,forward,1,180,00000000
onehot8,forward,1,181,00000000
onehot8,forward,1,182,00000000
onehot8,forward,1,183,00000000
onehot8,forward,1,184,00000000
onehot8,forward,1,185,00000000
onehot8,forward,1,186,00000000
onehot8,forward,1,187,00000000
onehot8,forward,1,188,00000000
onehot8,forward,1,189,00000000
onehot8,forward,1,190,00000000
onehot8,forward,1,191,00000000
onehot8,forward,1,192,00000000
onehot8,forward,1,193,00000000
onehot8,forward,1,194,00000000
onehot8,forward,1,195,00000000
onehot8,forward,1,196,00000000
onehot8,forward,1,197,00000000
onehot8,forward,1,198,00000000
onehot8,forward,1,199,00000000
onehot8,forward,1,200,00000000
onehot8,forward,1,201,00000000
onehot8,forward,1,202,00000000
onehot8,forward,1,203,00000000
onehot8,forward,1,204,00000000
onehot8,forward,1,205,00000000
onehot8,forward,1,206,00000000
onehot8,forward,1,207,00000000
onehot8,forward,1,208,00000000
onehot8,forward,1,209,00000000
onehot8,forward,1,210,00000000
onehot8,forward,1,211,00000000
onehot8,forward,1,212,00000000
onehot8,forward,1,213,00000000
onehot8,forward,1,214,00000000
onehot8,forward,1,215,00000000
onehot8,forward,1,216,00000000
onehot8,forward,1,217,00000000
onehot8,forward,1,218,00000000
onehot8,forward,1,219,00000000
onehot8,forward,1,220,00000000
onehot8,forward,1,221,00000000
onehot8,forward,1,222,00000000
onehot8,forward,1,223,00000000
onehot8,forward,1,224,00000000
onehot8,forward,1,225,00000000
onehot8,forward,1,226,00000000
onehot8,forward,1,227,00000000
onehot8,forward,1,228,00000000
onehot8,forward,1,229,00000000
onehot8,forward,1,230,00000000
onehot8,forward,1,231,00000000
onehot8,forward,1,232,00000000
onehot8,forward,1,233,00000000
onehot8,forward,1,234,00000000
onehot8,forward,1,235,00000000
onehot8,forward,1,236,00000000
onehot8,forward,1,237,00000000
onehot8,forward,1,238,00000000
onehot8,forward,1,239,00000000
onehot8,forward,1,240,00000000
onehot8,forward,1,241,00000000
onehot8,forward,1,242,00000000
onehot8,forward,1,243,00000000
onehot8,forward,1,244,00000000
onehot8,forward,1,245,00000000
onehot8,forward,1,246,00000000
onehot8,forward,1,247,00000000
onehot8,forward,1,248,00000000
onehot8,forward,1,249,00000000
onehot8,forward,1,250,00000000
onehot8,forward,1,251,00000000
onehot8,forward,1,252,00000000
onehot8,forward,1,253,00000000
onehot8,forward,1,254,00000000
onehot8,forward,1,255,00000000
onehot8,forward,1,256,00000000
onehot8,forward,1,257,00000000
onehot8,forward,1,258,00000000
onehot8,forward,1,259,00000000
onehot8,forward,1,260,00000000
onehot8,forward,1,261,00000000
onehot8,forward,1,262,00000000
onehot8,forward,1,263,00000000
onehot8,forward,1,264,00000000
onehot8,forward,1,265,00000000
onehot8,forward,1,266,00000000
onehot8,forward,1,267,00000000
onehot8,forward,1,268,00000000
onehot8,forward,1,269,00000000
onehot8,forward,1,270,00000000
onehot8,forward,1,271,00000000
onehot8,forward,1,272,00000000
onehot8,forward,1,273,00000000
onehot8,forward,1,274,00000000
onehot8,forward,1,275,00000000
onehot8,forward,1,276,00000000
onehot8,forward,1,277,00000000
onehot8,forward,1,278,00000000
onehot8,forward,1,279,00000000
onehot8,forward,1,280,00000000
onehot8,forward,1,281,00000000
onehot8,forward,1,282,00000000
onehot8,forward,1,283,00000000
onehot8,forward,1,284,00000000
onehot8,forward,1,285,00000000
onehot8,forward,1,286,00000000
onehot8,forward,1,287,00000000
onehot8,forward,1,288,00000000
onehot8,forward,1,289,00000000
onehot8,forward,1,290,00000000
onehot8,forward,1,291,00000000
onehot8,forward,1,292,00000000
onehot8,forward,1,293,00000000
onehot8,forward,1,294,00000000
onehot8,forward,1,295,00000000
onehot8,forward,1,296,00000000
onehot8,forward,1,297,00000000
onehot8,forward,1,298,00000000
onehot8,forward,1,299,00000000
onehot8,forward,1,300,00000000
onehot8,forward,1,301,00000000
onehot8,forward,1,302,00000000
onehot8,forward,1,303,00000000
onehot8,forward,1,304,00000000
onehot8,forward,1,305,00000000
onehot8,forward,1,306,00000000
onehot8,forward,1,307,00000000
onehot8,forward,1,308,00000000
onehot8,forward,1,309,00000000
onehot8,forward,1,310,00000000
onehot8,forward,1,311,00000000
onehot8,forward,1,312,00000000
onehot8,forward,1,313,00000000
onehot8,forward,1,314,00000000
onehot8,forward,1,315,00000000
onehot8,forward,1,316,00000000
onehot8,forward,1,317,00000000
onehot8,forward,1,318,00000000
onehot8,forward,1,319,00000000
onehot8,forward,1,320,00000000
onehot8,forward,1,321,00000000
onehot8,forward,1,322,00000000
onehot8,forward,1,323,00000000
onehot8,forward,1,324,00000000
onehot8,forward,1,325,00000000
onehot8,forward,1,326,00000000
onehot8,forward,1,327,00000000
onehot8,forward,1,328,00000000
onehot8,forward,1,329,00000000
onehot8,forward,1,330,00000000
onehot8,forward,1,331,00000000
onehot8,forward,1,332,00000000
onehot8,forward,1,333,00000000
onehot8,forward,1,334,00000000
onehot8,forward,1,335,00000000
onehot8,forward,1,336,00000000
onehot8,forward,1,337,00000000
onehot8,forward,1,338,00000000
onehot8,forward,1,339,00000000
onehot8,forward,1,340,00000000
onehot8,forward,1,341,00000000
onehot8,forward,1,342,00000000
onehot8,forward,1,343,00000000
onehot8,forward,1,344,00000000
onehot8,forward,1,345,00000000
onehot8,forward,1,346,00000000
onehot8,forward,1,347,00000000
onehot8,forward,1,348,00000000
onehot8,forward,1,349,00000000
onehot8,forward,1,350,00000000
onehot8,forward,1,351,00000000
onehot8,forward,1,352,00000000
onehot8,forward,1,353,00000000
onehot8,forward,1,354,00000000
onehot8,forward,1,355,00000000
onehot8,forward,1,356,00000000
onehot8,forward,1,357,00000000
onehot8,forward,1,358,00000000
onehot8,forward,1,359,00000000
onehot8,forward,1,360,00000000
onehot8,forward,1,361,00000000
onehot8,forward,1,362,00000000
onehot8,forward,1,363,00000000
onehot8,forward,1,364,00000000
onehot8,forward,1,365,00000000
onehot8,forward,1,366,00000000
onehot8,forward,1,367,00000000
onehot8,forward,1,368,00000000
onehot8,forward,1,369,00000000
onehot8,forward,1,370,00000000
onehot8,forward,1,371,00000000
onehot8,forward,1,372,00000000
onehot8,forward,1,373,00000000
onehot8,forward,1,374,00000000
onehot8,forward,1,375,00000000
onehot8,forward,1,376,00000000
onehot8,forward,1,377,00000000
onehot8,forward,1,378,00000000
onehot8,forward,1,379,00000000
onehot8,forward,1,380,00000000
onehot8,forward,1,381,00000000
onehot8,forward,1,382,00000000
onehot8,forward,1,383,00000000
packing8,forward,0,0,000000a0
packing8,forward,0,1,000000b1
packing8,forward,0,2,00000000
packing8,forward,0,3,00000000
packing8,forward,0,4,00000000
packing8,forward,0,5,00000000
packing8,forward,0,6,00000000
packing8,forward,0,7,00000000
packing8,forward,0,8,00000000
packing8,forward,0,9,00000000
packing8,forward,0,10,00000000
packing8,forward,0,11,00000000
packing8,forward,0,12,00000000
packing8,forward,0,13,00000000
packing8,forward,0,14,00000000
packing8,forward,0,15,00000000
packing8,forward,0,16,00000000
packing8,forward,0,17,00000000
packing8,forward,0,18,00000000
packing8,forward,0,19,00000000
packing8,forward,0,20,00000000
packing8,forward,0,21,00000000
packing8,forward,0,22,00000000
packing8,forward,0,23,00000000
packing8,forward,0,24,00000000
packing8,forward,0,25,00000000
packing8,forward,0,26,00000000
packing8,forward,0,27,00000000
packing8,forward,0,28,00000000
packing8,forward,0,29,00000000
packing8,forward,0,30,00000000
packing8,forward,0,31,00000000
packing8,forward,0,32,00000000
packing8,forward,0,33,00000000
packing8,forward,0,34,00000000
packing8,forward,0,35,00000000
packing8,forward,0,36,00000000
packing8,forward,0,37,00000000
packing8,forward,0,38,00000000
packing8,forward,0,39,00000000
packing8,forward,0,40,00000000
packing8,forward,0,41,00000000
packing8,forward,0,42,00000000
packing8,forward,0,43,00000000
packing8,forward,0,44,00000000
packing8,forward,0,45,00000000
packing8,forward,0,46,00000000
packing8,forward,0,47,00000000
packing8,forward,0,48,00000000
packing8,forward,0,49,00000000
packing8,forward,0,50,00000000
packing8,forward,0,51,00000000
packing8,forward,0,52,00000000
packing8,forward,0,53,00000000
packing8,forward,0,54,00000000
packing8,forward,0,55,00000000
packing8,forward,0,56,00000000
packing8,forward,0,57,00000000
packing8,forward,0,58,00000000
packing8,forward,0,59,00000000
packing8,forward,0,60,00000000
packing8,forward,0,61,00000000
packing8,forward,0,62,00000000
packing8,forward,0,63,00000000
packing8,forward,0,64,00000000
packing8,forward,0,65,00000000
packing8,forward,0,66,00000000
packing8,forward,0,67,00000000
packing8,forward,0,68,00000000
packing8,forward,0,69,00000000
packing8,forward,0,70,00000000
packing8,forward,0,71,00000000
packing8,forward,0,72,00000000
packing8,forward,0,73,00000000
packing8,forward,0,74,00000000
packing8,forward,0,75,00000000
packing8,forward,0,76,00000000
packing8,forward,0,77,00000000
packing8,forward,0,78,00000000
packing8,forward,0,79,00000000
packing8,forward,0,80,00000000
packing8,forward,0,81,00000000
packing8,forward,0,82,00000000
packing8,forward,0,83,00000000
packing8,forward,0,84,00000000
packing8,forward,0,85,00000000
packing8,forward,0,86,00000000
packing8,forward,0,87,00000000
packing8,forward,0,88,00000000
packing8,forward,0,89,00000000
packing8,forward,0,90,00000000
packing8,forward,0,91,00000000
packing8,forward,0,92,00000000
packing8,forward,0,93,00000000
packing8,forward,0,94,00000000
packing8,forward,0,95,00000000
packing8,forward,0,96,00000000
packing8,forward,0,97,00000000
packing8,forward,0,98,00000000
packing8,forward,0,99,00000000
packing8,forward,0,100,00000000
packing8,forward,0,101,00000000
packing8,forward,0,102,00000000
packing8,forward,0,103,00000000
packing8,forward,0,104,00000000
packing8,forward,0,105,00000000
packing8,forward,0,106,00000000
packing8,forward,0,107,00000000
packing8,forward,0,108,00000000
packing8,forward,0,109,00000000
packing8,forward,0,110,00000000
packing8,forward,0,111,00000000
packing8,forward,0,112,00000000
packing8,forward,0,113,00000000
packing8,forward,0,114,00000000
packing8,forward,0,115,00000000
packing8,forward,0,116,00000000
packing8,forward,0,117,00000000
packing8,forward,0,118,00000000
packing8,forward,0,119,00000000
packing8,forward,0,120,00000000
packing8,forward,0,121,00000000
packing8,forward,0,122,00000000
packing8,forward,0,123,00000000
packing8,forward,0,124,00000000
packing8,forward,0,125,00000000
packing8,forward,0,126,00000000
packing8,forward,0,127,00000000
packing8,forward,0,128,00000000
packing8,forward,0,129,00000000
packing8,forward,0,130,00000000
packing8,forward,0,131,00000000
packing8,forward,0,132,00000000
packing8,forward,0,133,00000000
packing8,forward,0,134,00000000
packing8,forward,0,135,00000000
packing8,forward,0,136,00000000
packing8,forward,0,137,00000000
packing8,forward,0,138,00000000
packing8,forward,0,139,00000000
packing8,forward,0,140,00000000
packing8,forward,0,141,00000000
packing8,forward,0,142,00000000
packing8,forward,0,143,00000000
packing8,forward,0,144,00000000
packing8,forward,0,145,00000000
packing8,forward,0,146,00000000
packing8,forward,0,147,00000000
packing8,forward,0,148,00000000
packing8,forward,0,149,00000000
packing8,forward,0,150,00000000
packing8,forward,0,151,00000000
packing8,forward,0,152,00000000
packing8,forward,0,153,00000000
packing8,forward,0,154,00000000
packing8,forward,0,155,00000000
packing8,forward,0,156,00000000
packing8,forward,0,157,00000000
packing8,forward,0,158,00000000
packing8,forward,0,159,00000000
packing8,forward,0,160,00000000
packing8,forward,0,161,00000000
packing8,forward,0,162,00000000
packing8,forward,0,163,00000000
packing8,forward,0,164,00000000
packing8,forward,0,165,00000000
packing8,forward,0,166,00000000
packing8,forward,0,167,00000000
packing8,forward,0,168,00000000
packing8,forward,0,169,00000000
packing8,forward,0,170,00000000
packing8,forward,0,171,00000000
packing8,forward,0,172,00000000
packing8,forward,0,173,00000000
packing8,forward,0,174,00000000
packing8,forward,0,175,00000000
packing8,forward,0,176,00000000
packing8,forward,0,177,00000000
packing8,forward,0,178,00000000
packing8,forward,0,179,00000000
packing8,forward,0,180,00000000
packing8,forward,0,181,00000000
packing8,forward,0,182,00000000
packing8,forward,0,183,00000000
packing8,forward,0,184,00000000
packing8,forward,0,185,00000000
packing8,forward,0,186,00000000
packing8,forward,0,187,00000000
packing8,forward,0,188,00000000
packing8,forward,0,189,00000000
packing8,forward,0,190,00000000
packing8,forward,0,191,00000000
packing8,forward,0,192,00000000
packing8,forward,0,193,00000000
packing8,forward,0,194,00000000
packing8,forward,0,195,00000000
packing8,forward,0,196,00000000
packing8,forward,0,197,00000000
packing8,forward,0,198,00000000
packing8,forward,0,199,00000000
packing8,forward,0,200,00000000
packing8,forward,0,201,00000000
packing8,forward,0,202,00000000
packing8,forward,0,203,00000000
packing8,forward,0,204,00000000
packing8,forward,0,205,00000000
packing8,forward,0,206,00000000
packing8,forward,0,207,00000000
packing8,forward,0,208,00000000
packing8,forward,0,209,00000000
packing8,forward,0,210,00000000
packing8,forward,0,211,00000000
packing8,forward,0,212,00000000
packing8,forward,0,213,00000000
packing8,forward,0,214,00000000
packing8,forward,0,215,00000000
packing8,forward,0,216,00000000
packing8,forward,0,217,00000000
packing8,forward,0,218,00000000
packing8,forward,0,219,00000000
packing8,forward,0,220,00000000
packing8,forward,0,221,00000000
packing8,forward,0,222,00000000
packing8,forward,0,223,00000000
packing8,forward,0,224,00000000
packing8,forward,0,225,00000000
packing8,forward,0,226,00000000
packing8,forward,0,227,00000000
packing8,forward,0,228,00000000
packing8,forward,0,229,00000000
packing8,forward,0,230,00000000
packing8,forward,0,231,00000000
packing8,forward,0,232,00000000
packing8,forward,0,233,00000000
packing8,forward,0,234,00000000
packing8,forward,0,235,00000000
packing8,forward,0,236,00000000
packing8,forward,0,237,00000000
packing8,forward,0,238,00000000
packing8,forward,0,239,00000000
packing8,forward,0,240,00000000
packing8,forward,0,241,00000000
packing8,forward,0,242,00000000
packing8,forward,0,243,00000000
packing8,forward,0,244,00000000
packing8,forward,0,245,00000000
packing8,forward,0,246,00000000
packing8,forward,0,247,00000000
packing8,forward,0,248,00000000
packing8,forward,0,249,00000000
packing8,forward,0,250,00000000
packing8,forward,0,251,00000000
packing8,forward,0,252,00000000
packing8,forward,0,253,00000000
packing8,forward,0,254,00000000
packing8,forward,0,255,00000000
packing8,forward,0,256,00000000
packing8,forward,0,257,00000000
packing8,forward,0,258,00000000
packing8,forward,0,259,00000000
packing8,forward,0,260,00000000
packing8,forward,0,261,00000000
packing8,forward,0,262,00000000
packing8,forward,0,263,00000000
packing8,forward,0,264,00000000
packing8,forward,0,265,00000000
packing8,forward,0,266,00000000
packing8,forward,0,267,00000000
packing8,forward,0,268,00000000
packing8,forward,0,269,00000000
packing8,forward,0,270,00000000
packing8,forward,0,271,00000000
packing8,forward,0,272,00000000
packing8,forward,0,273,00000000
packing8,forward,0,274,00000000
packing8,forward,0,275,00000000
packing8,forward,0,276,00000000
packing8,forward,0,277,00000000
packing8,forward,0,278,00000000
packing8,forward,0,279,00000000
packing8,forward,0,280,00000000
packing8,forward,0,281,00000000
packing8,forward,0,282,00000000
packing8,forward,0,283,00000000
packing8,forward,0,284,00000000
packing8,forward,0,285,00000000
packing8,forward,0,286,00000000
packing8,forward,0,287,00000000
packing8,forward,0,288,00000000
packing8,forward,0,289,00000000
packing8,forward,0,290,00000000
packing8,forward,0,291,00000000
packing8,forward,0,292,00000000
packing8,forward,0,293,00000000
packing8,forward,0,294,00000000
packing8,forward,0,295,00000000
packing8,forward,0,296,00000000
packing8,forward,0,297,00000000
packing8,forward,0,298,00000000
packing8,forward,0,299,00000000
packing8,forward,0,300,00000000
packing8,forward,0,301,00000000
packing8,forward,0,302,00000000
packing8,forward,0,303,00000000
packing8,forward,0,304,00000000
packing8,forward,0,305,00000000
packing8,forward,0,306,00000000
packing8,forward,0,307,00000000
packing8,forward,0,308,00000000
packing8,forward,0,309,00000000
packing8,forward,0,310,00000000
packing8,forward,0,311,00000000
packing8,forward,0,312,00000000
packing8,forward,0,313,00000000
packing8,forward,0,314,00000000
packing8,forward,0,315,00000000
packing8,forward,0,316,00000000
packing8,forward,0,317,00000000
packing8,forward,0,318,00000000
packing8,forward,0,319,00000000
packing8,forward,0,320,00000000
packing8,forward,0,321,00000000
packing8,forward,0,322,00000000
packing8,forward,0,323,00000000
packing8,forward,0,324,00000000
packing8,forward,0,325,00000000
packing8,forward,0,326,00000000
packing8,forward,0,327,00000000
packing8,forward,0,328,00000000
packing8,forward,0,329,00000000
packing8,forward,0,330,00000000
packing8,forward,0,331,00000000
packing8,forward,0,332,00000000
packing8,forward,0,333,00000000
packing8,forward,0,334,00000000
packing8,forward,0,335,00000000
packing8,forward,0,336,00000000
packing8,forward,0,337,00000000
packing8,forward,0,338,00000000
packing8,forward,0,339,00000000
packing8,forward,0,340,00000000
packing8,forward,0,341,00000000
packing8,forward,0,342,00000000
packing8,forward,0,343,00000000
packing8,forward,0,344,00000000
packing8,forward,0,345,00000000
packing8,forward,0,346,00000000
packing8,forward,0,347,00000000
packing8,forward,0,348,00000000
packing8,forward,0,349,00000000
packing8,forward,0,350,00000000
packing8,forward,0,351,00000000
packing8,forward,0,352,00000000
packing8,forward,0,353,00000000
packing8,forward,0,354,00000000
packing8,forward,0,355,00000000
packing8,forward,0,356,00000000
packing8,forward,0,357,00000000
packing8,forward,0,358,00000000
packing8,forward,0,359,00000000
packing8,forward,0,360,00000000
packing8,forward,0,361,00000000
packing8,forward,0,362,00000000
packing8,forward,0,363,00000000
packing8,forward,0,364,00000000
packing8,forward,0,365,00000000
packing8,forward,0,366,00000000
packing8,forward,0,367,00000000
packing8,forward,0,368,00000000
packing8,forward,0,369,00000000
packing8,forward,0,370,00000000
packing8,forward,0,371,00000000
packing8,forward,0,372,00000000
packing8,forward,0,373,00000000
packing8,forward,0,374,00000000
packing8,forward,0,375,00000000
packing8,forward,0,376,00000000
packing8,forward,0,377,00000000
packing8,forward,0,378,00000000
packing8,forward,0,379,00000000
packing8,forward,0,380,00000000
packing8,forward,0,381,00000000
packing8,forward,0,382,00000000
packing8,forward,0,383,000000c3
packing8,inverse,0,0,000000a0
packing8,inverse,0,1,000000b1
packing8,inverse,0,2,00000000
packing8,inverse,0,3,00000000
packing8,inverse,0,4,00000000
packing8,inverse,0,5,00000000
packing8,inverse,0,6,00000000
packing8,inverse,0,7,00000000
packing8,inverse,0,8,00000000
packing8,inverse,0,9,00000000
packing8,inverse,0,10,00000000
packing8,inverse,0,11,00000000
packing8,inverse,0,12,00000000
packing8,inverse,0,13,00000000
packing8,inverse,0,14,00000000
packing8,inverse,0,15,00000000
packing8,inverse,0,16,00000000
packing8,inverse,0,17,00000000
packing8,inverse,0,18,00000000
packing8,inverse,0,19,00000000
packing8,inverse,0,20,00000000
packing8,inverse,0,21,00000000
packing8,inverse,0,22,00000000
packing8,inverse,0,23,00000000
packing8,inverse,0,24,00000000
packing8,inverse,0,25,00000000
packing8,inverse,0,26,00000000
packing8,inverse,0,27,00000000
packing8,inverse,0,28,00000000
packing8,inverse,0,29,00000000
packing8,inverse,0,30,00000000
packing8,inverse,0,31,00000000
packing8,inverse,0,32,00000000
packing8,inverse,0,33,00000000
packing8,inverse,0,34,00000000
packing8,inverse,0,35,00000000
packing8,inverse,0,36,00000000
packing8,inverse,0,37,00000000
packing8,inverse,0,38,00000000
packing8,inverse,0,39,00000000
packing8,inverse,0,40,00000000
packing8,inverse,0,41,00000000
packing8,inverse,0,42,00000000
packing8,inverse,0,43,00000000
packing8,inverse,0,44,00000000
packing8,inverse,0,45,00000000
packing8,inverse,0,46,00000000
packing8,inverse,0,47,00000000
packing8,inverse,0,48,00000000
packing8,inverse,0,49,00000000
packing8,inverse,0,50,00000000
packing8,inverse,0,51,00000000
packing8,inverse,0,52,00000000
packing8,inverse,0,53,00000000
packing8,inverse,0,54,00000000
packing8,inverse,0,55,00000000
packing8,inverse,0,56,00000000
packing8,inverse,0,57,00000000
packing8,inverse,0,58,00000000
packing8,inverse,0,59,00000000
packing8,inverse,0,60,00000000
packing8,inverse,0,61,00000000
packing8,inverse,0,62,00000000
packing8,inverse,0,63,00000000
packing8,inverse,0,64,00000000
packing8,inverse,0,65,00000000
packing8,inverse,0,66,00000000
packing8,inverse,0,67,00000000
packing8,inverse,0,68,00000000
packing8,inverse,0,69,00000000
packing8,inverse,0,70,00000000
packing8,inverse,0,71,00000000
packing8,inverse,0,72,00000000
packing8,inverse,0,73,00000000
packing8,inverse,0,74,00000000
packing8,inverse,0,75,00000000
packing8,inverse,0,76,00000000
packing8,inverse,0,77,00000000
packing8,inverse,0,78,00000000
packing8,inverse,0,79,00000000
packing8,inverse,0,80,00000000
packing8,inverse,0,81,00000000
packing8,inverse,0,82,00000000
packing8,inverse,0,83,00000000
packing8,inverse,0,84,00000000
packing8,inverse,0,85,00000000
packing8,inverse,0,86,00000000
packing8,inverse,0,87,00000000
packing8,inverse,0,88,00000000
packing8,inverse,0,89,00000000
packing8,inverse,0,90,00000000
packing8,inverse,0,91,00000000
packing8,inverse,0,92,00000000
packing8,inverse,0,93,00000000
packing8,inverse,0,94,00000000
packing8,inverse,0,95,00000000
packing8,inverse,0,96,00000000
packing8,inverse,0,97,00000000
packing8,inverse,0,98,00000000
packing8,inverse,0,99,00000000
packing8,inverse,0,100,00000000
packing8,inverse,0,101,00000000
packing8,inverse,0,102,00000000
packing8,inverse,0,103,00000000
packing8,inverse,0,104,00000000
packing8,inverse,0,105,00000000
packing8,inverse,0,106,00000000
packing8,inverse,0,107,00000000
packing8,inverse,0,108,00000000
packing8,inverse,0,109,00000000
packing8,inverse,0,110,00000000
packing8,inverse,0,111,00000000
packing8,inverse,0,112,00000000
packing8,inverse,0,113,00000000
packing8,inverse,0,114,00000000
packing8,inverse,0,115,00000000
packing8,inverse,0,116,00000000
packing8,inverse,0,117,00000000
packing8,inverse,0,118,00000000
packing8,inverse,0,119,00000000
packing8,inverse,0,120,00000000
packing8,inverse,0,121,00000000
packing8,inverse,0,122,00000000
packing8,inverse,0,123,00000000
packing8,inverse,0,124,00000000
packing8,inverse,0,125,00000000
packing8,inverse,0,126,00000000
packing8,inverse,0,127,00000000
packing8,inverse,0,128,00000000
packing8,inverse,0,129,00000000
packing8,inverse,0,130,00000000
packing8,inverse,0,131,00000000
packing8,inverse,0,132,00000000
packing8,inverse,0,133,00000000
packing8,inverse,0,134,00000000
packing8,inverse,0,135,00000000
packing8,inverse,0,136,00000000
packing8,inverse,0,137,00000000
packing8,inverse,0,138,00000000
packing8,inverse,0,139,00000000
packing8,inverse,0,140,00000000
packing8,inverse,0,141,00000000
packing8,inverse,0,142,00000000
packing8,inverse,0,143,00000000
packing8,inverse,0,144,00000000
packing8,inverse,0,145,00000000
packing8,inverse,0,146,00000000
packing8,inverse,0,147,00000000
packing8,inverse,0,148,00000000
packing8,inverse,0,149,00000000
packing8,inverse,0,150,00000000
packing8,inverse,0,151,00000000
packing8,inverse,0,152,00000000
packing8,inverse,0,153,00000000
packing8,inverse,0,154,00000000
packing8,inverse,0,155,00000000
packing8,inverse,0,156,00000000
packing8,inverse,0,157,00000000
packing8,inverse,0,158,00000000
packing8,inverse,0,159,00000000
packing8,inverse,0,160,00000000
packing8,inverse,0,161,00000000
packing8,inverse,0,162,00000000
packing8,inverse,0,163,00000000
packing8,inverse,0,164,00000000
packing8,inverse,0,165,00000000
packing8,inverse,0,166,00000000
packing8,inverse,0,167,00000000
packing8,inverse,0,168,00000000
packing8,inverse,0,169,00000000
packing8,inverse,0,170,00000000
packing8,inverse,0,171,00000000
packing8,inverse,0,172,00000000
packing8,inverse,0,173,00000000
packing8,inverse,0,174,00000000
packing8,inverse,0,175,00000000
packing8,inverse,0,176,00000000
packing8,inverse,0,177,00000000
packing8,inverse,0,178,00000000
packing8,inverse,0,179,00000000
packing8,inverse,0,180,00000000
packing8,inverse,0,181,00000000
packing8,inverse,0,182,00000000
packing8,inverse,0,183,00000000
packing8,inverse,0,184,00000000
packing8,inverse,0,185,00000000
packing8,inverse,0,186,00000000
packing8,inverse,0,187,00000000
packing8,inverse,0,188,00000000
packing8,inverse,0,189,00000000
packing8,inverse,0,190,00000000
packing8,inverse,0,191,00000000
packing8,inverse,0,192,00000000
packing8,inverse,0,193,00000000
packing8,inverse,0,194,00000000
packing8,inverse,0,195,00000000
packing8,inverse,0,196,00000000
packing8,inverse,0,197,00000000
packing8,inverse,0,198,00000000
packing8,inverse,0,199,00000000
packing8,inverse,0,200,00000000
packing8,inverse,0,201,00000000
packing8,inverse,0,202,00000000
packing8,inverse,0,203,00000000
packing8,inverse,0,204,00000000
packing8,inverse,0,205,00000000
packing8,inverse,0,206,00000000
packing8,inverse,0,207,00000000
packing8,inverse,0,208,00000000
packing8,inverse,0,209,00000000
packing8,inverse,0,210,00000000
packing8,inverse,0,211,00000000
packing8,inverse,0,212,00000000
packing8,inverse,0,213,00000000
packing8,inverse,0,214,00000000
packing8,inverse,0,215,00000000
packing8,inverse,0,216,00000000
packing8,inverse,0,217,00000000
packing8,inverse,0,218,00000000
packing8,inverse,0,219,00000000
packing8,inverse,0,220,00000000
packing8,inverse,0,221,00000000
packing8,inverse,0,222,00000000
packing8,inverse,0,223,00000000
packing8,inverse,0,224,00000000
packing8,inverse,0,225,00000000
packing8,inverse,0,226,00000000
packing8,inverse,0,227,00000000
packing8,inverse,0,228,00000000
packing8,inverse,0,229,00000000
packing8,inverse,0,230,00000000
packing8,inverse,0,231,00000000
packing8,inverse,0,232,00000000
packing8,inverse,0,233,00000000
packing8,inverse,0,234,00000000
packing8,inverse,0,235,00000000
packing8,inverse,0,236,00000000
packing8,inverse,0,237,00000000
packing8,inverse,0,238,00000000
packing8,inverse,0,239,00000000
packing8,inverse,0,240,00000000
packing8,inverse,0,241,00000000
packing8,inverse,0,242,00000000
packing8,inverse,0,243,00000000
packing8,inverse,0,244,00000000
packing8,inverse,0,245,00000000
packing8,inverse,0,246,00000000
packing8,inverse,0,247,00000000
packing8,inverse,0,248,00000000
packing8,inverse,0,249,00000000
packing8,inverse,0,250,00000000
packing8,inverse,0,251,00000000
packing8,inverse,0,252,00000000
packing8,inverse,0,253,00000000
packing8,inverse,0,254,00000000
packing8,inverse,0,255,00000000
packing8,inverse,0,256,00000000
packing8,inverse,0,257,00000000
packing8,inverse,0,258,00000000
packing8,inverse,0,259,00000000
packing8,inverse,0,260,00000000
packing8,inverse,0,261,00000000
packing8,inverse,0,262,00000000
packing8,inverse,0,263,00000000
packing8,inverse,0,264,00000000
packing8,inverse,0,265,00000000
packing8,inverse,0,266,00000000
packing8,inverse,0,267,00000000
packing8,inverse,0,268,00000000
packing8,inverse,0,269,00000000
packing8,inverse,0,270,00000000
packing8,inverse,0,271,00000000
packing8,inverse,0,272,00000000
packing8,inverse,0,273,00000000
packing8,inverse,0,274,00000000
packing8,inverse,0,275,00000000
packing8,inverse,0,276,00000000
packing8,inverse,0,277,00000000
packing8,inverse,0,278,00000000
packing8,inverse,0,279,00000000
packing8,inverse,0,280,00000000
packing8,inverse,0,281,00000000
packing8,inverse,0,282,00000000
packing8,inverse,0,283,00000000
packing8,inverse,0,284,00000000
packing8,inverse,0,285,00000000
packing8,inverse,0,286,00000000
packing8,inverse,0,287,00000000
packing8,inverse,0,288,00000000
packing8,inverse,0,289,00000000
packing8,inverse,0,290,00000000
packing8,inverse,0,291,00000000
packing8,inverse,0,292,00000000
packing8,inverse,0,293,00000000
packing8,inverse,0,294,00000000
packing8,inverse,0,295,00000000
packing8,inverse,0,296,00000000
packing8,inverse,0,297,00000000
packing8,inverse,0,298,00000000
packing8,inverse,0,299,00000000
packing8,inverse,0,300,00000000
packing8,inverse,0,301,00000000
packing8,inverse,0,302,00000000
packing8,inverse,0,303,00000000
packing8,inverse,0,304,00000000
packing8,inverse,0,305,00000000
packing8,inverse,0,306,00000000
packing8,inverse,0,307,00000000
packing8,inverse,0,308,00000000
packing8,inverse,0,309,00000000
packing8,inverse,0,310,00000000
packing8,inverse,0,311,00000000
packing8,inverse,0,312,00000000
packing8,inverse,0,313,00000000
packing8,inverse,0,314,00000000
packing8,inverse,0,315,00000000
packing8,inverse,0,316,00000000
packing8,inverse,0,317,00000000
packing8,inverse,0,318,00000000
packing8,inverse,0,319,00000000
packing8,inverse,0,320,00000000
packing8,inverse,0,321,00000000
packing8,inverse,0,322,00000000
packing8,inverse,0,323,00000000
packing8,inverse,0,324,00000000
packing8,inverse,0,325,00000000
packing8,inverse,0,326,00000000
packing8,inverse,0,327,00000000
packing8,inverse,0,328,00000000
packing8,inverse,0,329,00000000
packing8,inverse,0,330,00000000
packing8,inverse,0,331,00000000
packing8,inverse,0,332,00000000
packing8,inverse,0,333,00000000
packing8,inverse,0,334,00000000
packing8,inverse,0,335,00000000
packing8,inverse,0,336,00000000
packing8,inverse,0,337,00000000
packing8,inverse,0,338,00000000
packing8,inverse,0,339,00000000
packing8,inverse,0,340,00000000
packing8,inverse,0,341,00000000
packing8,inverse,0,342,00000000
packing8,inverse,0,343,00000000
packing8,inverse,0,344,00000000
packing8,inverse,0,345,00000000
packing8,inverse,0,346,00000000
packing8,inverse,0,347,00000000
packing8,inverse,0,348,00000000
packing8,inverse,0,349,00000000
packing8,inverse,0,350,00000000
packing8,inverse,0,351,00000000
packing8,inverse,0,352,00000000
packing8,inverse,0,353,00000000
packing8,inverse,0,354,00000000
packing8,inverse,0,355,00000000
packing8,inverse,0,356,00000000
packing8,inverse,0,357,00000000
packing8,inverse,0,358,00000000
packing8,inverse,0,359,00000000
packing8,inverse,0,360,00000000
packing8,inverse,0,361,00000000
packing8,inverse,0,362,00000000
packing8,inverse,0,363,00000000
packing8,inverse,0,364,00000000
packing8,inverse,0,365,00000000
packing8,inverse,0,366,00000000
packing8,inverse,0,367,00000000
packing8,inverse,0,368,00000000
packing8,inverse,0,369,00000000
packing8,inverse,0,370,00000000
packing8,inverse,0,371,00000000
packing8,inverse,0,372,00000000
packing8,inverse,0,373,00000000
packing8,inverse,0,374,00000000
packing8,inverse,0,375,00000000
packing8,inverse,0,376,00000000
packing8,inverse,0,377,00000000
packing8,inverse,0,378,00000000
packing8,inverse,0,379,00000000
packing8,inverse,0,380,00000000
packing8,inverse,0,381,00000000
packing8,inverse,0,382,00000000
packing8,inverse,0,383,000000c3
packing8,forward,383,0,000000c3
packing8,forward,383,1,000000a0
packing8,forward,383,2,000000b1
packing8,forward,383,3,00000000
packing8,forward,383,4,00000000
packing8,forward,383,5,00000000
packing8,forward,383,6,00000000
packing8,forward,383,7,00000000
packing8,forward,383,8,00000000
packing8,forward,383,9,00000000
packing8,forward,383,10,00000000
packing8,forward,383,11,00000000
packing8,forward,383,12,00000000
packing8,forward,383,13,00000000
packing8,forward,383,14,00000000
packing8,forward,383,15,00000000
packing8,forward,383,16,00000000
packing8,forward,383,17,00000000
packing8,forward,383,18,00000000
packing8,forward,383,19,00000000
packing8,forward,383,20,00000000
packing8,forward,383,21,00000000
packing8,forward,383,22,00000000
packing8,forward,383,23,00000000
packing8,forward,383,24,00000000
packing8,forward,383,25,00000000
packing8,forward,383,26,00000000
packing8,forward,383,27,00000000
packing8,forward,383,28,00000000
packing8,forward,383,29,00000000
packing8,forward,383,30,00000000
packing8,forward,383,31,00000000
packing8,forward,383,32,00000000
packing8,forward,383,33,00000000
packing8,forward,383,34,00000000
packing8,forward,383,35,00000000
packing8,forward,383,36,00000000
packing8,forward,383,37,00000000
packing8,forward,383,38,00000000
packing8,forward,383,39,00000000
packing8,forward,383,40,00000000
packing8,forward,383,41,00000000
packing8,forward,383,42,00000000
packing8,forward,383,43,00000000
packing8,forward,383,44,00000000
packing8,forward,383,45,00000000
packing8,forward,383,46,00000000
packing8,forward,383,47,00000000
packing8,forward,383,48,00000000
packing8,forward,383,49,00000000
packing8,forward,383,50,00000000
packing8,forward,383,51,00000000
packing8,forward,383,52,00000000
packing8,forward,383,53,00000000
packing8,forward,383,54,00000000
packing8,forward,383,55,00000000
packing8,forward,383,56,00000000
packing8,forward,383,57,00000000
packing8,forward,383,58,00000000
packing8,forward,383,59,00000000
packing8,forward,383,60,00000000
packing8,forward,383,61,00000000
packing8,forward,383,62,00000000
packing8,forward,383,63,00000000
packing8,forward,383,64,00000000
packing8,forward,383,65,00000000
packing8,forward,383,66,00000000
packing8,forward,383,67,00000000
packing8,forward,383,68,00000000
packing8,forward,383,69,00000000
packing8,forward,383,70,00000000
packing8,forward,383,71,00000000
packing8,forward,383,72,00000000
packing8,forward,383,73,00000000
packing8,forward,383,74,00000000
packing8,forward,383,75,00000000
packing8,forward,383,76,00000000
packing8,forward,383,77,00000000
packing8,forward,383,78,00000000
packing8,forward,383,79,00000000
packing8,forward,383,80,00000000
packing8,forward,383,81,00000000
packing8,forward,383,82,00000000
packing8,forward,383,83,00000000
packing8,forward,383,84,00000000
packing8,forward,383,85,00000000
packing8,forward,383,86,00000000
packing8,forward,383,87,00000000
packing8,forward,383,88,00000000
packing8,forward,383,89,00000000
packing8,forward,383,90,00000000
packing8,forward,383,91,00000000
packing8,forward,383,92,00000000
packing8,forward,383,93,00000000
packing8,forward,383,94,00000000
packing8,forward,383,95,00000000
packing8,forward,383,96,00000000
packing8,forward,383,97,00000000
packing8,forward,383,98,00000000
packing8,forward,383,99,00000000
packing8,forward,383,100,00000000
packing8,forward,383,101,00000000
packing8,forward,383,102,00000000
packing8,forward,383,103,00000000
packing8,forward,383,104,00000000
packing8,forward,383,105,00000000
packing8,forward,383,106,00000000
packing8,forward,383,107,00000000
packing8,forward,383,108,00000000
packing8,forward,383,109,00000000
packing8,forward,383,110,00000000
packing8,forward,383,111,00000000
packing8,forward,383,112,00000000
packing8,forward,383,113,00000000
packing8,forward,383,114,00000000
packing8,forward,383,115,00000000
packing8,forward,383,116,00000000
packing8,forward,383,117,00000000
packing8,forward,383,118,00000000
packing8,forward,383,119,00000000
packing8,forward,383,120,00000000
packing8,forward,383,121,00000000
packing8,forward,383,122,00000000
packing8,forward,383,123,00000000
packing8,forward,383,124,00000000
packing8,forward,383,125,00000000
packing8,forward,383,126,00000000
packing8,forward,383,127,00000000
packing8,forward,383,128,00000000
packing8,forward,383,129,00000000
packing8,forward,383,130,00000000
packing8,forward,383,131,00000000
packing8,forward,383,132,00000000
packing8,forward,383,133,00000000
packing8,forward,383,134,00000000
packing8,forward,383,135,00000000
packing8,forward,383,136,00000000
packing8,forward,383,137,00000000
packing8,forward,383,138,00000000
packing8,forward,383,139,00000000
packing8,forward,383,140,00000000
packing8,forward,383,141,00000000
packing8,forward,383,142,00000000
packing8,forward,383,143,00000000
packing8,forward,383,144,00000000
packing8,forward,383,145,00000000
packing8,forward,383,146,00000000
packing8,forward,383,147,00000000
packing8,forward,383,148,00000000
packing8,forward,383,149,00000000
packing8,forward,383,150,00000000
packing8,forward,383,151,00000000
packing8,forward,383,152,00000000
packing8,forward,383,153,00000000
packing8,forward,383,154,00000000
packing8,forward,383,155,00000000
packing8,forward,383,156,00000000
packing8,forward,383,157,00000000
packing8,forward,383,158,00000000
packing8,forward,383,159,00000000
packing8,forward,383,160,00000000
packing8,forward,383,161,00000000
packing8,forward,383,162,00000000
packing8,forward,383,163,00000000
packing8,forward,383,164,00000000
packing8,forward,383,165,00000000
packing8,forward,383,166,00000000
packing8,forward,383,167,00000000
packing8,forward,383,168,00000000
packing8,forward,383,169,00000000
packing8,forward,383,170,00000000
packing8,forward,383,171,00000000
packing8,forward,383,172,00000000
packing8,forward,383,173,00000000
packing8,forward,383,174,00000000
packing8,forward,383,175,00000000
packing8,forward,383,176,00000000
packing8,forward,383,177,00000000
packing8,forward,383,178,00000000
packing8,forward,383,179,00000000
packing8,forward,383,180,00000000
packing8,forward,383,181,00000000
packing8,forward,383,182,00000000
packing8,forward,383,183,00000000
packing8,forward,383,184,00000000
packing8,forward,383,185,00000000
packing8,forward,383,186,00000000
packing8,forward,383,187,00000000
packing8,forward,383,188,00000000
packing8,forward,383,189,00000000
packing8,forward,383,190,00000000
packing8,forward,383,191,00000000
packing8,forward,383,192,00000000
packing8,forward,383,193,00000000
packing8,forward,383,194,00000000
packing8,forward,383,195,00000000
packing8,forward,383,196,00000000
packing8,forward,383,197,00000000
packing8,forward,383,198,00000000
packing8,forward,383,199,00000000
packing8,forward,383,200,00000000
packing8,forward,383,201,00000000
packing8,forward,383,202,00000000
packing8,forward,383,203,00000000
packing8,forward,383,204,00000000
packing8,forward,383,205,00000000
packing8,forward,383,206,00000000
packing8,forward,383,207,00000000
packing8,forward,383,208,00000000
packing8,forward,383,209,00000000
packing8,forward,383,210,00000000
packing8,forward,383,211,00000000
packing8,forward,383,212,00000000
packing8,forward,383,213,00000000
packing8,forward,383,214,00000000
packing8,forward,383,215,00000000
packing8,forward,383,216,00000000
packing8,forward,383,217,00000000
packing8,forward,383,218,00000000
packing8,forward,383,219,00000000
packing8,forward,383,220,00000000
packing8,forward,383,221,00000000
packing8,forward,383,222,00000000
packing8,forward,383,223,00000000
packing8,forward,383,224,00000000
packing8,forward,383,225,00000000
packing8,forward,383,226,00000000
packing8,forward,383,227,00000000
packing8,forward,383,228,00000000
packing8,forward,383,229,00000000
packing8,forward,383,230,00000000
packing8,forward,383,231,00000000
packing8,forward,383,232,00000000
packing8,forward,383,233,00000000
packing8,forward,383,234,00000000
packing8,forward,383,235,00000000
packing8,forward,383,236,00000000
packing8,forward,383,237,00000000
packing8,forward,383,238,00000000
packing8,forward,383,239,00000000
packing8,forward,383,240,00000000
packing8,forward,383,241,00000000
packing8,forward,383,242,00000000
packing8,forward,383,243,00000000
packing8,forward,383,244,00000000
packing8,forward,383,245,00000000
packing8,forward,383,246,00000000
packing8,forward,383,247,00000000
packing8,forward,383,248,00000000
packing8,forward,383,249,00000000
packing8,forward,383,250,00000000
packing8,forward,383,251,00000000
packing8,forward,383,252,00000000
packing8,forward,383,253,00000000
packing8,forward,383,254,00000000
packing8,forward,383,255,00000000
packing8,forward,383,256,00000000
packing8,forward,383,257,00000000
packing8,forward,383,258,00000000
packing8,forward,383,259,00000000
packing8,forward,383,260,00000000
packing8,forward,383,261,00000000
packing8,forward,383,262,00000000
packing8,forward,383,263,00000000
packing8,forward,383,264,00000000
packing8,forward,383,265,00000000
packing8,forward,383,266,00000000
packing8,forward,383,267,00000000
packing8,forward,383,268,00000000
packing8,forward,383,269,00000000
packing8,forward,383,270,00000000
packing8,forward,383,271,00000000
packing8,forward,383,272,00000000
packing8,forward,383,273,00000000
packing8,forward,383,274,00000000
packing8,forward,383,275,00000000
packing8,forward,383,276,00000000
packing8,forward,383,277,00000000
packing8,forward,383,278,00000000
packing8,forward,383,279,00000000
packing8,forward,383,280,00000000
packing8,forward,383,281,00000000
packing8,forward,383,282,00000000
packing8,forward,383,283,00000000
packing8,forward,383,284,00000000
packing8,forward,383,285,00000000
packing8,forward,383,286,00000000
packing8,forward,383,287,00000000
packing8,forward,383,288,00000000
packing8,forward,383,289,00000000
packing8,forward,383,290,00000000
packing8,forward,383,291,00000000
packing8,forward,383,292,00000000
packing8,forward,383,293,00000000
packing8,forward,383,294,00000000
packing8,forward,383,295,00000000
packing8,forward,383,296,00000000
packing8,forward,383,297,00000000
packing8,forward,383,298,00000000
packing8,forward,383,299,00000000
packing8,forward,383,300,00000000
packing8,forward,383,301,00000000
packing8,forward,383,302,00000000
packing8,forward,383,303,00000000
packing8,forward,383,304,00000000
packing8,forward,383,305,00000000
packing8,forward,383,306,00000000
packing8,forward,383,307,00000000
packing8,forward,383,308,00000000
packing8,forward,383,309,00000000
packing8,forward,383,310,00000000
packing8,forward,383,311,00000000
packing8,forward,383,312,00000000
packing8,forward,383,313,00000000
packing8,forward,383,314,00000000
packing8,forward,383,315,00000000
packing8,forward,383,316,00000000
packing8,forward,383,317,00000000
packing8,forward,383,318,00000000
packing8,forward,383,319,00000000
packing8,forward,383,320,00000000
packing8,forward,383,321,00000000
packing8,forward,383,322,00000000
packing8,forward,383,323,00000000
packing8,forward,383,324,00000000
packing8,forward,383,325,00000000
packing8,forward,383,326,00000000
packing8,forward,383,327,00000000
packing8,forward,383,328,00000000
packing8,forward,383,329,00000000
packing8,forward,383,330,00000000
packing8,forward,383,331,00000000
packing8,forward,383,332,00000000
packing8,forward,383,333,00000000
packing8,forward,383,334,00000000
packing8,forward,383,335,00000000
packing8,forward,383,336,00000000
packing8,forward,383,337,00000000
packing8,forward,383,338,00000000
packing8,forward,383,339,00000000
packing8,forward,383,340,00000000
packing8,forward,383,341,00000000
packing8,forward,383,342,00000000
packing8,forward,383,343,00000000
packing8,forward,383,344,00000000
packing8,forward,383,345,00000000
packing8,forward,383,346,00000000
packing8,forward,383,347,00000000
packing8,forward,383,348,00000000
packing8,forward,383,349,00000000
packing8,forward,383,350,00000000
packing8,forward,383,351,00000000
packing8,forward,383,352,00000000
packing8,forward,383,353,00000000
packing8,forward,383,354,00000000
packing8,forward,383,355,00000000
packing8,forward,383,356,00000000
packing8,forward,383,357,00000000
packing8,forward,383,358,00000000
packing8,forward,383,359,00000000
packing8,forward,383,360,00000000
packing8,forward,383,361,00000000
packing8,forward,383,362,00000000
packing8,forward,383,363,00000000
packing8,forward,383,364,00000000
packing8,forward,383,365,00000000
packing8,forward,383,366,00000000
packing8,forward,383,367,00000000
packing8,forward,383,368,00000000
packing8,forward,383,369,00000000
packing8,forward,383,370,00000000
packing8,forward,383,371,00000000
packing8,forward,383,372,00000000
packing8,forward,383,373,00000000
packing8,forward,383,374,00000000
packing8,forward,383,375,00000000
packing8,forward,383,376,00000000
packing8,forward,383,377,00000000
packing8,forward,383,378,00000000
packing8,forward,383,379,00000000
packing8,forward,383,380,00000000
packing8,forward,383,381,00000000
packing8,forward,383,382,00000000
packing8,forward,383,383,00000000
packing8,inverse,383,0,000000b1
packing8,inverse,383,1,00000000
packing8,inverse,383,2,00000000
packing8,inverse,383,3,00000000
packing8,inverse,383,4,00000000
packing8,inverse,383,5,00000000
packing8,inverse,383,6,00000000
packing8,inverse,383,7,00000000
packing8,inverse,383,8,00000000
packing8,inverse,383,9,00000000
packing8,inverse,383,10,00000000
packing8,inverse,383,11,00000000
packing8,inverse,383,12,00000000
packing8,inverse,383,13,00000000
packing8,inverse,383,14,00000000
packing8,inverse,383,15,00000000
packing8,inverse,383,16,00000000
packing8,inverse,383,17,00000000
packing8,inverse,383,18,00000000
packing8,inverse,383,19,00000000
packing8,inverse,383,20,00000000
packing8,inverse,383,21,00000000
packing8,inverse,383,22,00000000
packing8,inverse,383,23,00000000
packing8,inverse,383,24,00000000
packing8,inverse,383,25,00000000
packing8,inverse,383,26,00000000
packing8,inverse,383,27,00000000
packing8,inverse,383,28,00000000
packing8,inverse,383,29,00000000
packing8,inverse,383,30,00000000
packing8,inverse,383,31,00000000
packing8,inverse,383,32,00000000
packing8,inverse,383,33,00000000
packing8,inverse,383,34,00000000
packing8,inverse,383,35,00000000
packing8,inverse,383,36,00000000
packing8,inverse,383,37,00000000
packing8,inverse,383,38,00000000
packing8,inverse,383,39,00000000
packing8,inverse,383,40,00000000
packing8,inverse,383,41,00000000
packing8,inverse,383,42,00000000
packing8,inverse,383,43,00000000
packing8,inverse,383,44,00000000
packing8,inverse,383,45,00000000
packing8,inverse,383,46,00000000
packing8,inverse,383,47,00000000
packing8,inverse,383,48,00000000
packing8,inverse,383,49,00000000
packing8,inverse,383,50,00000000
packing8,inverse,383,51,00000000
packing8,inverse,383,52,00000000
packing8,inverse,383,53,00000000
packing8,inverse,383,54,00000000
packing8,inverse,383,55,00000000
packing8,inverse,383,56,00000000
packing8,inverse,383,57,00000000
packing8,inverse,383,58,00000000
packing8,inverse,383,59,00000000
packing8,inverse,383,60,00000000
packing8,inverse,383,61,00000000
packing8,inverse,383,62,00000000
packing8,inverse,383,63,00000000
packing8,inverse,383,64,00000000
packing8,inverse,383,65,00000000
packing8,inverse,383,66,00000000
packing8,inverse,383,67,00000000
packing8,inverse,383,68,00000000
packing8,inverse,383,69,00000000
packing8,inverse,383,70,00000000
packing8,inverse,383,71,00000000
packing8,inverse,383,72,00000000
packing8,inverse,383,73,00000000
packing8,inverse,383,74,00000000
packing8,inverse,383,75,00000000
packing8,inverse,383,76,00000000
packing8,inverse,383,77,00000000
packing8,inverse,383,78,00000000
packing8,inverse,383,79,00000000
packing8,inverse,383,80,00000000
packing8,inverse,383,81,00000000
packing8,inverse,383,82,00000000
packing8,inverse,383,83,00000000
packing8,inverse,383,84,00000000
packing8,inverse,383,85,00000000
packing8,inverse,383,86,00000000
packing8,inverse,383,87,00000000
packing8,inverse,383,88,00000000
packing8,inverse,383,89,00000000
packing8,inverse,383,90,00000000
packing8,inverse,383,91,00000000
packing8,inverse,383,92,00000000
packing8,inverse,383,93,00000000
packing8,inverse,383,94,00000000
packing8,inverse,383,95,00000000
packing8,inverse,383,96,00000000
packing8,inverse,383,97,00000000
packing8,inverse,383,98,00000000
packing8,inverse,383,99,00000000
packing8,inverse,383,100,00000000
packing8,inverse,383,101,00000000
packing8,inverse,383,102,00000000
packing8,inverse,383,103,00000000
packing8,inverse,383,104,00000000
packing8,inverse,383,105,00000000
packing8,inverse,383,106,00000000
packing8,inverse,383,107,00000000
packing8,inverse,383,108,00000000
packing8,inverse,383,109,00000000
packing8,inverse,383,110,00000000
packing8,inverse,383,111,00000000
packing8,inverse,383,112,00000000
packing8,inverse,383,113,00000000
packing8,inverse,383,114,00000000
packing8,inverse,383,115,00000000
packing8,inverse,383,116,00000000
packing8,inverse,383,117,00000000
packing8,inverse,383,118,00000000
packing8,inverse,383,119,00000000
packing8,inverse,383,120,00000000
packing8,inverse,383,121,00000000
packing8,inverse,383,122,00000000
packing8,inverse,383,123,00000000
packing8,inverse,383,124,00000000
packing8,inverse,383,125,00000000
packing8,inverse,383,126,00000000
packing8,inverse,383,127,00000000
packing8,inverse,383,128,00000000
packing8,inverse,383,129,00000000
packing8,inverse,383,130,00000000
packing8,inverse,383,131,00000000
packing8,inverse,383,132,00000000
packing8,inverse,383,133,00000000
packing8,inverse,383,134,00000000
packing8,inverse,383,135,00000000
packing8,inverse,383,136,00000000
packing8,inverse,383,137,00000000
packing8,inverse,383,138,00000000
packing8,inverse,383,139,00000000
packing8,inverse,383,140,00000000
packing8,inverse,383,141,00000000
packing8,inverse,383,142,00000000
packing8,inverse,383,143,00000000
packing8,inverse,383,144,00000000
packing8,inverse,383,145,00000000
packing8,inverse,383,146,00000000
packing8,inverse,383,147,00000000
packing8,inverse,383,148,00000000
packing8,inverse,383,149,00000000
packing8,inverse,383,150,00000000
packing8,inverse,383,151,00000000
packing8,inverse,383,152,00000000
packing8,inverse,383,153,00000000
packing8,inverse,383,154,00000000
packing8,inverse,383,155,00000000
packing8,inverse,383,156,00000000
packing8,inverse,383,157,00000000
packing8,inverse,383,158,00000000
packing8,inverse,383,159,00000000
packing8,inverse,383,160,00000000
packing8,inverse,383,161,00000000
packing8,inverse,383,162,00000000
packing8,inverse,383,163,00000000
packing8,inverse,383,164,00000000
packing8,inverse,383,165,00000000
packing8,inverse,383,166,00000000
packing8,inverse,383,167,00000000
packing8,inverse,383,168,00000000
packing8,inverse,383,169,00000000
packing8,inverse,383,170,00000000
packing8,inverse,383,171,00000000
packing8,inverse,383,172,00000000
packing8,inverse,383,173,00000000
packing8,inverse,383,174,00000000
packing8,inverse,383,175,00000000
packing8,inverse,383,176,00000000
packing8,inverse,383,177,00000000
packing8,inverse,383,178,00000000
packing8,inverse,383,179,00000000
packing8,inverse,383,180,00000000
packing8,inverse,383,181,00000000
packing8,inverse,383,182,00000000
packing8,inverse,383,183,00000000
packing8,inverse,383,184,00000000
packing8,inverse,383,185,00000000
packing8,inverse,383,186,00000000
packing8,inverse,383,187,00000000
packing8,inverse,383,188,00000000
packing8,inverse,383,189,00000000
packing8,inverse,383,190,00000000
packing8,inverse,383,191,00000000
packing8,inverse,383,192,00000000
packing8,inverse,383,193,00000000
packing8,inverse,383,194,00000000
packing8,inverse,383,195,00000000
packing8,inverse,383,196,00000000
packing8,inverse,383,197,00000000
packing8,inverse,383,198,00000000
packing8,inverse,383,199,00000000
packing8,inverse,383,200,00000000
packing8,inverse,383,201,00000000
packing8,inverse,383,202,00000000
packing8,inverse,383,203,00000000
packing8,inverse,383,204,00000000
packing8,inverse,383,205,00000000
packing8,inverse,383,206,00000000
packing8,inverse,383,207,00000000
packing8,inverse,383,208,00000000
packing8,inverse,383,209,00000000
packing8,inverse,383,210,00000000
packing8,inverse,383,211,00000000
packing8,inverse,383,212,00000000
packing8,inverse,383,213,00000000
packing8,inverse,383,214,00000000
packing8,inverse,383,215,00000000
packing8,inverse,383,216,00000000
packing8,inverse,383,217,00000000
packing8,inverse,383,218,00000000
packing8,inverse,383,219,00000000
packing8,inverse,383,220,00000000
packing8,inverse,383,221,00000000
packing8,inverse,383,222,00000000
packing8,inverse,383,223,00000000
packing8,inverse,383,224,00000000
packing8,inverse,383,225,00000000
packing8,inverse,383,226,00000000
packing8,inverse,383,227,00000000
packing8,inverse,383,228,00000000
packing8,inverse,383,229,00000000
packing8,inverse,383,230,00000000
packing8,inverse,383,231,00000000
packing8,inverse,383,232,00000000
packing8,inverse,383,233,00000000
packing8,inverse,383,234,00000000
packing8,inverse,383,235,00000000
packing8,inverse,383,236,00000000
packing8,inverse,383,237,00000000
packing8,inverse,383,238,00000000
packing8,inverse,383,239,00000000
packing8,inverse,383,240,00000000
packing8,inverse,383,241,00000000
packing8,inverse,383,242,00000000
packing8,inverse,383,243,00000000
packing8,inverse,383,244,00000000
packing8,inverse,383,245,00000000
packing8,inverse,383,246,00000000
packing8,inverse,383,247,00000000
packing8,inverse,383,248,00000000
packing8,inverse,383,249,00000000
packing8,inverse,383,250,00000000
packing8,inverse,383,251,00000000
packing8,inverse,383,252,00000000
packing8,inverse,383,253,00000000
packing8,inverse,383,254,00000000
packing8,inverse,383,255,00000000
packing8,inverse,383,256,00000000
packing8,inverse,383,257,00000000
packing8,inverse,383,258,00000000
packing8,inverse,383,259,00000000
packing8,inverse,383,260,00000000
packing8,inverse,383,261,00000000
packing8,inverse,383,262,00000000
packing8,inverse,383,263,00000000
packing8,inverse,383,264,00000000
packing8,inverse,383,265,00000000
packing8,inverse,383,266,00000000
packing8,inverse,383,267,00000000
packing8,inverse,383,268,00000000
packing8,inverse,383,269,00000000
packing8,inverse,383,270,00000000
packing8,inverse,383,271,00000000
packing8,inverse,383,272,00000000
packing8,inverse,383,273,00000000
packing8,inverse,383,274,00000000
packing8,inverse,383,275,00000000
packing8,inverse,383,276,00000000
packing8,inverse,383,277,00000000
packing8,inverse,383,278,00000000
packing8,inverse,383,279,00000000
packing8,inverse,383,280,00000000
packing8,inverse,383,281,00000000
packing8,inverse,383,282,00000000
packing8,inverse,383,283,00000000
packing8,inverse,383,284,00000000
packing8,inverse,383,285,00000000
packing8,inverse,383,286,00000000
packing8,inverse,383,287,00000000
packing8,inverse,383,288,00000000
packing8,inverse,383,289,00000000
packing8,inverse,383,290,00000000
packing8,inverse,383,291,00000000
packing8,inverse,383,292,00000000
packing8,inverse,383,293,00000000
packing8,inverse,383,294,00000000
packing8,inverse,383,295,00000000
packing8,inverse,383,296,00000000
packing8,inverse,383,297,00000000
packing8,inverse,383,298,00000000
packing8,inverse,383,299,00000000
packing8,inverse,383,300,00000000
packing8,inverse,383,301,00000000
packing8,inverse,383,302,00000000
packing8,inverse,383,303,00000000
packing8,inverse,383,304,00000000
packing8,inverse,383,305,00000000
packing8,inverse,383,306,00000000
packing8,inverse,383,307,00000000
packing8,inverse,383,308,00000000
packing8,inverse,383,309,00000000
packing8,inverse,383,310,00000000
packing8,inverse,383,311,00000000
packing8,inverse,383,312,00000000
packing8,inverse,383,313,00000000
packing8,inverse,383,314,00000000
packing8,inverse,383,315,00000000
packing8,inverse,383,316,00000000
packing8,inverse,383,317,00000000
packing8,inverse,383,318,00000000
packing8,inverse,383,319,00000000
packing8,inverse,383,320,00000000
packing8,inverse,383,321,00000000
packing8,inverse,383,322,00000000
packing8,inverse,383,323,00000000
packing8,inverse,383,324,00000000
packing8,inverse,383,325,00000000
packing8,inverse,383,326,00000000
packing8,inverse,383,327,00000000
packing8,inverse,383,328,00000000
packing8,inverse,383,329,00000000
packing8,inverse,383,330,00000000
packing8,inverse,383,331,00000000
packing8,inverse,383,332,00000000
packing8,inverse,383,333,00000000
packing8,inverse,383,334,00000000
packing8,inverse,383,335,00000000
packing8,inverse,383,336,00000000
packing8,inverse,383,337,00000000
packing8,inverse,383,338,00000000
packing8,inverse,383,339,00000000
packing8,inverse,383,340,00000000
packing8,inverse,383,341,00000000
packing8,inverse,383,342,00000000
packing8,inverse,383,343,00000000
packing8,inverse,383,344,00000000
packing8,inverse,383,345,00000000
packing8,inverse,383,346,00000000
packing8,inverse,383,347,00000000
packing8,inverse,383,348,00000000
packing8,inverse,383,349,00000000
packing8,inverse,383,350,00000000
packing8,inverse,383,351,00000000
packing8,inverse,383,352,00000000
packing8,inverse,383,353,00000000
packing8,inverse,383,354,00000000
packing8,inverse,383,355,00000000
packing8,inverse,383,356,00000000
packing8,inverse,383,357,00000000
packing8,inverse,383,358,00000000
packing8,inverse,383,359,00000000
packing8,inverse,383,360,00000000
packing8,inverse,383,361,00000000
packing8,inverse,383,362,00000000
packing8,inverse,383,363,00000000
packing8,inverse,383,364,00000000
packing8,inverse,383,365,00000000
packing8,inverse,383,366,00000000
packing8,inverse,383,367,00000000
packing8,inverse,383,368,00000000
packing8,inverse,383,369,00000000
packing8,inverse,383,370,00000000
packing8,inverse,383,371,00000000
packing8,inverse,383,372,00000000
packing8,inverse,383,373,00000000
packing8,inverse,383,374,00000000
packing8,inverse,383,375,00000000
packing8,inverse,383,376,00000000
packing8,inverse,383,377,00000000
packing8,inverse,383,378,00000000
packing8,inverse,383,379,00000000
packing8,inverse,383,380,00000000
packing8,inverse,383,381,00000000
packing8,inverse,383,382,000000c3
packing8,inverse,383,383,000000a0
structured8,forward,0,0,000000a5
structured8,forward,0,1,000000ec
structured8,forward,0,2,00000036
structured8,forward,0,3,0000007f
structured8,forward,0,4,00000083
structured8,forward,0,5,000000ca
structured8,forward,0,6,00000010
structured8,forward,0,7,00000059
structured8,forward,0,8,000000e9
structured8,forward,0,9,00000030
structured8,forward,0,10,0000007a
structured8,forward,0,11,00000083
structured8,forward,0,12,000000cf
structured8,forward,0,13,00000016
structured8,forward,0,14,0000005c
structured8,forward,0,15,000000e5
structured8,forward,0,16,0000003d
structured8,forward,0,17,00000074
structured8,forward,0,18,0000008e
structured8,forward,0,19,000000c7
structured8,forward,0,20,0000001b
structured8,forward,0,21,00000052
structured8,forward,0,22,000000e8
structured8,forward,0,23,00000021
structured8,forward,0,24,00000071
structured8,forward,0,25,00000088
structured8,forward,0,26,000000c2
structured8,forward,0,27,0000001b
structured8,forward,0,28,00000057
structured8,forward,0,29,000000ee
structured8,forward,0,30,00000024
structured8,forward,0,31,0000007d
structured8,forward,0,32,00000095
structured8,forward,0,33,000000dc
structured8,forward,0,34,00000006
structured8,forward,0,35,0000004f
structured8,forward,0,36,000000f3
structured8,forward,0,37,0000003a
structured8,forward,0,38,00000060
structured8,forward,0,39,000000a9
structured8,forward,0,40,000000d9
structured8,forward,0,41,00000000
structured8,forward,0,42,0000004a
structured8,forward,0,43,000000f3
structured8,forward,0,44,0000003f
structured8,forward,0,45,00000066
structured8,forward,0,46,000000ac
structured8,forward,0,47,000000d5
structured8,forward,0,48,0000000d
structured8,forward,0,49,00000044
structured8,forward,0,50,000000fe
structured8,forward,0,51,00000037
structured8,forward,0,52,0000006b
structured8,forward,0,53,000000a2
structured8,forward,0,54,000000d8
structured8,forward,0,55,00000011
structured8,forward,0,56,00000041
structured8,forward,0,57,000000f8
structured8,forward,0,58,00000032
structured8,forward,0,59,0000006b
structured8,forward,0,60,000000a7
structured8,forward,0,61,000000de
structured8,forward,0,62,00000014
structured8,forward,0,63,0000004d
structured8,forward,0,64,000000c5
structured8,forward,0,65,0000000c
structured8,forward,0,66,00000056
structured8,forward,0,67,0000009f
structured8,forward,0,68,000000e3
structured8,forward,0,69,0000002a
structured8,forward,0,70,00000070
structured8,forward,0,71,000000b9
structured8,forward,0,72,00000009
structured8,forward,0,73,00000050
structured8,forward,0,74,0000009a
structured8,forward,0,75,000000e3
structured8,forward,0,76,0000002f
structured8,forward,0,77,00000076
structured8,forward,0,78,000000bc
structured8,forward,0,79,00000005
structured8,forward,0,80,0000005d
structured8,forward,0,81,00000094
structured8,forward,0,82,000000ee
structured8,forward,0,83,00000027
structured8,forward,0,84,0000007b
structured8,forward,0,85,000000b2
structured8,forward,0,86,00000008
structured8,forward,0,87,00000041
structured8,forward,0,88,00000091
structured8,forward,0,89,000000e8
structured8,forward,0,90,00000022
structured8,forward,0,91,0000007b
structured8,forward,0,92,000000b7
structured8,forward,0,93,0000000e
structured8,forward,0,94,00000044
structured8,forward,0,95,0000009d
structured8,forward,0,96,000000f5
structured8,forward,0,97,0000003c
structured8,forward,0,98,00000066
structured8,forward,0,99,000000af
structured8,forward,0,100,00000013
structured8,forward,0,101,0000005a
structured8,forward,0,102,00000080
structured8,forward,0,103,000000c9
structured8,forward,0,104,00000039
structured8,forward,0,105,00000060
structured8,forward,0,106,000000aa
structured8,forward,0,107,00000013
structured8,forward,0,108,0000005f
structured8,forward,0,109,00000086
structured8,forward,0,110,000000cc
structured8,forward,0,111,00000035
structured8,forward,0,112,0000006d
structured8,forward,0,113,000000a4
structured8,forward,0,114,0000001e
structured8,forward,0,115,00000057
structured8,forward,0,116,0000008b
structured8,forward,0,117,000000c2
structured8,forward,0,118,00000038
structured8,forward,0,119,00000071
structured8,forward,0,120,000000a1
structured8,forward,0,121,00000018
structured8,forward,0,122,00000052
structured8,forward,0,123,0000008b
structured8,forward,0,124,000000c7
structured8,forward,0,125,0000003e
structured8,forward,0,126,00000074
structured8,forward,0,127,000000ad
structured8,forward,0,128,00000065
structured8,forward,0,129,0000002c
structured8,forward,0,130,000000f6
structured8,forward,0,131,000000bf
structured8,forward,0,132,00000043
structured8,forward,0,133,0000000a
structured8,forward,0,134,000000d0
structured8,forward,0,135,00000099
structured8,forward,0,136,00000029
structured8,forward,0,137,000000f0
structured8,forward,0,138,000000ba
structured8,forward,0,139,00000043
structured8,forward,0,140,0000000f
structured8,forward,0,141,000000d6
structured8,forward,0,142,0000009c
structured8,forward,0,143,00000025
structured8,forward,0,144,000000fd
structured8,forward,0,145,000000b4
structured8,forward,0,146,0000004e
structured8,forward,0,147,00000007
structured8,forward,0,148,000000db
structured8,forward,0,149,00000092
structured8,forward,0,150,00000028
structured8,forward,0,151,000000e1
structured8,forward,0,152,000000b1
structured8,forward,0,153,00000048
structured8,forward,0,154,00000002
structured8,forward,0,155,000000db
structured8,forward,0,156,00000097
structured8,forward,0,157,0000002e
structured8,forward,0,158,000000e4
structured8,forward,0,159,000000bd
structured8,forward,0,160,00000055
structured8,forward,0,161,0000001c
structured8,forward,0,162,000000c6
structured8,forward,0,163,0000008f
structured8,forward,0,164,00000033
structured8,forward,0,165,000000fa
structured8,forward,0,166,000000a0
structured8,forward,0,167,00000069
structured8,forward,0,168,00000019
structured8,forward,0,169,000000c0
structured8,forward,0,170,0000008a
structured8,forward,0,171,00000033
structured8,forward,0,172,000000ff
structured8,forward,0,173,000000a6
structured8,forward,0,174,0000006c
structured8,forward,0,175,00000015
structured8,forward,0,176,000000cd
structured8,forward,0,177,00000084
structured8,forward,0,178,0000003e
structured8,forward,0,179,000000f7
structured8,forward,0,180,000000ab
structured8,forward,0,181,00000062
structured8,forward,0,182,00000018
structured8,forward,0,183,000000d1
structured8,forward,0,184,00000081
structured8,forward,0,185,00000038
structured8,forward,0,186,000000f2
structured8,forward,0,187,000000ab
structured8,forward,0,188,00000067
structured8,forward,0,189,0000001e
structured8,forward,0,190,000000d4
structured8,forward,0,191,0000008d
structured8,forward,0,192,00000005
structured8,forward,0,193,000000cc
structured8,forward,0,194,00000096
structured8,forward,0,195,0000005f
structured8,forward,0,196,00000023
structured8,forward,0,197,000000ea
structured8,forward,0,198,000000b0
structured8,forward,0,199,00000079
structured8,forward,0,200,000000c9
structured8,forward,0,201,00000090
structured8,forward,0,202,0000005a
structured8,forward,0,203,00000023
structured8,forward,0,204,000000ef
structured8,forward,0,205,000000b6
structured8,forward,0,206,0000007c
structured8,forward,0,207,000000c5
structured8,forward,0,208,0000009d
structured8,forward,0,209,00000054
structured8,forward,0,210,0000002e
structured8,forward,0,211,000000e7
structured8,forward,0,212,000000bb
structured8,forward,0,213,00000072
structured8,forward,0,214,000000c8
structured8,forward,0,215,00000081
structured8,forward,0,216,00000051
structured8,forward,0,217,00000028
structured8,forward,0,218,000000e2
structured8,forward,0,219,000000bb
structured8,forward,0,220,00000077
structured8,forward,0,221,000000ce
structured8,forward,0,222,00000084
structured8,forward,0,223,0000005d
structured8,forward,0,224,00000035
structured8,forward,0,225,000000fc
structured8,forward,0,226,000000a6
structured8,forward,0,227,0000006f
structured8,forward,0,228,000000d3
structured8,forward,0,229,0000009a
structured8,forward,0,230,00000040
structured8,forward,0,231,00000009
structured8,forward,0,232,000000f9
structured8,forward,0,233,000000a0
structured8,forward,0,234,0000006a
structured8,forward,0,235,000000d3
structured8,forward,0,236,0000009f
structured8,forward,0,237,00000046
structured8,forward,0,238,0000000c
structured8,forward,0,239,000000f5
structured8,forward,0,240,000000ad
structured8,forward,0,241,00000064
structured8,forward,0,242,000000de
structured8,forward,0,243,00000097
structured8,forward,0,244,0000004b
structured8,forward,0,245,00000002
structured8,forward,0,246,000000f8
structured8,forward,0,247,000000b1
structured8,forward,0,248,00000061
structured8,forward,0,249,000000d8
structured8,forward,0,250,00000092
structured8,forward,0,251,0000004b
structured8,forward,0,252,00000007
structured8,forward,0,253,000000fe
structured8,forward,0,254,000000b4
structured8,forward,0,255,0000006d
structured8,forward,0,256,00000025
structured8,forward,0,257,0000006c
structured8,forward,0,258,000000b6
structured8,forward,0,259,000000ff
structured8,forward,0,260,00000003
structured8,forward,0,261,0000004a
structured8,forward,0,262,00000090
structured8,forward,0,263,000000d9
structured8,forward,0,264,00000069
structured8,forward,0,265,000000b0
structured8,forward,0,266,000000fa
structured8,forward,0,267,00000003
structured8,forward,0,268,0000004f
structured8,forward,0,269,00000096
structured8,forward,0,270,000000dc
structured8,forward,0,271,00000065
structured8,forward,0,272,000000bd
structured8,forward,0,273,000000f4
structured8,forward,0,274,0000000e
structured8,forward,0,275,00000047
structured8,forward,0,276,0000009b
structured8,forward,0,277,000000d2
structured8,forward,0,278,00000068
structured8,forward,0,279,000000a1
structured8,forward,0,280,000000f1
structured8,forward,0,281,00000008
structured8,forward,0,282,00000042
structured8,forward,0,283,0000009b
structured8,forward,0,284,000000d7
structured8,forward,0,285,0000006e
structured8,forward,0,286,000000a4
structured8,forward,0,287,000000fd
structured8,forward,0,288,00000015
structured8,forward,0,289,0000005c
structured8,forward,0,290,00000086
structured8,forward,0,291,000000cf
structured8,forward,0,292,00000073
structured8,forward,0,293,000000ba
structured8,forward,0,294,000000e0
structured8,forward,0,295,00000029
structured8,forward,0,296,00000059
structured8,forward,0,297,00000080
structured8,forward,0,298,000000ca
structured8,forward,0,299,00000073
structured8,forward,0,300,000000bf
structured8,forward,0,301,000000e6
structured8,forward,0,302,0000002c
structured8,forward,0,303,00000055
structured8,forward,0,304,0000008d
structured8,forward,0,305,000000c4
structured8,forward,0,306,0000007e
structured8,forward,0,307,000000b7
structured8,forward,0,308,000000eb
structured8,forward,0,309,00000022
structured8,forward,0,310,00000058
structured8,forward,0,311,00000091
structured8,forward,0,312,000000c1
structured8,forward,0,313,00000078
structured8,forward,0,314,000000b2
structured8,forward,0,315,000000eb
structured8,forward,0,316,00000027
structured8,forward,0,317,0000005e
structured8,forward,0,318,00000094
structured8,forward,0,319,000000cd
structured8,forward,0,320,00000045
structured8,forward,0,321,0000008c
structured8,forward,0,322,000000d6
structured8,forward,0,323,0000001f
structured8,forward,0,324,00000063
structured8,forward,0,325,000000aa
structured8,forward,0,326,000000f0
structured8,forward,0,327,00000039
structured8,forward,0,328,00000089
structured8,forward,0,329,000000d0
structured8,forward,0,330,0000001a
structured8,forward,0,331,00000063
structured8,forward,0,332,000000af
structured8,forward,0,333,000000f6
structured8,forward,0,334,0000003c
structured8,forward,0,335,00000085
structured8,forward,0,336,000000dd
structured8,forward,0,337,00000014
structured8,forward,0,338,0000006e
structured8,forward,0,339,000000a7
structured8,forward,0,340,000000fb
structured8,forward,0,341,00000032
structured8,forward,0,342,00000088
structured8,forward,0,343,000000c1
structured8,forward,0,344,00000011
structured8,forward,0,345,00000068
structured8,forward,0,346,000000a2
structured8,forward,0,347,000000fb
structured8,forward,0,348,00000037
structured8,forward,0,349,0000008e
structured8,forward,0,350,000000c4
structured8,forward,0,351,0000001d
structured8,forward,0,352,00000075
structured8,forward,0,353,000000bc
structured8,forward,0,354,000000e6
structured8,forward,0,355,0000002f
structured8,forward,0,356,00000093
structured8,forward,0,357,000000da
structured8,forward,0,358,00000000
structured8,forward,0,359,00000049
structured8,forward,0,360,000000b9
structured8,forward,0,361,000000e0
structured8,forward,0,362,0000002a
structured8,forward,0,363,00000093
structured8,forward,0,364,000000df
structured8,forward,0,365,00000006
structured8,forward,0,366,0000004c
structured8,forward,0,367,000000b5
structured8,forward,0,368,000000ed
structured8,forward,0,369,00000024
structured8,forward,0,370,0000009e
structured8,forward,0,371,000000d7
structured8,forward,0,372,0000000b
structured8,forward,0,373,00000042
structured8,forward,0,374,000000b8
structured8,forward,0,375,000000f1
structured8,forward,0,376,00000021
structured8,forward,0,377,00000098
structured8,forward,0,378,000000d2
structured8,forward,0,379,0000000b
structured8,forward,0,380,00000047
structured8,forward,0,381,000000be
structured8,forward,0,382,000000f4
structured8,forward,0,383,0000002d
structured8,inverse,0,0,000000a5
structured8,inverse,0,1,000000ec
structured8,inverse,0,2,00000036
structured8,inverse,0,3,0000007f
structured8,inverse,0,4,00000083
structured8,inverse,0,5,000000ca
structured8,inverse,0,6,00000010
structured8,inverse,0,7,00000059
structured8,inverse,0,8,000000e9
structured8,inverse,0,9,00000030
structured8,inverse,0,10,0000007a
structured8,inverse,0,11,00000083
structured8,inverse,0,12,000000cf
structured8,inverse,0,13,00000016
structured8,inverse,0,14,0000005c
structured8,inverse,0,15,000000e5
structured8,inverse,0,16,0000003d
structured8,inverse,0,17,00000074
structured8,inverse,0,18,0000008e
structured8,inverse,0,19,000000c7
structured8,inverse,0,20,0000001b
structured8,inverse,0,21,00000052
structured8,inverse,0,22,000000e8
structured8,inverse,0,23,00000021
structured8,inverse,0,24,00000071
structured8,inverse,0,25,00000088
structured8,inverse,0,26,000000c2
structured8,inverse,0,27,0000001b
structured8,inverse,0,28,00000057
structured8,inverse,0,29,000000ee
structured8,inverse,0,30,00000024
structured8,inverse,0,31,0000007d
structured8,inverse,0,32,00000095
structured8,inverse,0,33,000000dc
structured8,inverse,0,34,00000006
structured8,inverse,0,35,0000004f
structured8,inverse,0,36,000000f3
structured8,inverse,0,37,0000003a
structured8,inverse,0,38,00000060
structured8,inverse,0,39,000000a9
structured8,inverse,0,40,000000d9
structured8,inverse,0,41,00000000
structured8,inverse,0,42,0000004a
structured8,inverse,0,43,000000f3
structured8,inverse,0,44,0000003f
structured8,inverse,0,45,00000066
structured8,inverse,0,46,000000ac
structured8,inverse,0,47,000000d5
structured8,inverse,0,48,0000000d
structured8,inverse,0,49,00000044
structured8,inverse,0,50,000000fe
structured8,inverse,0,51,00000037
structured8,inverse,0,52,0000006b
structured8,inverse,0,53,000000a2
structured8,inverse,0,54,000000d8
structured8,inverse,0,55,00000011
structured8,inverse,0,56,00000041
structured8,inverse,0,57,000000f8
structured8,inverse,0,58,00000032
structured8,inverse,0,59,0000006b
structured8,inverse,0,60,000000a7
structured8,inverse,0,61,000000de
structured8,inverse,0,62,00000014
structured8,inverse,0,63,0000004d
structured8,inverse,0,64,000000c5
structured8,inverse,0,65,0000000c
structured8,inverse,0,66,00000056
structured8,inverse,0,67,0000009f
structured8,inverse,0,68,000000e3
structured8,inverse,0,69,0000002a
structured8,inverse,0,70,00000070
structured8,inverse,0,71,000000b9
structured8,inverse,0,72,00000009
structured8,inverse,0,73,00000050
structured8,inverse,0,74,0000009a
structured8,inverse,0,75,000000e3
structured8,inverse,0,76,0000002f
structured8,inverse,0,77,00000076
structured8,inverse,0,78,000000bc
structured8,inverse,0,79,00000005
structured8,inverse,0,80,0000005d
structured8,inverse,0,81,00000094
structured8,inverse,0,82,000000ee
structured8,inverse,0,83,00000027
structured8,inverse,0,84,0000007b
structured8,inverse,0,85,000000b2
structured8,inverse,0,86,00000008
structured8,inverse,0,87,00000041
structured8,inverse,0,88,00000091
structured8,inverse,0,89,000000e8
structured8,inverse,0,90,00000022
structured8,inverse,0,91,0000007b
structured8,inverse,0,92,000000b7
structured8,inverse,0,93,0000000e
structured8,inverse,0,94,00000044
structured8,inverse,0,95,0000009d
structured8,inverse,0,96,000000f5
structured8,inverse,0,97,0000003c
structured8,inverse,0,98,00000066
structured8,inverse,0,99,000000af
structured8,inverse,0,100,00000013
structured8,inverse,0,101,0000005a
structured8,inverse,0,102,00000080
structured8,inverse,0,103,000000c9
structured8,inverse,0,104,00000039
structured8,inverse,0,105,00000060
structured8,inverse,0,106,000000aa
structured8,inverse,0,107,00000013
structured8,inverse,0,108,0000005f
structured8,inverse,0,109,00000086
structured8,inverse,0,110,000000cc
structured8,inverse,0,111,00000035
structured8,inverse,0,112,0000006d
structured8,inverse,0,113,000000a4
structured8,inverse,0,114,0000001e
structured8,inverse,0,115,00000057
structured8,inverse,0,116,0000008b
structured8,inverse,0,117,000000c2
structured8,inverse,0,118,00000038
structured8,inverse,0,119,00000071
structured8,inverse,0,120,000000a1
structured8,inverse,0,121,00000018
structured8,inverse,0,122,00000052
structured8,inverse,0,123,0000008b
structured8,inverse,0,124,000000c7
structured8,inverse,0,125,0000003e
structured8,inverse,0,126,00000074
structured8,inverse,0,127,000000ad
structured8,inverse,0,128,00000065
structured8,inverse,0,129,0000002c
structured8,inverse,0,130,000000f6
structured8,inverse,0,131,000000bf
structured8,inverse,0,132,00000043
structured8,inverse,0,133,0000000a
structured8,inverse,0,134,000000d0
structured8,inverse,0,135,00000099
structured8,inverse,0,136,00000029
structured8,inverse,0,137,000000f0
structured8,inverse,0,138,000000ba
structured8,inverse,0,139,00000043
structured8,inverse,0,140,0000000f
structured8,inverse,0,141,000000d6
structured8,inverse,0,142,0000009c
structured8,inverse,0,143,00000025
structured8,inverse,0,144,000000fd
structured8,inverse,0,145,000000b4
structured8,inverse,0,146,0000004e
structured8,inverse,0,147,00000007
structured8,inverse,0,148,000000db
structured8,inverse,0,149,00000092
structured8,inverse,0,150,00000028
structured8,inverse,0,151,000000e1
structured8,inverse,0,152,000000b1
structured8,inverse,0,153,00000048
structured8,inverse,0,154,00000002
structured8,inverse,0,155,000000db
structured8,inverse,0,156,00000097
structured8,inverse,0,157,0000002e
structured8,inverse,0,158,000000e4
structured8,inverse,0,159,000000bd
structured8,inverse,0,160,00000055
structured8,inverse,0,161,0000001c
structured8,inverse,0,162,000000c6
structured8,inverse,0,163,0000008f
structured8,inverse,0,164,00000033
structured8,inverse,0,165,000000fa
structured8,inverse,0,166,000000a0
structured8,inverse,0,167,00000069
structured8,inverse,0,168,00000019
structured8,inverse,0,169,000000c0
structured8,inverse,0,170,0000008a
structured8,inverse,0,171,00000033
structured8,inverse,0,172,000000ff
structured8,inverse,0,173,000000a6
structured8,inverse,0,174,0000006c
structured8,inverse,0,175,00000015
structured8,inverse,0,176,000000cd
structured8,inverse,0,177,00000084
structured8,inverse,0,178,0000003e
structured8,inverse,0,179,000000f7
structured8,inverse,0,180,000000ab
structured8,inverse,0,181,00000062
structured8,inverse,0,182,00000018
structured8,inverse,0,183,000000d1
structured8,inverse,0,184,00000081
structured8,inverse,0,185,00000038
structured8,inverse,0,186,000000f2
structured8,inverse,0,187,000000ab
structured8,inverse,0,188,00000067
structured8,inverse,0,189,0000001e
structured8,inverse,0,190,000000d4
structured8,inverse,0,191,0000008d
structured8,inverse,0,192,00000005
structured8,inverse,0,193,000000cc
structured8,inverse,0,194,00000096
structured8,inverse,0,195,0000005f
structured8,inverse,0,196,00000023
structured8,inverse,0,197,000000ea
structured8,inverse,0,198,000000b0
structured8,inverse,0,199,00000079
structured8,inverse,0,200,000000c9
structured8,inverse,0,201,00000090
structured8,inverse,0,202,0000005a
structured8,inverse,0,203,00000023
structured8,inverse,0,204,000000ef
structured8,inverse,0,205,000000b6
structured8,inverse,0,206,0000007c
structured8,inverse,0,207,000000c5
structured8,inverse,0,208,0000009d
structured8,inverse,0,209,00000054
structured8,inverse,0,210,0000002e
structured8,inverse,0,211,000000e7
structured8,inverse,0,212,000000bb
structured8,inverse,0,213,00000072
structured8,inverse,0,214,000000c8
structured8,inverse,0,215,00000081
structured8,inverse,0,216,00000051
structured8,inverse,0,217,00000028
structured8,inverse,0,218,000000e2
structured8,inverse,0,219,000000bb
structured8,inverse,0,220,00000077
structured8,inverse,0,221,000000ce
structured8,inverse,0,222,00000084
structured8,inverse,0,223,0000005d
structured8,inverse,0,224,00000035
structured8,inverse,0,225,000000fc
structured8,inverse,0,226,000000a6
structured8,inverse,0,227,0000006f
structured8,inverse,0,228,000000d3
structured8,inverse,0,229,0000009a
structured8,inverse,0,230,00000040
structured8,inverse,0,231,00000009
structured8,inverse,0,232,000000f9
structured8,inverse,0,233,000000a0
structured8,inverse,0,234,0000006a
structured8,inverse,0,235,000000d3
structured8,inverse,0,236,0000009f
structured8,inverse,0,237,00000046
structured8,inverse,0,238,0000000c
structured8,inverse,0,239,000000f5
structured8,inverse,0,240,000000ad
structured8,inverse,0,241,00000064
structured8,inverse,0,242,000000de
structured8,inverse,0,243,00000097
structured8,inverse,0,244,0000004b
structured8,inverse,0,245,00000002
structured8,inverse,0,246,000000f8
structured8,inverse,0,247,000000b1
structured8,inverse,0,248,00000061
structured8,inverse,0,249,000000d8
structured8,inverse,0,250,00000092
structured8,inverse,0,251,0000004b
structured8,inverse,0,252,00000007
structured8,inverse,0,253,000000fe
structured8,inverse,0,254,000000b4
structured8,inverse,0,255,0000006d
structured8,inverse,0,256,00000025
structured8,inverse,0,257,0000006c
structured8,inverse,0,258,000000b6
structured8,inverse,0,259,000000ff
structured8,inverse,0,260,00000003
structured8,inverse,0,261,0000004a
structured8,inverse,0,262,00000090
structured8,inverse,0,263,000000d9
structured8,inverse,0,264,00000069
structured8,inverse,0,265,000000b0
structured8,inverse,0,266,000000fa
structured8,inverse,0,267,00000003
structured8,inverse,0,268,0000004f
structured8,inverse,0,269,00000096
structured8,inverse,0,270,000000dc
structured8,inverse,0,271,00000065
structured8,inverse,0,272,000000bd
structured8,inverse,0,273,000000f4
structured8,inverse,0,274,0000000e
structured8,inverse,0,275,00000047
structured8,inverse,0,276,0000009b
structured8,inverse,0,277,000000d2
structured8,inverse,0,278,00000068
structured8,inverse,0,279,000000a1
structured8,inverse,0,280,000000f1
structured8,inverse,0,281,00000008
structured8,inverse,0,282,00000042
structured8,inverse,0,283,0000009b
structured8,inverse,0,284,000000d7
structured8,inverse,0,285,0000006e
structured8,inverse,0,286,000000a4
structured8,inverse,0,287,000000fd
structured8,inverse,0,288,00000015
structured8,inverse,0,289,0000005c
structured8,inverse,0,290,00000086
structured8,inverse,0,291,000000cf
structured8,inverse,0,292,00000073
structured8,inverse,0,293,000000ba
structured8,inverse,0,294,000000e0
structured8,inverse,0,295,00000029
structured8,inverse,0,296,00000059
structured8,inverse,0,297,00000080
structured8,inverse,0,298,000000ca
structured8,inverse,0,299,00000073
structured8,inverse,0,300,000000bf
structured8,inverse,0,301,000000e6
structured8,inverse,0,302,0000002c
structured8,inverse,0,303,00000055
structured8,inverse,0,304,0000008d
structured8,inverse,0,305,000000c4
structured8,inverse,0,306,0000007e
structured8,inverse,0,307,000000b7
structured8,inverse,0,308,000000eb
structured8,inverse,0,309,00000022
structured8,inverse,0,310,00000058
structured8,inverse,0,311,00000091
structured8,inverse,0,312,000000c1
structured8,inverse,0,313,00000078
structured8,inverse,0,314,000000b2
structured8,inverse,0,315,000000eb
structured8,inverse,0,316,00000027
structured8,inverse,0,317,0000005e
structured8,inverse,0,318,00000094
structured8,inverse,0,319,000000cd
structured8,inverse,0,320,00000045
structured8,inverse,0,321,0000008c
structured8,inverse,0,322,000000d6
structured8,inverse,0,323,0000001f
structured8,inverse,0,324,00000063
structured8,inverse,0,325,000000aa
structured8,inverse,0,326,000000f0
structured8,inverse,0,327,00000039
structured8,inverse,0,328,00000089
structured8,inverse,0,329,000000d0
structured8,inverse,0,330,0000001a
structured8,inverse,0,331,00000063
structured8,inverse,0,332,000000af
structured8,inverse,0,333,000000f6
structured8,inverse,0,334,0000003c
structured8,inverse,0,335,00000085
structured8,inverse,0,336,000000dd
structured8,inverse,0,337,00000014
structured8,inverse,0,338,0000006e
structured8,inverse,0,339,000000a7
structured8,inverse,0,340,000000fb
structured8,inverse,0,341,00000032
structured8,inverse,0,342,00000088
structured8,inverse,0,343,000000c1
structured8,inverse,0,344,00000011
structured8,inverse,0,345,00000068
structured8,inverse,0,346,000000a2
structured8,inverse,0,347,000000fb
structured8,inverse,0,348,00000037
structured8,inverse,0,349,0000008e
structured8,inverse,0,350,000000c4
structured8,inverse,0,351,0000001d
structured8,inverse,0,352,00000075
structured8,inverse,0,353,000000bc
structured8,inverse,0,354,000000e6
structured8,inverse,0,355,0000002f
structured8,inverse,0,356,00000093
structured8,inverse,0,357,000000da
structured8,inverse,0,358,00000000
structured8,inverse,0,359,00000049
structured8,inverse,0,360,000000b9
structured8,inverse,0,361,000000e0
structured8,inverse,0,362,0000002a
structured8,inverse,0,363,00000093
structured8,inverse,0,364,000000df
structured8,inverse,0,365,00000006
structured8,inverse,0,366,0000004c
structured8,inverse,0,367,000000b5
structured8,inverse,0,368,000000ed
structured8,inverse,0,369,00000024
structured8,inverse,0,370,0000009e
structured8,inverse,0,371,000000d7
structured8,inverse,0,372,0000000b
structured8,inverse,0,373,00000042
structured8,inverse,0,374,000000b8
structured8,inverse,0,375,000000f1
structured8,inverse,0,376,00000021
structured8,inverse,0,377,00000098
structured8,inverse,0,378,000000d2
structured8,inverse,0,379,0000000b
structured8,inverse,0,380,00000047
structured8,inverse,0,381,000000be
structured8,inverse,0,382,000000f4
structured8,inverse,0,383,0000002d
random8,forward,0,0,000000c6
random8,forward,0,1,0000004f
random8,forward,0,2,0000001b
random8,forward,0,3,000000ad
random8,forward,0,4,0000008e
random8,forward,0,5,000000f2
random8,forward,0,6,000000ad
random8,forward,0,7,00000084
random8,forward,0,8,000000ad
random8,forward,0,9,00000005
random8,forward,0,10,00000054
random8,forward,0,11,000000b1
random8,forward,0,12,000000cf
random8,forward,0,13,000000c3
random8,forward,0,14,0000009b
random8,forward,0,15,000000d0
random8,forward,0,16,0000005f
random8,forward,0,17,00000029
random8,forward,0,18,000000cf
random8,forward,0,19,0000003c
random8,forward,0,20,0000008b
random8,forward,0,21,000000f3
random8,forward,0,22,000000fc
random8,forward,0,23,00000012
random8,forward,0,24,0000003d
random8,forward,0,25,0000009c
random8,forward,0,26,000000ee
random8,forward,0,27,0000002e
random8,forward,0,28,00000021
random8,forward,0,29,00000061
random8,forward,0,30,00000031
random8,forward,0,31,0000002c
random8,forward,0,32,000000a5
random8,forward,0,33,0000003e
random8,forward,0,34,00000010
random8,forward,0,35,00000067
random8,forward,0,36,000000f3
random8,forward,0,37,000000ef
random8,forward,0,38,00000098
random8,forward,0,39,000000fc
random8,forward,0,40,000000f8
random8,forward,0,41,000000f0
random8,forward,0,42,00000095
random8,forward,0,43,000000c7
random8,forward,0,44,0000005f
random8,forward,0,45,0000007c
random8,forward,0,46,00000093
random8,forward,0,47,00000064
random8,forward,0,48,00000096
random8,forward,0,49,00000090
random8,forward,0,50,000000dd
random8,forward,0,51,0000002e
random8,forward,0,52,000000c7
random8,forward,0,53,000000e8
random8,forward,0,54,00000080
random8,forward,0,55,00000042
random8,forward,0,56,000000df
random8,forward,0,57,000000ff
random8,forward,0,58,00000048
random8,forward,0,59,0000007c
random8,forward,0,60,0000008a
random8,forward,0,61,00000012
random8,forward,0,62,000000c0
random8,forward,0,63,00000078
random8,forward,0,64,00000033
random8,forward,0,65,0000001d
random8,forward,0,66,00000035
random8,forward,0,67,00000091
random8,forward,0,68,00000007
random8,forward,0,69,000000dc
random8,forward,0,70,000000b4
random8,forward,0,71,000000e4
random8,forward,0,72,000000f2
random8,forward,0,73,000000ca
random8,forward,0,74,00000006
random8,forward,0,75,0000004d
random8,forward,0,76,000000a0
random8,forward,0,77,00000025
random8,forward,0,78,000000ba
random8,forward,0,79,00000067
random8,forward,0,80,0000007c
random8,forward,0,81,000000e7
random8,forward,0,82,0000001a
random8,forward,0,83,00000090
random8,forward,0,84,000000b3
random8,forward,0,85,000000cc
random8,forward,0,86,00000033
random8,forward,0,87,000000e2
random8,forward,0,88,00000031
random8,forward,0,89,00000052
random8,forward,0,90,000000d1
random8,forward,0,91,0000003a
random8,forward,0,92,000000a2
random8,forward,0,93,000000b3
random8,forward,0,94,00000080
random8,forward,0,95,00000033
random8,forward,0,96,00000071
random8,forward,0,97,000000ec
random8,forward,0,98,0000008b
random8,forward,0,99,0000002b
random8,forward,0,100,000000cc
random8,forward,0,101,000000b9
random8,forward,0,102,000000ff
random8,forward,0,103,0000003c
random8,forward,0,104,0000009c
random8,forward,0,105,00000095
random8,forward,0,106,000000a8
random8,forward,0,107,00000043
random8,forward,0,108,00000090
random8,forward,0,109,000000be
random8,forward,0,110,00000011
random8,forward,0,111,000000db
random8,forward,0,112,00000013
random8,forward,0,113,0000002e
random8,forward,0,114,00000088
random8,forward,0,115,00000062
random8,forward,0,116,00000050
random8,forward,0,117,000000a1
random8,forward,0,118,00000017
random8,forward,0,119,000000f2
random8,forward,0,120,00000034
random8,forward,0,121,00000095
random8,forward,0,122,0000008a
random8,forward,0,123,00000068
random8,forward,0,124,0000006a
random8,forward,0,125,00000044
random8,forward,0,126,0000006f
random8,forward,0,127,0000005f
random8,forward,0,128,00000060
random8,forward,0,129,000000ab
random8,forward,0,130,00000010
random8,forward,0,131,00000035
random8,forward,0,132,00000040
random8,forward,0,133,00000086
random8,forward,0,134,0000007a
random8,forward,0,135,00000004
random8,forward,0,136,000000f7
random8,forward,0,137,00000050
random8,forward,0,138,00000079
random8,forward,0,139,000000a9
random8,forward,0,140,00000031
random8,forward,0,141,00000046
random8,forward,0,142,00000099
random8,forward,0,143,000000bf
random8,forward,0,144,00000059
random8,forward,0,145,00000064
random8,forward,0,146,00000025
random8,forward,0,147,000000a4
random8,forward,0,148,0000009c
random8,forward,0,149,00000066
random8,forward,0,150,0000002a
random8,forward,0,151,00000072
random8,forward,0,152,000000e6
random8,forward,0,153,000000c8
random8,forward,0,154,00000074
random8,forward,0,155,00000006
random8,forward,0,156,000000e3
random8,forward,0,157,000000c5
random8,forward,0,158,0000008e
random8,forward,0,159,000000fb
random8,forward,0,160,000000fe
random8,forward,0,161,0000005a
random8,forward,0,162,000000c6
random8,forward,0,163,000000ae
random8,forward,0,164,00000064
random8,forward,0,165,00000043
random8,forward,0,166,00000026
random8,forward,0,167,0000003c
random8,forward,0,168,00000001
random8,forward,0,169,000000fb
random8,forward,0,170,0000007a
random8,forward,0,171,0000007e
random8,forward,0,172,00000081
random8,forward,0,173,000000bf
random8,forward,0,174,00000050
random8,forward,0,175,00000013
random8,forward,0,176,0000004f
random8,forward,0,177,0000008b
random8,forward,0,178,000000f2
random8,forward,0,179,00000055
random8,forward,0,180,00000098
random8,forward,0,181,0000001b
random8,forward,0,182,0000006d
random8,forward,0,183,00000062
random8,forward,0,184,00000048
random8,forward,0,185,000000eb
random8,forward,0,186,0000008d
random8,forward,0,187,00000013
random8,forward,0,188,0000000b
random8,forward,0,189,00000036
random8,forward,0,190,000000de
random8,forward,0,191,00000007
random8,forward,0,192,0000004d
random8,forward,0,193,000000f9
random8,forward,0,194,000000ab
random8,forward,0,195,00000098
random8,forward,0,196,00000039
random8,forward,0,197,000000ef
random8,forward,0,198,00000001
random8,forward,0,199,000000e3
random8,forward,0,200,000000bc
random8,forward,0,201,00000096
random8,forward,0,202,000000ac
random8,forward,0,203,000000c4
random8,forward,0,204,00000081
random8,forward,0,205,00000028
random8,forward,0,206,00000037
random8,forward,0,207,000000d7
random8,forward,0,208,000000f6
random8,forward,0,209,000000a2
random8,forward,0,210,000000f0
random8,forward,0,211,00000077
random8,forward,0,212,00000045
random8,forward,0,213,000000c0
random8,forward,0,214,000000e1
random8,forward,0,215,000000c1
random8,forward,0,216,0000005b
random8,forward,0,217,000000fd
random8,forward,0,218,000000d7
random8,forward,0,219,00000091
random8,forward,0,220,000000e3
random8,forward,0,221,00000097
random8,forward,0,222,0000005d
random8,forward,0,223,00000083
random8,forward,0,224,0000004b
random8,forward,0,225,00000088
random8,forward,0,226,000000c0
random8,forward,0,227,000000f2
random8,forward,0,228,000000bd
random8,forward,0,229,0000008c
random8,forward,0,230,0000000c
random8,forward,0,231,000000fb
random8,forward,0,232,00000026
random8,forward,0,233,00000021
random8,forward,0,234,0000000d
random8,forward,0,235,0000007a
random8,forward,0,236,00000032
random8,forward,0,237,00000081
random8,forward,0,238,0000004f
random8,forward,0,239,0000000b
random8,forward,0,240,0000004c
random8,forward,0,241,000000a9
random8,forward,0,242,0000001d
random8,forward,0,243,00000009
random8,forward,0,244,000000a1
random8,forward,0,245,00000055
random8,forward,0,246,00000084
random8,forward,0,247,00000091
random8,forward,0,248,0000001d
random8,forward,0,249,00000000
random8,forward,0,250,00000050
random8,forward,0,251,0000007f
random8,forward,0,252,0000006c
random8,forward,0,253,000000e7
random8,forward,0,254,0000000c
random8,forward,0,255,0000006f
random8,forward,0,256,000000f9
random8,forward,0,257,00000006
random8,forward,0,258,00000006
random8,forward,0,259,000000bc
random8,forward,0,260,000000f1
random8,forward,0,261,00000019
random8,forward,0,262,00000048
random8,forward,0,263,00000083
random8,forward,0,264,00000040
random8,forward,0,265,0000009c
random8,forward,0,266,0000009f
random8,forward,0,267,000000a0
random8,forward,0,268,00000092
random8,forward,0,269,000000ca
random8,forward,0,270,00000096
random8,forward,0,271,000000af
random8,forward,0,272,00000052
random8,forward,0,273,000000a0
random8,forward,0,274,0000007a
random8,forward,0,275,0000000b
random8,forward,0,276,000000ae
random8,forward,0,277,000000da
random8,forward,0,278,00000057
random8,forward,0,279,000000d1
random8,forward,0,280,00000090
random8,forward,0,281,000000f3
random8,forward,0,282,000000f9
random8,forward,0,283,000000dd
random8,forward,0,284,000000a4
random8,forward,0,285,00000028
random8,forward,0,286,000000ec
random8,forward,0,287,000000cb
random8,forward,0,288,00000058
random8,forward,0,289,00000075
random8,forward,0,290,0000007b
random8,forward,0,291,000000f6
random8,forward,0,292,000000d6
random8,forward,0,293,00000096
random8,forward,0,294,000000b3
random8,forward,0,295,0000007b
random8,forward,0,296,0000000b
random8,forward,0,297,00000007
random8,forward,0,298,00000060
random8,forward,0,299,00000036
random8,forward,0,300,000000a2
random8,forward,0,301,00000003
random8,forward,0,302,0000000e
random8,forward,0,303,000000c3
random8,forward,0,304,00000009
random8,forward,0,305,00000087
random8,forward,0,306,00000008
random8,forward,0,307,0000007d
random8,forward,0,308,0000006a
random8,forward,0,309,0000004f
random8,forward,0,310,0000005b
random8,forward,0,311,00000081
random8,forward,0,312,000000b2
random8,forward,0,313,000000d6
random8,forward,0,314,000000d3
random8,forward,0,315,000000ab
random8,forward,0,316,0000008d
random8,forward,0,317,00000059
random8,forward,0,318,000000fb
random8,forward,0,319,00000097
random8,forward,0,320,00000066
random8,forward,0,321,000000d4
random8,forward,0,322,00000020
random8,forward,0,323,000000a0
random8,forward,0,324,0000006a
random8,forward,0,325,00000003
random8,forward,0,326,0000004f
random8,forward,0,327,000000e3
random8,forward,0,328,00000085
random8,forward,0,329,00000061
random8,forward,0,330,00000051
random8,forward,0,331,0000003c
random8,forward,0,332,00000063
random8,forward,0,333,0000002c
random8,forward,0,334,000000b5
random8,forward,0,335,00000046
random8,forward,0,336,0000006f
random8,forward,0,337,0000005e
random8,forward,0,338,000000c5
random8,forward,0,339,0000005f
random8,forward,0,340,000000d6
random8,forward,0,341,000000b3
random8,forward,0,342,0000008e
random8,forward,0,343,000000a1
random8,forward,0,344,00000084
random8,forward,0,345,000000a9
random8,forward,0,346,000000dc
random8,forward,0,347,000000e9
random8,forward,0,348,00000025
random8,forward,0,349,0000007a
random8,forward,0,350,0000003b
random8,forward,0,351,000000d2
random8,forward,0,352,00000024
random8,forward,0,353,00000023
random8,forward,0,354,000000f6
random8,forward,0,355,000000ba
random8,forward,0,356,000000af
random8,forward,0,357,00000060
random8,forward,0,358,0000001a
random8,forward,0,359,000000bb
random8,forward,0,360,000000af
random8,forward,0,361,000000ac
random8,forward,0,362,00000073
random8,forward,0,363,000000b2
random8,forward,0,364,000000d3
random8,forward,0,365,00000045
random8,forward,0,366,0000008c
random8,forward,0,367,0000003a
random8,forward,0,368,00000086
random8,forward,0,369,00000025
random8,forward,0,370,000000b3
random8,forward,0,371,000000b1
random8,forward,0,372,000000f3
random8,forward,0,373,00000008
random8,forward,0,374,000000f2
random8,forward,0,375,00000031
random8,forward,0,376,00000007
random8,forward,0,377,0000006c
random8,forward,0,378,00000015
random8,forward,0,379,00000097
random8,forward,0,380,0000006d
random8,forward,0,381,0000008b
random8,forward,0,382,000000aa
random8,forward,0,383,0000007e
random8,inverse,0,0,000000c6
random8,inverse,0,1,0000004f
random8,inverse,0,2,0000001b
random8,inverse,0,3,000000ad
random8,inverse,0,4,0000008e
random8,inverse,0,5,000000f2
random8,inverse,0,6,000000ad
random8,inverse,0,7,00000084
random8,inverse,0,8,000000ad
random8,inverse,0,9,00000005
random8,inverse,0,10,00000054
random8,inverse,0,11,000000b1
random8,inverse,0,12,000000cf
random8,inverse,0,13,000000c3
random8,inverse,0,14,0000009b
random8,inverse,0,15,000000d0
random8,inverse,0,16,0000005f
random8,inverse,0,17,00000029
random8,inverse,0,18,000000cf
random8,inverse,0,19,0000003c
random8,inverse,0,20,0000008b
random8,inverse,0,21,000000f3
random8,inverse,0,22,000000fc
random8,inverse,0,23,00000012
random8,inverse,0,24,0000003d
random8,inverse,0,25,0000009c
random8,inverse,0,26,000000ee
random8,inverse,0,27,0000002e
random8,inverse,0,28,00000021
random8,inverse,0,29,00000061
random8,inverse,0,30,00000031
random8,inverse,0,31,0000002c
random8,inverse,0,32,000000a5
random8,inverse,0,33,0000003e
random8,inverse,0,34,00000010
random8,inverse,0,35,00000067
random8,inverse,0,36,000000f3
random8,inverse,0,37,000000ef
random8,inverse,0,38,00000098
random8,inverse,0,39,000000fc
random8,inverse,0,40,000000f8
random8,inverse,0,41,000000f0
random8,inverse,0,42,00000095
random8,inverse,0,43,000000c7
random8,inverse,0,44,0000005f
random8,inverse,0,45,0000007c
random8,inverse,0,46,00000093
random8,inverse,0,47,00000064
random8,inverse,0,48,00000096
random8,inverse,0,49,00000090
random8,inverse,0,50,000000dd
random8,inverse,0,51,0000002e
random8,inverse,0,52,000000c7
random8,inverse,0,53,000000e8
random8,inverse,0,54,00000080
random8,inverse,0,55,00000042
random8,inverse,0,56,000000df
random8,inverse,0,57,000000ff
random8,inverse,0,58,00000048
random8,inverse,0,59,0000007c
random8,inverse,0,60,0000008a
random8,inverse,0,61,00000012
random8,inverse,0,62,000000c0
random8,inverse,0,63,00000078
random8,inverse,0,64,00000033
random8,inverse,0,65,0000001d
random8,inverse,0,66,00000035
random8,inverse,0,67,00000091
random8,inverse,0,68,00000007
random8,inverse,0,69,000000dc
random8,inverse,0,70,000000b4
random8,inverse,0,71,000000e4
random8,inverse,0,72,000000f2
random8,inverse,0,73,000000ca
random8,inverse,0,74,00000006
random8,inverse,0,75,0000004d
random8,inverse,0,76,000000a0
random8,inverse,0,77,00000025
random8,inverse,0,78,000000ba
random8,inverse,0,79,00000067
random8,inverse,0,80,0000007c
random8,inverse,0,81,000000e7
random8,inverse,0,82,0000001a
random8,inverse,0,83,00000090
random8,inverse,0,84,000000b3
random8,inverse,0,85,000000cc
random8,inverse,0,86,00000033
random8,inverse,0,87,000000e2
random8,inverse,0,88,00000031
random8,inverse,0,89,00000052
random8,inverse,0,90,000000d1
random8,inverse,0,91,0000003a
random8,inverse,0,92,000000a2
random8,inverse,0,93,000000b3
random8,inverse,0,94,00000080
random8,inverse,0,95,00000033
random8,inverse,0,96,00000071
random8,inverse,0,97,000000ec
random8,inverse,0,98,0000008b
random8,inverse,0,99,0000002b
random8,inverse,0,100,000000cc
random8,inverse,0,101,000000b9
random8,inverse,0,102,000000ff
random8,inverse,0,103,0000003c
random8,inverse,0,104,0000009c
random8,inverse,0,105,00000095
random8,inverse,0,106,000000a8
random8,inverse,0,107,00000043
random8,inverse,0,108,00000090
random8,inverse,0,109,000000be
random8,inverse,0,110,00000011
random8,inverse,0,111,000000db
random8,inverse,0,112,00000013
random8,inverse,0,113,0000002e
random8,inverse,0,114,00000088
random8,inverse,0,115,00000062
random8,inverse,0,116,00000050
random8,inverse,0,117,000000a1
random8,inverse,0,118,00000017
random8,inverse,0,119,000000f2
random8,inverse,0,120,00000034
random8,inverse,0,121,00000095
random8,inverse,0,122,0000008a
random8,inverse,0,123,00000068
random8,inverse,0,124,0000006a
random8,inverse,0,125,00000044
random8,inverse,0,126,0000006f
random8,inverse,0,127,0000005f
random8,inverse,0,128,00000060
random8,inverse,0,129,000000ab
random8,inverse,0,130,00000010
random8,inverse,0,131,00000035
random8,inverse,0,132,00000040
random8,inverse,0,133,00000086
random8,inverse,0,134,0000007a
random8,inverse,0,135,00000004
random8,inverse,0,136,000000f7
random8,inverse,0,137,00000050
random8,inverse,0,138,00000079
random8,inverse,0,139,000000a9
random8,inverse,0,140,00000031
random8,inverse,0,141,00000046
random8,inverse,0,142,00000099
random8,inverse,0,143,000000bf
random8,inverse,0,144,00000059
random8,inverse,0,145,00000064
random8,inverse,0,146,00000025
random8,inverse,0,147,000000a4
random8,inverse,0,148,0000009c
random8,inverse,0,149,00000066
random8,inverse,0,150,0000002a
random8,inverse,0,151,00000072
random8,inverse,0,152,000000e6
random8,inverse,0,153,000000c8
random8,inverse,0,154,00000074
random8,inverse,0,155,00000006
random8,inverse,0,156,000000e3
random8,inverse,0,157,000000c5
random8,inverse,0,158,0000008e
random8,inverse,0,159,000000fb
random8,inverse,0,160,000000fe
random8,inverse,0,161,0000005a
random8,inverse,0,162,000000c6
random8,inverse,0,163,000000ae
random8,inverse,0,164,00000064
random8,inverse,0,165,00000043
random8,inverse,0,166,00000026
random8,inverse,0,167,0000003c
random8,inverse,0,168,00000001
random8,inverse,0,169,000000fb
random8,inverse,0,170,0000007a
random8,inverse,0,171,0000007e
random8,inverse,0,172,00000081
random8,inverse,0,173,000000bf
random8,inverse,0,174,00000050
random8,inverse,0,175,00000013
random8,inverse,0,176,0000004f
random8,inverse,0,177,0000008b
random8,inverse,0,178,000000f2
random8,inverse,0,179,00000055
random8,inverse,0,180,00000098
random8,inverse,0,181,0000001b
random8,inverse,0,182,0000006d
random8,inverse,0,183,00000062
random8,inverse,0,184,00000048
random8,inverse,0,185,000000eb
random8,inverse,0,186,0000008d
random8,inverse,0,187,00000013
random8,inverse,0,188,0000000b
random8,inverse,0,189,00000036
random8,inverse,0,190,000000de
random8,inverse,0,191,00000007
random8,inverse,0,192,0000004d
random8,inverse,0,193,000000f9
random8,inverse,0,194,000000ab
random8,inverse,0,195,00000098
random8,inverse,0,196,00000039
random8,inverse,0,197,000000ef
random8,inverse,0,198,00000001
random8,inverse,0,199,000000e3
random8,inverse,0,200,000000bc
random8,inverse,0,201,00000096
random8,inverse,0,202,000000ac
random8,inverse,0,203,000000c4
random8,inverse,0,204,00000081
random8,inverse,0,205,00000028
random8,inverse,0,206,00000037
random8,inverse,0,207,000000d7
random8,inverse,0,208,000000f6
random8,inverse,0,209,000000a2
random8,inverse,0,210,000000f0
random8,inverse,0,211,00000077
random8,inverse,0,212,00000045
random8,inverse,0,213,000000c0
random8,inverse,0,214,000000e1
random8,inverse,0,215,000000c1
random8,inverse,0,216,0000005b
random8,inverse,0,217,000000fd
random8,inverse,0,218,000000d7
random8,inverse,0,219,00000091
random8,inverse,0,220,000000e3
random8,inverse,0,221,00000097
random8,inverse,0,222,0000005d
random8,inverse,0,223,00000083
random8,inverse,0,224,0000004b
random8,inverse,0,225,00000088
random8,inverse,0,226,000000c0
random8,inverse,0,227,000000f2
random8,inverse,0,228,000000bd
random8,inverse,0,229,0000008c
random8,inverse,0,230,0000000c
random8,inverse,0,231,000000fb
random8,inverse,0,232,00000026
random8,inverse,0,233,00000021
random8,inverse,0,234,0000000d
random8,inverse,0,235,0000007a
random8,inverse,0,236,00000032
random8,inverse,0,237,00000081
random8,inverse,0,238,0000004f
random8,inverse,0,239,0000000b
random8,inverse,0,240,0000004c
random8,inverse,0,241,000000a9
random8,inverse,0,242,0000001d
random8,inverse,0,243,00000009
random8,inverse,0,244,000000a1
random8,inverse,0,245,00000055
random8,inverse,0,246,00000084
random8,inverse,0,247,00000091
random8,inverse,0,248,0000001d
random8,inverse,0,249,00000000
random8,inverse,0,250,00000050
random8,inverse,0,251,0000007f
random8,inverse,0,252,0000006c
random8,inverse,0,253,000000e7
random8,inverse,0,254,0000000c
random8,inverse,0,255,0000006f
random8,inverse,0,256,000000f9
random8,inverse,0,257,00000006
random8,inverse,0,258,00000006
random8,inverse,0,259,000000bc
random8,inverse,0,260,000000f1
random8,inverse,0,261,00000019
random8,inverse,0,262,00000048
random8,inverse,0,263,00000083
random8,inverse,0,264,00000040
random8,inverse,0,265,0000009c
random8,inverse,0,266,0000009f
random8,inverse,0,267,000000a0
random8,inverse,0,268,00000092
random8,inverse,0,269,000000ca
random8,inverse,0,270,00000096
random8,inverse,0,271,000000af
random8,inverse,0,272,00000052
random8,inverse,0,273,000000a0
random8,inverse,0,274,0000007a
random8,inverse,0,275,0000000b
random8,inverse,0,276,000000ae
random8,inverse,0,277,000000da
random8,inverse,0,278,00000057
random8,inverse,0,279,000000d1
random8,inverse,0,280,00000090
random8,inverse,0,281,000000f3
random8,inverse,0,282,000000f9
random8,inverse,0,283,000000dd
random8,inverse,0,284,000000a4
random8,inverse,0,285,00000028
random8,inverse,0,286,000000ec
random8,inverse,0,287,000000cb
random8,inverse,0,288,00000058
random8,inverse,0,289,00000075
random8,inverse,0,290,0000007b
random8,inverse,0,291,000000f6
random8,inverse,0,292,000000d6
random8,inverse,0,293,00000096
random8,inverse,0,294,000000b3
random8,inverse,0,295,0000007b
random8,inverse,0,296,0000000b
random8,inverse,0,297,00000007
random8,inverse,0,298,00000060
random8,inverse,0,299,00000036
random8,inverse,0,300,000000a2
random8,inverse,0,301,00000003
random8,inverse,0,302,0000000e
random8,inverse,0,303,000000c3
random8,inverse,0,304,00000009
random8,inverse,0,305,00000087
random8,inverse,0,306,00000008
random8,inverse,0,307,0000007d
random8,inverse,0,308,0000006a
random8,inverse,0,309,0000004f
random8,inverse,0,310,0000005b
random8,inverse,0,311,00000081
random8,inverse,0,312,000000b2
random8,inverse,0,313,000000d6
random8,inverse,0,314,000000d3
random8,inverse,0,315,000000ab
random8,inverse,0,316,0000008d
random8,inverse,0,317,00000059
random8,inverse,0,318,000000fb
random8,inverse,0,319,00000097
random8,inverse,0,320,00000066
random8,inverse,0,321,000000d4
random8,inverse,0,322,00000020
random8,inverse,0,323,000000a0
random8,inverse,0,324,0000006a
random8,inverse,0,325,00000003
random8,inverse,0,326,0000004f
random8,inverse,0,327,000000e3
random8,inverse,0,328,00000085
random8,inverse,0,329,00000061
random8,inverse,0,330,00000051
random8,inverse,0,331,0000003c
random8,inverse,0,332,00000063
random8,inverse,0,333,0000002c
random8,inverse,0,334,000000b5
random8,inverse,0,335,00000046
random8,inverse,0,336,0000006f
random8,inverse,0,337,0000005e
random8,inverse,0,338,000000c5
random8,inverse,0,339,0000005f
random8,inverse,0,340,000000d6
random8,inverse,0,341,000000b3
random8,inverse,0,342,0000008e
random8,inverse,0,343,000000a1
random8,inverse,0,344,00000084
random8,inverse,0,345,000000a9
random8,inverse,0,346,000000dc
random8,inverse,0,347,000000e9
random8,inverse,0,348,00000025
random8,inverse,0,349,0000007a
random8,inverse,0,350,0000003b
random8,inverse,0,351,000000d2
random8,inverse,0,352,00000024
random8,inverse,0,353,00000023
random8,inverse,0,354,000000f6
random8,inverse,0,355,000000ba
random8,inverse,0,356,000000af
random8,inverse,0,357,00000060
random8,inverse,0,358,0000001a
random8,inverse,0,359,000000bb
random8,inverse,0,360,000000af
random8,inverse,0,361,000000ac
random8,inverse,0,362,00000073
random8,inverse,0,363,000000b2
random8,inverse,0,364,000000d3
random8,inverse,0,365,00000045
random8,inverse,0,366,0000008c
random8,inverse,0,367,0000003a
random8,inverse,0,368,00000086
random8,inverse,0,369,00000025
random8,inverse,0,370,000000b3
random8,inverse,0,371,000000b1
random8,inverse,0,372,000000f3
random8,inverse,0,373,00000008
random8,inverse,0,374,000000f2
random8,inverse,0,375,00000031
random8,inverse,0,376,00000007
random8,inverse,0,377,0000006c
random8,inverse,0,378,00000015
random8,inverse,0,379,00000097
random8,inverse,0,380,0000006d
random8,inverse,0,381,0000008b
random8,inverse,0,382,000000aa
random8,inverse,0,383,0000007e
structured8,forward,1,0,000000ec
structured8,forward,1,1,00000036
structured8,forward,1,2,0000007f
structured8,forward,1,3,00000083
structured8,forward,1,4,000000ca
structured8,forward,1,5,00000010
structured8,forward,1,6,00000059
structured8,forward,1,7,000000e9
structured8,forward,1,8,00000030
structured8,forward,1,9,0000007a
structured8,forward,1,10,00000083
structured8,forward,1,11,000000cf
structured8,forward,1,12,00000016
structured8,forward,1,13,0000005c
structured8,forward,1,14,000000e5
structured8,forward,1,15,0000003d
structured8,forward,1,16,00000074
structured8,forward,1,17,0000008e
structured8,forward,1,18,000000c7
structured8,forward,1,19,0000001b
structured8,forward,1,20,00000052
structured8,forward,1,21,000000e8
structured8,forward,1,22,00000021
structured8,forward,1,23,00000071
structured8,forward,1,24,00000088
structured8,forward,1,25,000000c2
structured8,forward,1,26,0000001b
structured8,forward,1,27,00000057
structured8,forward,1,28,000000ee
structured8,forward,1,29,00000024
structured8,forward,1,30,0000007d
structured8,forward,1,31,00000095
structured8,forward,1,32,000000dc
structured8,forward,1,33,00000006
structured8,forward,1,34,0000004f
structured8,forward,1,35,000000f3
structured8,forward,1,36,0000003a
structured8,forward,1,37,00000060
structured8,forward,1,38,000000a9
structured8,forward,1,39,000000d9
structured8,forward,1,40,00000000
structured8,forward,1,41,0000004a
structured8,forward,1,42,000000f3
structured8,forward,1,43,0000003f
structured8,forward,1,44,00000066
structured8,forward,1,45,000000ac
structured8,forward,1,46,000000d5
structured8,forward,1,47,0000000d
structured8,forward,1,48,00000044
structured8,forward,1,49,000000fe
structured8,forward,1,50,00000037
structured8,forward,1,51,0000006b
structured8,forward,1,52,000000a2
structured8,forward,1,53,000000d8
structured8,forward,1,54,00000011
structured8,forward,1,55,00000041
structured8,forward,1,56,000000f8
structured8,forward,1,57,00000032
structured8,forward,1,58,0000006b
structured8,forward,1,59,000000a7
structured8,forward,1,60,000000de
structured8,forward,1,61,00000014
structured8,forward,1,62,0000004d
structured8,forward,1,63,000000c5
structured8,forward,1,64,0000000c
structured8,forward,1,65,00000056
structured8,forward,1,66,0000009f
structured8,forward,1,67,000000e3
structured8,forward,1,68,0000002a
structured8,forward,1,69,00000070
structured8,forward,1,70,000000b9
structured8,forward,1,71,00000009
structured8,forward,1,72,00000050
structured8,forward,1,73,0000009a
structured8,forward,1,74,000000e3
structured8,forward,1,75,0000002f
structured8,forward,1,76,00000076
structured8,forward,1,77,000000bc
structured8,forward,1,78,00000005
structured8,forward,1,79,0000005d
structured8,forward,1,80,00000094
structured8,forward,1,81,000000ee
structured8,forward,1,82,00000027
structured8,forward,1,83,0000007b
structured8,forward,1,84,000000b2
structured8,forward,1,85,00000008
structured8,forward,1,86,00000041
structured8,forward,1,87,00000091
structured8,forward,1,88,000000e8
structured8,forward,1,89,00000022
structured8,forward,1,90,0000007b
structured8,forward,1,91,000000b7
structured8,forward,1,92,0000000e
structured8,forward,1,93,00000044
structured8,forward,1,94,0000009d
structured8,forward,1,95,000000f5
structured8,forward,1,96,0000003c
structured8,forward,1,97,00000066
structured8,forward,1,98,000000af
structured8,forward,1,99,00000013
structured8,forward,1,100,0000005a
structured8,forward,1,101,00000080
structured8,forward,1,102,000000c9
structured8,forward,1,103,00000039
structured8,forward,1,104,00000060
structured8,forward,1,105,000000aa
structured8,forward,1,106,00000013
structured8,forward,1,107,0000005f
structured8,forward,1,108,00000086
structured8,forward,1,109,000000cc
structured8,forward,1,110,00000035
structured8,forward,1,111,0000006d
structured8,forward,1,112,000000a4
structured8,forward,1,113,0000001e
structured8,forward,1,114,00000057
structured8,forward,1,115,0000008b
structured8,forward,1,116,000000c2
structured8,forward,1,117,00000038
structured8,forward,1,118,00000071
structured8,forward,1,119,000000a1
structured8,forward,1,120,00000018
structured8,forward,1,121,00000052
structured8,forward,1,122,0000008b
structured8,forward,1,123,000000c7
structured8,forward,1,124,0000003e
structured8,forward,1,125,00000074
structured8,forward,1,126,000000ad
structured8,forward,1,127,00000065
structured8,forward,1,128,0000002c
structured8,forward,1,129,000000f6
structured8,forward,1,130,000000bf
structured8,forward,1,131,00000043
structured8,forward,1,132,0000000a
structured8,forward,1,133,000000d0
structured8,forward,1,134,00000099
structured8,forward,1,135,00000029
structured8,forward,1,136,000000f0
structured8,forward,1,137,000000ba
structured8,forward,1,138,00000043
structured8,forward,1,139,0000000f
structured8,forward,1,140,000000d6
structured8,forward,1,141,0000009c
structured8,forward,1,142,00000025
structured8,forward,1,143,000000fd
structured8,forward,1,144,000000b4
structured8,forward,1,145,0000004e
structured8,forward,1,146,00000007
structured8,forward,1,147,000000db
structured8,forward,1,148,00000092
structured8,forward,1,149,00000028
structured8,forward,1,150,000000e1
structured8,forward,1,151,000000b1
structured8,forward,1,152,00000048
structured8,forward,1,153,00000002
structured8,forward,1,154,000000db
structured8,forward,1,155,00000097
structured8,forward,1,156,0000002e
structured8,forward,1,157,000000e4
structured8,forward,1,158,000000bd
structured8,forward,1,159,00000055
structured8,forward,1,160,0000001c
structured8,forward,1,161,000000c6
structured8,forward,1,162,0000008f
structured8,forward,1,163,00000033
structured8,forward,1,164,000000fa
structured8,forward,1,165,000000a0
structured8,forward,1,166,00000069
structured8,forward,1,167,00000019
structured8,forward,1,168,000000c0
structured8,forward,1,169,0000008a
structured8,forward,1,170,00000033
structured8,forward,1,171,000000ff
structured8,forward,1,172,000000a6
structured8,forward,1,173,0000006c
structured8,forward,1,174,00000015
structured8,forward,1,175,000000cd
structured8,forward,1,176,00000084
structured8,forward,1,177,0000003e
structured8,forward,1,178,000000f7
structured8,forward,1,179,000000ab
structured8,forward,1,180,00000062
structured8,forward,1,181,00000018
structured8,forward,1,182,000000d1
structured8,forward,1,183,00000081
structured8,forward,1,184,00000038
structured8,forward,1,185,000000f2
structured8,forward,1,186,000000ab
structured8,forward,1,187,00000067
structured8,forward,1,188,0000001e
structured8,forward,1,189,000000d4
structured8,forward,1,190,0000008d
structured8,forward,1,191,00000005
structured8,forward,1,192,000000cc
structured8,forward,1,193,00000096
structured8,forward,1,194,0000005f
structured8,forward,1,195,00000023
structured8,forward,1,196,000000ea
structured8,forward,1,197,000000b0
structured8,forward,1,198,00000079
structured8,forward,1,199,000000c9
structured8,forward,1,200,00000090
structured8,forward,1,201,0000005a
structured8,forward,1,202,00000023
structured8,forward,1,203,000000ef
structured8,forward,1,204,000000b6
structured8,forward,1,205,0000007c
structured8,forward,1,206,000000c5
structured8,forward,1,207,0000009d
structured8,forward,1,208,00000054
structured8,forward,1,209,0000002e
structured8,forward,1,210,000000e7
structured8,forward,1,211,000000bb
structured8,forward,1,212,00000072
structured8,forward,1,213,000000c8
structured8,forward,1,214,00000081
structured8,forward,1,215,00000051
structured8,forward,1,216,00000028
structured8,forward,1,217,000000e2
structured8,forward,1,218,000000bb
structured8,forward,1,219,00000077
structured8,forward,1,220,000000ce
structured8,forward,1,221,00000084
structured8,forward,1,222,0000005d
structured8,forward,1,223,00000035
structured8,forward,1,224,000000fc
structured8,forward,1,225,000000a6
structured8,forward,1,226,0000006f
structured8,forward,1,227,000000d3
structured8,forward,1,228,0000009a
structured8,forward,1,229,00000040
structured8,forward,1,230,00000009
structured8,forward,1,231,000000f9
structured8,forward,1,232,000000a0
structured8,forward,1,233,0000006a
structured8,forward,1,234,000000d3
structured8,forward,1,235,0000009f
structured8,forward,1,236,00000046
structured8,forward,1,237,0000000c
structured8,forward,1,238,000000f5
structured8,forward,1,239,000000ad
structured8,forward,1,240,00000064
structured8,forward,1,241,000000de
structured8,forward,1,242,00000097
structured8,forward,1,243,0000004b
structured8,forward,1,244,00000002
structured8,forward,1,245,000000f8
structured8,forward,1,246,000000b1
structured8,forward,1,247,00000061
structured8,forward,1,248,000000d8
structured8,forward,1,249,00000092
structured8,forward,1,250,0000004b
structured8,forward,1,251,00000007
structured8,forward,1,252,000000fe
structured8,forward,1,253,000000b4
structured8,forward,1,254,0000006d
structured8,forward,1,255,00000025
structured8,forward,1,256,0000006c
structured8,forward,1,257,000000b6
structured8,forward,1,258,000000ff
structured8,forward,1,259,00000003
structured8,forward,1,260,0000004a
structured8,forward,1,261,00000090
structured8,forward,1,262,000000d9
structured8,forward,1,263,00000069
structured8,forward,1,264,000000b0
structured8,forward,1,265,000000fa
structured8,forward,1,266,00000003
structured8,forward,1,267,0000004f
structured8,forward,1,268,00000096
structured8,forward,1,269,000000dc
structured8,forward,1,270,00000065
structured8,forward,1,271,000000bd
structured8,forward,1,272,000000f4
structured8,forward,1,273,0000000e
structured8,forward,1,274,00000047
structured8,forward,1,275,0000009b
structured8,forward,1,276,000000d2
structured8,forward,1,277,00000068
structured8,forward,1,278,000000a1
structured8,forward,1,279,000000f1
structured8,forward,1,280,00000008
structured8,forward,1,281,00000042
structured8,forward,1,282,0000009b
structured8,forward,1,283,000000d7
structured8,forward,1,284,0000006e
structured8,forward,1,285,000000a4
structured8,forward,1,286,000000fd
structured8,forward,1,287,00000015
structured8,forward,1,288,0000005c
structured8,forward,1,289,00000086
structured8,forward,1,290,000000cf
structured8,forward,1,291,00000073
structured8,forward,1,292,000000ba
structured8,forward,1,293,000000e0
structured8,forward,1,294,00000029
structured8,forward,1,295,00000059
structured8,forward,1,296,00000080
structured8,forward,1,297,000000ca
structured8,forward,1,298,00000073
structured8,forward,1,299,000000bf
structured8,forward,1,300,000000e6
structured8,forward,1,301,0000002c
structured8,forward,1,302,00000055
structured8,forward,1,303,0000008d
structured8,forward,1,304,000000c4
structured8,forward,1,305,0000007e
structured8,forward,1,306,000000b7
structured8,forward,1,307,000000eb
structured8,forward,1,308,00000022
structured8,forward,1,309,00000058
structured8,forward,1,310,00000091
structured8,forward,1,311,000000c1
structured8,forward,1,312,00000078
structured8,forward,1,313,000000b2
structured8,forward,1,314,000000eb
structured8,forward,1,315,00000027
structured8,forward,1,316,0000005e
structured8,forward,1,317,00000094
structured8,forward,1,318,000000cd
structured8,forward,1,319,00000045
structured8,forward,1,320,0000008c
structured8,forward,1,321,000000d6
structured8,forward,1,322,0000001f
structured8,forward,1,323,00000063
structured8,forward,1,324,000000aa
structured8,forward,1,325,000000f0
structured8,forward,1,326,00000039
structured8,forward,1,327,00000089
structured8,forward,1,328,000000d0
structured8,forward,1,329,0000001a
structured8,forward,1,330,00000063
structured8,forward,1,331,000000af
structured8,forward,1,332,000000f6
structured8,forward,1,333,0000003c
structured8,forward,1,334,00000085
structured8,forward,1,335,000000dd
structured8,forward,1,336,00000014
structured8,forward,1,337,0000006e
structured8,forward,1,338,000000a7
structured8,forward,1,339,000000fb
structured8,forward,1,340,00000032
structured8,forward,1,341,00000088
structured8,forward,1,342,000000c1
structured8,forward,1,343,00000011
structured8,forward,1,344,00000068
structured8,forward,1,345,000000a2
structured8,forward,1,346,000000fb
structured8,forward,1,347,00000037
structured8,forward,1,348,0000008e
structured8,forward,1,349,000000c4
structured8,forward,1,350,0000001d
structured8,forward,1,351,00000075
structured8,forward,1,352,000000bc
structured8,forward,1,353,000000e6
structured8,forward,1,354,0000002f
structured8,forward,1,355,00000093
structured8,forward,1,356,000000da
structured8,forward,1,357,00000000
structured8,forward,1,358,00000049
structured8,forward,1,359,000000b9
structured8,forward,1,360,000000e0
structured8,forward,1,361,0000002a
structured8,forward,1,362,00000093
structured8,forward,1,363,000000df
structured8,forward,1,364,00000006
structured8,forward,1,365,0000004c
structured8,forward,1,366,000000b5
structured8,forward,1,367,000000ed
structured8,forward,1,368,00000024
structured8,forward,1,369,0000009e
structured8,forward,1,370,000000d7
structured8,forward,1,371,0000000b
structured8,forward,1,372,00000042
structured8,forward,1,373,000000b8
structured8,forward,1,374,000000f1
structured8,forward,1,375,00000021
structured8,forward,1,376,00000098
structured8,forward,1,377,000000d2
structured8,forward,1,378,0000000b
structured8,forward,1,379,00000047
structured8,forward,1,380,000000be
structured8,forward,1,381,000000f4
structured8,forward,1,382,0000002d
structured8,forward,1,383,000000a5
structured8,inverse,1,0,0000002d
structured8,inverse,1,1,000000a5
structured8,inverse,1,2,000000ec
structured8,inverse,1,3,00000036
structured8,inverse,1,4,0000007f
structured8,inverse,1,5,00000083
structured8,inverse,1,6,000000ca
structured8,inverse,1,7,00000010
structured8,inverse,1,8,00000059
structured8,inverse,1,9,000000e9
structured8,inverse,1,10,00000030
structured8,inverse,1,11,0000007a
structured8,inverse,1,12,00000083
structured8,inverse,1,13,000000cf
structured8,inverse,1,14,00000016
structured8,inverse,1,15,0000005c
structured8,inverse,1,16,000000e5
structured8,inverse,1,17,0000003d
structured8,inverse,1,18,00000074
structured8,inverse,1,19,0000008e
structured8,inverse,1,20,000000c7
structured8,inverse,1,21,0000001b
structured8,inverse,1,22,00000052
structured8,inverse,1,23,000000e8
structured8,inverse,1,24,00000021
structured8,inverse,1,25,00000071
structured8,inverse,1,26,00000088
structured8,inverse,1,27,000000c2
structured8,inverse,1,28,0000001b
structured8,inverse,1,29,00000057
structured8,inverse,1,30,000000ee
structured8,inverse,1,31,00000024
structured8,inverse,1,32,0000007d
structured8,inverse,1,33,00000095
structured8,inverse,1,34,000000dc
structured8,inverse,1,35,00000006
structured8,inverse,1,36,0000004f
structured8,inverse,1,37,000000f3
structured8,inverse,1,38,0000003a
structured8,inverse,1,39,00000060
structured8,inverse,1,40,000000a9
structured8,inverse,1,41,000000d9
structured8,inverse,1,42,00000000
structured8,inverse,1,43,0000004a
structured8,inverse,1,44,000000f3
structured8,inverse,1,45,0000003f
structured8,inverse,1,46,00000066
structured8,inverse,1,47,000000ac
structured8,inverse,1,48,000000d5
structured8,inverse,1,49,0000000d
structured8,inverse,1,50,00000044
structured8,inverse,1,51,000000fe
structured8,inverse,1,52,00000037
structured8,inverse,1,53,0000006b
structured8,inverse,1,54,000000a2
structured8,inverse,1,55,000000d8
structured8,inverse,1,56,00000011
structured8,inverse,1,57,00000041
structured8,inverse,1,58,000000f8
structured8,inverse,1,59,00000032
structured8,inverse,1,60,0000006b
structured8,inverse,1,61,000000a7
structured8,inverse,1,62,000000de
structured8,inverse,1,63,00000014
structured8,inverse,1,64,0000004d
structured8,inverse,1,65,000000c5
structured8,inverse,1,66,0000000c
structured8,inverse,1,67,00000056
structured8,inverse,1,68,0000009f
structured8,inverse,1,69,000000e3
structured8,inverse,1,70,0000002a
structured8,inverse,1,71,00000070
structured8,inverse,1,72,000000b9
structured8,inverse,1,73,00000009
structured8,inverse,1,74,00000050
structured8,inverse,1,75,0000009a
structured8,inverse,1,76,000000e3
structured8,inverse,1,77,0000002f
structured8,inverse,1,78,00000076
structured8,inverse,1,79,000000bc
structured8,inverse,1,80,00000005
structured8,inverse,1,81,0000005d
structured8,inverse,1,82,00000094
structured8,inverse,1,83,000000ee
structured8,inverse,1,84,00000027
structured8,inverse,1,85,0000007b
structured8,inverse,1,86,000000b2
structured8,inverse,1,87,00000008
structured8,inverse,1,88,00000041
structured8,inverse,1,89,00000091
structured8,inverse,1,90,000000e8
structured8,inverse,1,91,00000022
structured8,inverse,1,92,0000007b
structured8,inverse,1,93,000000b7
structured8,inverse,1,94,0000000e
structured8,inverse,1,95,00000044
structured8,inverse,1,96,0000009d
structured8,inverse,1,97,000000f5
structured8,inverse,1,98,0000003c
structured8,inverse,1,99,00000066
structured8,inverse,1,100,000000af
structured8,inverse,1,101,00000013
structured8,inverse,1,102,0000005a
structured8,inverse,1,103,00000080
structured8,inverse,1,104,000000c9
structured8,inverse,1,105,00000039
structured8,inverse,1,106,00000060
structured8,inverse,1,107,000000aa
structured8,inverse,1,108,00000013
structured8,inverse,1,109,0000005f
structured8,inverse,1,110,00000086
structured8,inverse,1,111,000000cc
structured8,inverse,1,112,00000035
structured8,inverse,1,113,0000006d
structured8,inverse,1,114,000000a4
structured8,inverse,1,115,0000001e
structured8,inverse,1,116,00000057
structured8,inverse,1,117,0000008b
structured8,inverse,1,118,000000c2
structured8,inverse,1,119,00000038
structured8,inverse,1,120,00000071
structured8,inverse,1,121,000000a1
structured8,inverse,1,122,00000018
structured8,inverse,1,123,00000052
structured8,inverse,1,124,0000008b
structured8,inverse,1,125,000000c7
structured8,inverse,1,126,0000003e
structured8,inverse,1,127,00000074
structured8,inverse,1,128,000000ad
structured8,inverse,1,129,00000065
structured8,inverse,1,130,0000002c
structured8,inverse,1,131,000000f6
structured8,inverse,1,132,000000bf
structured8,inverse,1,133,00000043
structured8,inverse,1,134,0000000a
structured8,inverse,1,135,000000d0
structured8,inverse,1,136,00000099
structured8,inverse,1,137,00000029
structured8,inverse,1,138,000000f0
structured8,inverse,1,139,000000ba
structured8,inverse,1,140,00000043
structured8,inverse,1,141,0000000f
structured8,inverse,1,142,000000d6
structured8,inverse,1,143,0000009c
structured8,inverse,1,144,00000025
structured8,inverse,1,145,000000fd
structured8,inverse,1,146,000000b4
structured8,inverse,1,147,0000004e
structured8,inverse,1,148,00000007
structured8,inverse,1,149,000000db
structured8,inverse,1,150,00000092
structured8,inverse,1,151,00000028
structured8,inverse,1,152,000000e1
structured8,inverse,1,153,000000b1
structured8,inverse,1,154,00000048
structured8,inverse,1,155,00000002
structured8,inverse,1,156,000000db
structured8,inverse,1,157,00000097
structured8,inverse,1,158,0000002e
structured8,inverse,1,159,000000e4
structured8,inverse,1,160,000000bd
structured8,inverse,1,161,00000055
structured8,inverse,1,162,0000001c
structured8,inverse,1,163,000000c6
structured8,inverse,1,164,0000008f
structured8,inverse,1,165,00000033
structured8,inverse,1,166,000000fa
structured8,inverse,1,167,000000a0
structured8,inverse,1,168,00000069
structured8,inverse,1,169,00000019
structured8,inverse,1,170,000000c0
structured8,inverse,1,171,0000008a
structured8,inverse,1,172,00000033
structured8,inverse,1,173,000000ff
structured8,inverse,1,174,000000a6
structured8,inverse,1,175,0000006c
structured8,inverse,1,176,00000015
structured8,inverse,1,177,000000cd
structured8,inverse,1,178,00000084
structured8,inverse,1,179,0000003e
structured8,inverse,1,180,000000f7
structured8,inverse,1,181,000000ab
structured8,inverse,1,182,00000062
structured8,inverse,1,183,00000018
structured8,inverse,1,184,000000d1
structured8,inverse,1,185,00000081
structured8,inverse,1,186,00000038
structured8,inverse,1,187,000000f2
structured8,inverse,1,188,000000ab
structured8,inverse,1,189,00000067
structured8,inverse,1,190,0000001e
structured8,inverse,1,191,000000d4
structured8,inverse,1,192,0000008d
structured8,inverse,1,193,00000005
structured8,inverse,1,194,000000cc
structured8,inverse,1,195,00000096
structured8,inverse,1,196,0000005f
structured8,inverse,1,197,00000023
structured8,inverse,1,198,000000ea
structured8,inverse,1,199,000000b0
structured8,inverse,1,200,00000079
structured8,inverse,1,201,000000c9
structured8,inverse,1,202,00000090
structured8,inverse,1,203,0000005a
structured8,inverse,1,204,00000023
structured8,inverse,1,205,000000ef
structured8,inverse,1,206,000000b6
structured8,inverse,1,207,0000007c
structured8,inverse,1,208,000000c5
structured8,inverse,1,209,0000009d
structured8,inverse,1,210,00000054
structured8,inverse,1,211,0000002e
structured8,inverse,1,212,000000e7
structured8,inverse,1,213,000000bb
structured8,inverse,1,214,00000072
structured8,inverse,1,215,000000c8
structured8,inverse,1,216,00000081
structured8,inverse,1,217,00000051
structured8,inverse,1,218,00000028
structured8,inverse,1,219,000000e2
structured8,inverse,1,220,000000bb
structured8,inverse,1,221,00000077
structured8,inverse,1,222,000000ce
structured8,inverse,1,223,00000084
structured8,inverse,1,224,0000005d
structured8,inverse,1,225,00000035
structured8,inverse,1,226,000000fc
structured8,inverse,1,227,000000a6
structured8,inverse,1,228,0000006f
structured8,inverse,1,229,000000d3
structured8,inverse,1,230,0000009a
structured8,inverse,1,231,00000040
structured8,inverse,1,232,00000009
structured8,inverse,1,233,000000f9
structured8,inverse,1,234,000000a0
structured8,inverse,1,235,0000006a
structured8,inverse,1,236,000000d3
structured8,inverse,1,237,0000009f
structured8,inverse,1,238,00000046
structured8,inverse,1,239,0000000c
structured8,inverse,1,240,000000f5
structured8,inverse,1,241,000000ad
structured8,inverse,1,242,00000064
structured8,inverse,1,243,000000de
structured8,inverse,1,244,00000097
structured8,inverse,1,245,0000004b
structured8,inverse,1,246,00000002
structured8,inverse,1,247,000000f8
structured8,inverse,1,248,000000b1
structured8,inverse,1,249,00000061
structured8,inverse,1,250,000000d8
structured8,inverse,1,251,00000092
structured8,inverse,1,252,0000004b
structured8,inverse,1,253,00000007
structured8,inverse,1,254,000000fe
structured8,inverse,1,255,000000b4
structured8,inverse,1,256,0000006d
structured8,inverse,1,257,00000025
structured8,inverse,1,258,0000006c
structured8,inverse,1,259,000000b6
structured8,inverse,1,260,000000ff
structured8,inverse,1,261,00000003
structured8,inverse,1,262,0000004a
structured8,inverse,1,263,00000090
structured8,inverse,1,264,000000d9
structured8,inverse,1,265,00000069
structured8,inverse,1,266,000000b0
structured8,inverse,1,267,000000fa
structured8,inverse,1,268,00000003
structured8,inverse,1,269,0000004f
structured8,inverse,1,270,00000096
structured8,inverse,1,271,000000dc
structured8,inverse,1,272,00000065
structured8,inverse,1,273,000000bd
structured8,inverse,1,274,000000f4
structured8,inverse,1,275,0000000e
structured8,inverse,1,276,00000047
structured8,inverse,1,277,0000009b
structured8,inverse,1,278,000000d2
structured8,inverse,1,279,00000068
structured8,inverse,1,280,000000a1
structured8,inverse,1,281,000000f1
structured8,inverse,1,282,00000008
structured8,inverse,1,283,00000042
structured8,inverse,1,284,0000009b
structured8,inverse,1,285,000000d7
structured8,inverse,1,286,0000006e
structured8,inverse,1,287,000000a4
structured8,inverse,1,288,000000fd
structured8,inverse,1,289,00000015
structured8,inverse,1,290,0000005c
structured8,inverse,1,291,00000086
structured8,inverse,1,292,000000cf
structured8,inverse,1,293,00000073
structured8,inverse,1,294,000000ba
structured8,inverse,1,295,000000e0
structured8,inverse,1,296,00000029
structured8,inverse,1,297,00000059
structured8,inverse,1,298,00000080
structured8,inverse,1,299,000000ca
structured8,inverse,1,300,00000073
structured8,inverse,1,301,000000bf
structured8,inverse,1,302,000000e6
structured8,inverse,1,303,0000002c
structured8,inverse,1,304,00000055
structured8,inverse,1,305,0000008d
structured8,inverse,1,306,000000c4
structured8,inverse,1,307,0000007e
structured8,inverse,1,308,000000b7
structured8,inverse,1,309,000000eb
structured8,inverse,1,310,00000022
structured8,inverse,1,311,00000058
structured8,inverse,1,312,00000091
structured8,inverse,1,313,000000c1
structured8,inverse,1,314,00000078
structured8,inverse,1,315,000000b2
structured8,inverse,1,316,000000eb
structured8,inverse,1,317,00000027
structured8,inverse,1,318,0000005e
structured8,inverse,1,319,00000094
structured8,inverse,1,320,000000cd
structured8,inverse,1,321,00000045
structured8,inverse,1,322,0000008c
structured8,inverse,1,323,000000d6
structured8,inverse,1,324,0000001f
structured8,inverse,1,325,00000063
structured8,inverse,1,326,000000aa
structured8,inverse,1,327,000000f0
structured8,inverse,1,328,00000039
structured8,inverse,1,329,00000089
structured8,inverse,1,330,000000d0
structured8,inverse,1,331,0000001a
structured8,inverse,1,332,00000063
structured8,inverse,1,333,000000af
structured8,inverse,1,334,000000f6
structured8,inverse,1,335,0000003c
structured8,inverse,1,336,00000085
structured8,inverse,1,337,000000dd
structured8,inverse,1,338,00000014
structured8,inverse,1,339,0000006e
structured8,inverse,1,340,000000a7
structured8,inverse,1,341,000000fb
structured8,inverse,1,342,00000032
structured8,inverse,1,343,00000088
structured8,inverse,1,344,000000c1
structured8,inverse,1,345,00000011
structured8,inverse,1,346,00000068
structured8,inverse,1,347,000000a2
structured8,inverse,1,348,000000fb
structured8,inverse,1,349,00000037
structured8,inverse,1,350,0000008e
structured8,inverse,1,351,000000c4
structured8,inverse,1,352,0000001d
structured8,inverse,1,353,00000075
structured8,inverse,1,354,000000bc
structured8,inverse,1,355,000000e6
structured8,inverse,1,356,0000002f
structured8,inverse,1,357,00000093
structured8,inverse,1,358,000000da
structured8,inverse,1,359,00000000
structured8,inverse,1,360,00000049
structured8,inverse,1,361,000000b9
structured8,inverse,1,362,000000e0
structured8,inverse,1,363,0000002a
structured8,inverse,1,364,00000093
structured8,inverse,1,365,000000df
structured8,inverse,1,366,00000006
structured8,inverse,1,367,0000004c
structured8,inverse,1,368,000000b5
structured8,inverse,1,369,000000ed
structured8,inverse,1,370,00000024
structured8,inverse,1,371,0000009e
structured8,inverse,1,372,000000d7
structured8,inverse,1,373,0000000b
structured8,inverse,1,374,00000042
structured8,inverse,1,375,000000b8
structured8,inverse,1,376,000000f1
structured8,inverse,1,377,00000021
structured8,inverse,1,378,00000098
structured8,inverse,1,379,000000d2
structured8,inverse,1,380,0000000b
structured8,inverse,1,381,00000047
structured8,inverse,1,382,000000be
structured8,inverse,1,383,000000f4
random8,forward,1,0,0000004f
random8,forward,1,1,0000001b
random8,forward,1,2,000000ad
random8,forward,1,3,0000008e
random8,forward,1,4,000000f2
random8,forward,1,5,000000ad
random8,forward,1,6,00000084
random8,forward,1,7,000000ad
random8,forward,1,8,00000005
random8,forward,1,9,00000054
random8,forward,1,10,000000b1
random8,forward,1,11,000000cf
random8,forward,1,12,000000c3
random8,forward,1,13,0000009b
random8,forward,1,14,000000d0
random8,forward,1,15,0000005f
random8,forward,1,16,00000029
random8,forward,1,17,000000cf
random8,forward,1,18,0000003c
random8,forward,1,19,0000008b
random8,forward,1,20,000000f3
random8,forward,1,21,000000fc
random8,forward,1,22,00000012
random8,forward,1,23,0000003d
random8,forward,1,24,0000009c
random8,forward,1,25,000000ee
random8,forward,1,26,0000002e
random8,forward,1,27,00000021
random8,forward,1,28,00000061
random8,forward,1,29,00000031
random8,forward,1,30,0000002c
random8,forward,1,31,000000a5
random8,forward,1,32,0000003e
random8,forward,1,33,00000010
random8,forward,1,34,00000067
random8,forward,1,35,000000f3
random8,forward,1,36,000000ef
random8,forward,1,37,00000098
random8,forward,1,38,000000fc
random8,forward,1,39,000000f8
random8,forward,1,40,000000f0
random8,forward,1,41,00000095
random8,forward,1,42,000000c7
random8,forward,1,43,0000005f
random8,forward,1,44,0000007c
random8,forward,1,45,00000093
random8,forward,1,46,00000064
random8,forward,1,47,00000096
random8,forward,1,48,00000090
random8,forward,1,49,000000dd
random8,forward,1,50,0000002e
random8,forward,1,51,000000c7
random8,forward,1,52,000000e8
random8,forward,1,53,00000080
random8,forward,1,54,00000042
random8,forward,1,55,000000df
random8,forward,1,56,000000ff
random8,forward,1,57,00000048
random8,forward,1,58,0000007c
random8,forward,1,59,0000008a
random8,forward,1,60,00000012
random8,forward,1,61,000000c0
random8,forward,1,62,00000078
random8,forward,1,63,00000033
random8,forward,1,64,0000001d
random8,forward,1,65,00000035
random8,forward,1,66,00000091
random8,forward,1,67,00000007
random8,forward,1,68,000000dc
random8,forward,1,69,000000b4
random8,forward,1,70,000000e4
random8,forward,1,71,000000f2
random8,forward,1,72,000000ca
random8,forward,1,73,00000006
random8,forward,1,74,0000004d
random8,forward,1,75,000000a0
random8,forward,1,76,00000025
random8,forward,1,77,000000ba
random8,forward,1,78,00000067
random8,forward,1,79,0000007c
random8,forward,1,80,000000e7
random8,forward,1,81,0000001a
random8,forward,1,82,00000090
random8,forward,1,83,000000b3
random8,forward,1,84,000000cc
random8,forward,1,85,00000033
random8,forward,1,86,000000e2
random8,forward,1,87,00000031
random8,forward,1,88,00000052
random8,forward,1,89,000000d1
random8,forward,1,90,0000003a
random8,forward,1,91,000000a2
random8,forward,1,92,000000b3
random8,forward,1,93,00000080
random8,forward,1,94,00000033
random8,forward,1,95,00000071
random8,forward,1,96,000000ec
random8,forward,1,97,0000008b
random8,forward,1,98,0000002b
random8,forward,1,99,000000cc
random8,forward,1,100,000000b9
random8,forward,1,101,000000ff
random8,forward,1,102,0000003c
random8,forward,1,103,0000009c
random8,forward,1,104,00000095
random8,forward,1,105,000000a8
random8,forward,1,106,00000043
random8,forward,1,107,00000090
random8,forward,1,108,000000be
random8,forward,1,109,00000011
random8,forward,1,110,000000db
random8,forward,1,111,00000013
random8,forward,1,112,0000002e
random8,forward,1,113,00000088
random8,forward,1,114,00000062
random8,forward,1,115,00000050
random8,forward,1,116,000000a1
random8,forward,1,117,00000017
random8,forward,1,118,000000f2
random8,forward,1,119,00000034
random8,forward,1,120,00000095
random8,forward,1,121,0000008a
random8,forward,1,122,00000068
random8,forward,1,123,0000006a
random8,forward,1,124,00000044
random8,forward,1,125,0000006f
random8,forward,1,126,0000005f
random8,forward,1,127,00000060
random8,forward,1,128,000000ab
random8,forward,1,129,00000010
random8,forward,1,130,00000035
random8,forward,1,131,00000040
random8,forward,1,132,00000086
random8,forward,1,133,0000007a
random8,forward,1,134,00000004
random8,forward,1,135,000000f7
random8,forward,1,136,00000050
random8,forward,1,137,00000079
random8,forward,1,138,000000a9
random8,forward,1,139,00000031
random8,forward,1,140,00000046
random8,forward,1,141,00000099
random8,forward,1,142,000000bf
random8,forward,1,143,00000059
random8,forward,1,144,00000064
random8,forward,1,145,00000025
random8,forward,1,146,000000a4
random8,forward,1,147,0000009c
random8,forward,1,148,00000066
random8,forward,1,149,0000002a
random8,forward,1,150,00000072
random8,forward,1,151,000000e6
random8,forward,1,152,000000c8
random8,forward,1,153,00000074
random8,forward,1,154,00000006
random8,forward,1,155,000000e3
random8,forward,1,156,000000c5
random8,forward,1,157,0000008e
random8,forward,1,158,000000fb
random8,forward,1,159,000000fe
random8,forward,1,160,0000005a
random8,forward,1,161,000000c6
random8,forward,1,162,000000ae
random8,forward,1,163,00000064
random8,forward,1,164,00000043
random8,forward,1,165,00000026
random8,forward,1,166,0000003c
random8,forward,1,167,00000001
random8,forward,1,168,000000fb
random8,forward,1,169,0000007a
random8,forward,1,170,0000007e
random8,forward,1,171,00000081
random8,forward,1,172,000000bf
random8,forward,1,173,00000050
random8,forward,1,174,00000013
random8,forward,1,175,0000004f
random8,forward,1,176,0000008b
random8,forward,1,177,000000f2
random8,forward,1,178,00000055
random8,forward,1,179,00000098
random8,forward,1,180,0000001b
random8,forward,1,181,0000006d
random8,forward,1,182,00000062
random8,forward,1,183,00000048
random8,forward,1,184,000000eb
random8,forward,1,185,0000008d
random8,forward,1,186,00000013
random8,forward,1,187,0000000b
random8,forward,1,188,00000036
random8,forward,1,189,000000de
random8,forward,1,190,00000007
random8,forward,1,191,0000004d
random8,forward,1,192,000000f9
random8,forward,1,193,000000ab
random8,forward,1,194,00000098
random8,forward,1,195,00000039
random8,forward,1,196,000000ef
random8,forward,1,197,00000001
random8,forward,1,198,000000e3
random8,forward,1,199,000000bc
random8,forward,1,200,00000096
random8,forward,1,201,000000ac
random8,forward,1,202,000000c4
random8,forward,1,203,00000081
random8,forward,1,204,00000028
random8,forward,1,205,00000037
random8,forward,1,206,000000d7
random8,forward,1,207,000000f6
random8,forward,1,208,000000a2
random8,forward,1,209,000000f0
random8,forward,1,210,00000077
random8,forward,1,211,00000045
random8,forward,1,212,000000c0
random8,forward,1,213,000000e1
random8,forward,1,214,000000c1
random8,forward,1,215,0000005b
random8,forward,1,216,000000fd
random8,forward,1,217,000000d7
random8,forward,1,218,00000091
random8,forward,1,219,000000e3
random8,forward,1,220,00000097
random8,forward,1,221,0000005d
random8,forward,1,222,00000083
random8,forward,1,223,0000004b
random8,forward,1,224,00000088
random8,forward,1,225,000000c0
random8,forward,1,226,000000f2
random8,forward,1,227,000000bd
random8,forward,1,228,0000008c
random8,forward,1,229,0000000c
random8,forward,1,230,000000fb
random8,forward,1,231,00000026
random8,forward,1,232,00000021
random8,forward,1,233,0000000d
random8,forward,1,234,0000007a
random8,forward,1,235,00000032
random8,forward,1,236,00000081
random8,forward,1,237,0000004f
random8,forward,1,238,0000000b
random8,forward,1,239,0000004c
random8,forward,1,240,000000a9
random8,forward,1,241,0000001d
random8,forward,1,242,00000009
random8,forward,1,243,000000a1
random8,forward,1,244,00000055
random8,forward,1,245,00000084
random8,forward,1,246,00000091
random8,forward,1,247,0000001d
random8,forward,1,248,00000000
random8,forward,1,249,00000050
random8,forward,1,250,0000007f
random8,forward,1,251,0000006c
random8,forward,1,252,000000e7
random8,forward,1,253,0000000c
random8,forward,1,254,0000006f
random8,forward,1,255,000000f9
random8,forward,1,256,00000006
random8,forward,1,257,00000006
random8,forward,1,258,000000bc
random8,forward,1,259,000000f1
random8,forward,1,260,00000019
random8,forward,1,261,00000048
random8,forward,1,262,00000083
random8,forward,1,263,00000040
random8,forward,1,264,0000009c
random8,forward,1,265,0000009f
random8,forward,1,266,000000a0
random8,forward,1,267,00000092
random8,forward,1,268,000000ca
random8,forward,1,269,00000096
random8,forward,1,270,000000af
random8,forward,1,271,00000052
random8,forward,1,272,000000a0
random8,forward,1,273,0000007a
random8,forward,1,274,0000000b
random8,forward,1,275,000000ae
random8,forward,1,276,000000da
random8,forward,1,277,00000057
random8,forward,1,278,000000d1
random8,forward,1,279,00000090
random8,forward,1,280,000000f3
random8,forward,1,281,000000f9
random8,forward,1,282,000000dd
random8,forward,1,283,000000a4
random8,forward,1,284,00000028
random8,forward,1,285,000000ec
random8,forward,1,286,000000cb
random8,forward,1,287,00000058
random8,forward,1,288,00000075
random8,forward,1,289,0000007b
random8,forward,1,290,000000f6
random8,forward,1,291,000000d6
random8,forward,1,292,00000096
random8,forward,1,293,000000b3
random8,forward,1,294,0000007b
random8,forward,1,295,0000000b
random8,forward,1,296,00000007
random8,forward,1,297,00000060
random8,forward,1,298,00000036
random8,forward,1,299,000000a2
random8,forward,1,300,00000003
random8,forward,1,301,0000000e
random8,forward,1,302,000000c3
random8,forward,1,303,00000009
random8,forward,1,304,00000087
random8,forward,1,305,00000008
random8,forward,1,306,0000007d
random8,forward,1,307,0000006a
random8,forward,1,308,0000004f
random8,forward,1,309,0000005b
random8,forward,1,310,00000081
random8,forward,1,311,000000b2
random8,forward,1,312,000000d6
random8,forward,1,313,000000d3
random8,forward,1,314,000000ab
random8,forward,1,315,0000008d
random8,forward,1,316,00000059
random8,forward,1,317,000000fb
random8,forward,1,318,00000097
random8,forward,1,319,00000066
random8,forward,1,320,000000d4
random8,forward,1,321,00000020
random8,forward,1,322,000000a0
random8,forward,1,323,0000006a
random8,forward,1,324,00000003
random8,forward,1,325,0000004f
random8,forward,1,326,000000e3
random8,forward,1,327,00000085
random8,forward,1,328,00000061
random8,forward,1,329,00000051
random8,forward,1,330,0000003c
random8,forward,1,331,00000063
random8,forward,1,332,0000002c
random8,forward,1,333,000000b5
random8,forward,1,334,00000046
random8,forward,1,335,0000006f
random8,forward,1,336,0000005e
random8,forward,1,337,000000c5
random8,forward,1,338,0000005f
random8,forward,1,339,000000d6
random8,forward,1,340,000000b3
random8,forward,1,341,0000008e
random8,forward,1,342,000000a1
random8,forward,1,343,00000084
random8,forward,1,344,000000a9
random8,forward,1,345,000000dc
random8,forward,1,346,000000e9
random8,forward,1,347,00000025
random8,forward,1,348,0000007a
random8,forward,1,349,0000003b
random8,forward,1,350,000000d2
random8,forward,1,351,00000024
random8,forward,1,352,00000023
random8,forward,1,353,000000f6
random8,forward,1,354,000000ba
random8,forward,1,355,000000af
random8,forward,1,356,00000060
random8,forward,1,357,0000001a
random8,forward,1,358,000000bb
random8,forward,1,359,000000af
random8,forward,1,360,000000ac
random8,forward,1,361,00000073
random8,forward,1,362,000000b2
random8,forward,1,363,000000d3
random8,forward,1,364,00000045
random8,forward,1,365,0000008c
random8,forward,1,366,0000003a
random8,forward,1,367,00000086
random8,forward,1,368,00000025
random8,forward,1,369,000000b3
random8,forward,1,370,000000b1
random8,forward,1,371,000000f3
random8,forward,1,372,00000008
random8,forward,1,373,000000f2
random8,forward,1,374,00000031
random8,forward,1,375,00000007
random8,forward,1,376,0000006c
random8,forward,1,377,00000015
random8,forward,1,378,00000097
random8,forward,1,379,0000006d
random8,forward,1,380,0000008b
random8,forward,1,381,000000aa
random8,forward,1,382,0000007e
random8,forward,1,383,000000c6
random8,inverse,1,0,0000007e
random8,inverse,1,1,000000c6
random8,inverse,1,2,0000004f
random8,inverse,1,3,0000001b
random8,inverse,1,4,000000ad
random8,inverse,1,5,0000008e
random8,inverse,1,6,000000f2
random8,inverse,1,7,000000ad
random8,inverse,1,8,00000084
random8,inverse,1,9,000000ad
random8,inverse,1,10,00000005
random8,inverse,1,11,00000054
random8,inverse,1,12,000000b1
random8,inverse,1,13,000000cf
random8,inverse,1,14,000000c3
random8,inverse,1,15,0000009b
random8,inverse,1,16,000000d0
random8,inverse,1,17,0000005f
random8,inverse,1,18,00000029
random8,inverse,1,19,000000cf
random8,inverse,1,20,0000003c
random8,inverse,1,21,0000008b
random8,inverse,1,22,000000f3
random8,inverse,1,23,000000fc
random8,inverse,1,24,00000012
random8,inverse,1,25,0000003d
random8,inverse,1,26,0000009c
random8,inverse,1,27,000000ee
random8,inverse,1,28,0000002e
random8,inverse,1,29,00000021
random8,inverse,1,30,00000061
random8,inverse,1,31,00000031
random8,inverse,1,32,0000002c
random8,inverse,1,33,000000a5
random8,inverse,1,34,0000003e
random8,inverse,1,35,00000010
random8,inverse,1,36,00000067
random8,inverse,1,37,000000f3
random8,inverse,1,38,000000ef
random8,inverse,1,39,00000098
random8,inverse,1,40,000000fc
random8,inverse,1,41,000000f8
random8,inverse,1,42,000000f0
random8,inverse,1,43,00000095
random8,inverse,1,44,000000c7
random8,inverse,1,45,0000005f
random8,inverse,1,46,0000007c
random8,inverse,1,47,00000093
random8,inverse,1,48,00000064
random8,inverse,1,49,00000096
random8,inverse,1,50,00000090
random8,inverse,1,51,000000dd
random8,inverse,1,52,0000002e
random8,inverse,1,53,000000c7
random8,inverse,1,54,000000e8
random8,inverse,1,55,00000080
random8,inverse,1,56,00000042
random8,inverse,1,57,000000df
random8,inverse,1,58,000000ff
random8,inverse,1,59,00000048
random8,inverse,1,60,0000007c
random8,inverse,1,61,0000008a
random8,inverse,1,62,00000012
random8,inverse,1,63,000000c0
random8,inverse,1,64,00000078
random8,inverse,1,65,00000033
random8,inverse,1,66,0000001d
random8,inverse,1,67,00000035
random8,inverse,1,68,00000091
random8,inverse,1,69,00000007
random8,inverse,1,70,000000dc
random8,inverse,1,71,000000b4
random8,inverse,1,72,000000e4
random8,inverse,1,73,000000f2
random8,inverse,1,74,000000ca
random8,inverse,1,75,00000006
random8,inverse,1,76,0000004d
random8,inverse,1,77,000000a0
random8,inverse,1,78,00000025
random8,inverse,1,79,000000ba
random8,inverse,1,80,00000067
random8,inverse,1,81,0000007c
random8,inverse,1,82,000000e7
random8,inverse,1,83,0000001a
random8,inverse,1,84,00000090
random8,inverse,1,85,000000b3
random8,inverse,1,86,000000cc
random8,inverse,1,87,00000033
random8,inverse,1,88,000000e2
random8,inverse,1,89,00000031
random8,inverse,1,90,00000052
random8,inverse,1,91,000000d1
random8,inverse,1,92,0000003a
random8,inverse,1,93,000000a2
random8,inverse,1,94,000000b3
random8,inverse,1,95,00000080
random8,inverse,1,96,00000033
random8,inverse,1,97,00000071
random8,inverse,1,98,000000ec
random8,inverse,1,99,0000008b
random8,inverse,1,100,0000002b
random8,inverse,1,101,000000cc
random8,inverse,1,102,000000b9
random8,inverse,1,103,000000ff
random8,inverse,1,104,0000003c
random8,inverse,1,105,0000009c
random8,inverse,1,106,00000095
random8,inverse,1,107,000000a8
random8,inverse,1,108,00000043
random8,inverse,1,109,00000090
random8,inverse,1,110,000000be
random8,inverse,1,111,00000011
random8,inverse,1,112,000000db
random8,inverse,1,113,00000013
random8,inverse,1,114,0000002e
random8,inverse,1,115,00000088
random8,inverse,1,116,00000062
random8,inverse,1,117,00000050
random8,inverse,1,118,000000a1
random8,inverse,1,119,00000017
random8,inverse,1,120,000000f2
random8,inverse,1,121,00000034
random8,inverse,1,122,00000095
random8,inverse,1,123,0000008a
random8,inverse,1,124,00000068
random8,inverse,1,125,0000006a
random8,inverse,1,126,00000044
random8,inverse,1,127,0000006f
random8,inverse,1,128,0000005f
random8,inverse,1,129,00000060
random8,inverse,1,130,000000ab
random8,inverse,1,131,00000010
random8,inverse,1,132,00000035
random8,inverse,1,133,00000040
random8,inverse,1,134,00000086
random8,inverse,1,135,0000007a
random8,inverse,1,136,00000004
random8,inverse,1,137,000000f7
random8,inverse,1,138,00000050
random8,inverse,1,139,00000079
random8,inverse,1,140,000000a9
random8,inverse,1,141,00000031
random8,inverse,1,142,00000046
random8,inverse,1,143,00000099
random8,inverse,1,144,000000bf
random8,inverse,1,145,00000059
random8,inverse,1,146,00000064
random8,inverse,1,147,00000025
random8,inverse,1,148,000000a4
random8,inverse,1,149,0000009c
random8,inverse,1,150,00000066
random8,inverse,1,151,0000002a
random8,inverse,1,152,00000072
random8,inverse,1,153,000000e6
random8,inverse,1,154,000000c8
random8,inverse,1,155,00000074
random8,inverse,1,156,00000006
random8,inverse,1,157,000000e3
random8,inverse,1,158,000000c5
random8,inverse,1,159,0000008e
random8,inverse,1,160,000000fb
random8,inverse,1,161,000000fe
random8,inverse,1,162,0000005a
random8,inverse,1,163,000000c6
random8,inverse,1,164,000000ae
random8,inverse,1,165,00000064
random8,inverse,1,166,00000043
random8,inverse,1,167,00000026
random8,inverse,1,168,0000003c
random8,inverse,1,169,00000001
random8,inverse,1,170,000000fb
random8,inverse,1,171,0000007a
random8,inverse,1,172,0000007e
random8,inverse,1,173,00000081
random8,inverse,1,174,000000bf
random8,inverse,1,175,00000050
random8,inverse,1,176,00000013
random8,inverse,1,177,0000004f
random8,inverse,1,178,0000008b
random8,inverse,1,179,000000f2
random8,inverse,1,180,00000055
random8,inverse,1,181,00000098
random8,inverse,1,182,0000001b
random8,inverse,1,183,0000006d
random8,inverse,1,184,00000062
random8,inverse,1,185,00000048
random8,inverse,1,186,000000eb
random8,inverse,1,187,0000008d
random8,inverse,1,188,00000013
random8,inverse,1,189,0000000b
random8,inverse,1,190,00000036
random8,inverse,1,191,000000de
random8,inverse,1,192,00000007
random8,inverse,1,193,0000004d
random8,inverse,1,194,000000f9
random8,inverse,1,195,000000ab
random8,inverse,1,196,00000098
random8,inverse,1,197,00000039
random8,inverse,1,198,000000ef
random8,inverse,1,199,00000001
random8,inverse,1,200,000000e3
random8,inverse,1,201,000000bc
random8,inverse,1,202,00000096
random8,inverse,1,203,000000ac
random8,inverse,1,204,000000c4
random8,inverse,1,205,00000081
random8,inverse,1,206,00000028
random8,inverse,1,207,00000037
random8,inverse,1,208,000000d7
random8,inverse,1,209,000000f6
random8,inverse,1,210,000000a2
random8,inverse,1,211,000000f0
random8,inverse,1,212,00000077
random8,inverse,1,213,00000045
random8,inverse,1,214,000000c0
random8,inverse,1,215,000000e1
random8,inverse,1,216,000000c1
random8,inverse,1,217,0000005b
random8,inverse,1,218,000000fd
random8,inverse,1,219,000000d7
random8,inverse,1,220,00000091
random8,inverse,1,221,000000e3
random8,inverse,1,222,00000097
random8,inverse,1,223,0000005d
random8,inverse,1,224,00000083
random8,inverse,1,225,0000004b
random8,inverse,1,226,00000088
random8,inverse,1,227,000000c0
random8,inverse,1,228,000000f2
random8,inverse,1,229,000000bd
random8,inverse,1,230,0000008c
random8,inverse,1,231,0000000c
random8,inverse,1,232,000000fb
random8,inverse,1,233,00000026
random8,inverse,1,234,00000021
random8,inverse,1,235,0000000d
random8,inverse,1,236,0000007a
random8,inverse,1,237,00000032
random8,inverse,1,238,00000081
random8,inverse,1,239,0000004f
random8,inverse,1,240,0000000b
random8,inverse,1,241,0000004c
random8,inverse,1,242,000000a9
random8,inverse,1,243,0000001d
random8,inverse,1,244,00000009
random8,inverse,1,245,000000a1
random8,inverse,1,246,00000055
random8,inverse,1,247,00000084
random8,inverse,1,248,00000091
random8,inverse,1,249,0000001d
random8,inverse,1,250,00000000
random8,inverse,1,251,00000050
random8,inverse,1,252,0000007f
random8,inverse,1,253,0000006c
random8,inverse,1,254,000000e7
random8,inverse,1,255,0000000c
random8,inverse,1,256,0000006f
random8,inverse,1,257,000000f9
random8,inverse,1,258,00000006
random8,inverse,1,259,00000006
random8,inverse,1,260,000000bc
random8,inverse,1,261,000000f1
random8,inverse,1,262,00000019
random8,inverse,1,263,00000048
random8,inverse,1,264,00000083
random8,inverse,1,265,00000040
random8,inverse,1,266,0000009c
random8,inverse,1,267,0000009f
random8,inverse,1,268,000000a0
random8,inverse,1,269,00000092
random8,inverse,1,270,000000ca
random8,inverse,1,271,00000096
random8,inverse,1,272,000000af
random8,inverse,1,273,00000052
random8,inverse,1,274,000000a0
random8,inverse,1,275,0000007a
random8,inverse,1,276,0000000b
random8,inverse,1,277,000000ae
random8,inverse,1,278,000000da
random8,inverse,1,279,00000057
random8,inverse,1,280,000000d1
random8,inverse,1,281,00000090
random8,inverse,1,282,000000f3
random8,inverse,1,283,000000f9
random8,inverse,1,284,000000dd
random8,inverse,1,285,000000a4
random8,inverse,1,286,00000028
random8,inverse,1,287,000000ec
random8,inverse,1,288,000000cb
random8,inverse,1,289,00000058
random8,inverse,1,290,00000075
random8,inverse,1,291,0000007b
random8,inverse,1,292,000000f6
random8,inverse,1,293,000000d6
random8,inverse,1,294,00000096
random8,inverse,1,295,000000b3
random8,inverse,1,296,0000007b
random8,inverse,1,297,0000000b
random8,inverse,1,298,00000007
random8,inverse,1,299,00000060
random8,inverse,1,300,00000036
random8,inverse,1,301,000000a2
random8,inverse,1,302,00000003
random8,inverse,1,303,0000000e
random8,inverse,1,304,000000c3
random8,inverse,1,305,00000009
random8,inverse,1,306,00000087
random8,inverse,1,307,00000008
random8,inverse,1,308,0000007d
random8,inverse,1,309,0000006a
random8,inverse,1,310,0000004f
random8,inverse,1,311,0000005b
random8,inverse,1,312,00000081
random8,inverse,1,313,000000b2
random8,inverse,1,314,000000d6
random8,inverse,1,315,000000d3
random8,inverse,1,316,000000ab
random8,inverse,1,317,0000008d
random8,inverse,1,318,00000059
random8,inverse,1,319,000000fb
random8,inverse,1,320,00000097
random8,inverse,1,321,00000066
random8,inverse,1,322,000000d4
random8,inverse,1,323,00000020
random8,inverse,1,324,000000a0
random8,inverse,1,325,0000006a
random8,inverse,1,326,00000003
random8,inverse,1,327,0000004f
random8,inverse,1,328,000000e3
random8,inverse,1,329,00000085
random8,inverse,1,330,00000061
random8,inverse,1,331,00000051
random8,inverse,1,332,0000003c
random8,inverse,1,333,00000063
random8,inverse,1,334,0000002c
random8,inverse,1,335,000000b5
random8,inverse,1,336,00000046
random8,inverse,1,337,0000006f
random8,inverse,1,338,0000005e
random8,inverse,1,339,000000c5
random8,inverse,1,340,0000005f
random8,inverse,1,341,000000d6
random8,inverse,1,342,000000b3
random8,inverse,1,343,0000008e
random8,inverse,1,344,000000a1
random8,inverse,1,345,00000084
random8,inverse,1,346,000000a9
random8,inverse,1,347,000000dc
random8,inverse,1,348,000000e9
random8,inverse,1,349,00000025
random8,inverse,1,350,0000007a
random8,inverse,1,351,0000003b
random8,inverse,1,352,000000d2
random8,inverse,1,353,00000024
random8,inverse,1,354,00000023
random8,inverse,1,355,000000f6
random8,inverse,1,356,000000ba
random8,inverse,1,357,000000af
random8,inverse,1,358,00000060
random8,inverse,1,359,0000001a
random8,inverse,1,360,000000bb
random8,inverse,1,361,000000af
random8,inverse,1,362,000000ac
random8,inverse,1,363,00000073
random8,inverse,1,364,000000b2
random8,inverse,1,365,000000d3
random8,inverse,1,366,00000045
random8,inverse,1,367,0000008c
random8,inverse,1,368,0000003a
random8,inverse,1,369,00000086
random8,inverse,1,370,00000025
random8,inverse,1,371,000000b3
random8,inverse,1,372,000000b1
random8,inverse,1,373,000000f3
random8,inverse,1,374,00000008
random8,inverse,1,375,000000f2
random8,inverse,1,376,00000031
random8,inverse,1,377,00000007
random8,inverse,1,378,0000006c
random8,inverse,1,379,00000015
random8,inverse,1,380,00000097
random8,inverse,1,381,0000006d
random8,inverse,1,382,0000008b
random8,inverse,1,383,000000aa
structured8,forward,2,0,00000036
structured8,forward,2,1,0000007f
structured8,forward,2,2,00000083
structured8,forward,2,3,000000ca
structured8,forward,2,4,00000010
structured8,forward,2,5,00000059
structured8,forward,2,6,000000e9
structured8,forward,2,7,00000030
structured8,forward,2,8,0000007a
structured8,forward,2,9,00000083
structured8,forward,2,10,000000cf
structured8,forward,2,11,00000016
structured8,forward,2,12,0000005c
structured8,forward,2,13,000000e5
structured8,forward,2,14,0000003d
structured8,forward,2,15,00000074
structured8,forward,2,16,0000008e
structured8,forward,2,17,000000c7
structured8,forward,2,18,0000001b
structured8,forward,2,19,00000052
structured8,forward,2,20,000000e8
structured8,forward,2,21,00000021
structured8,forward,2,22,00000071
structured8,forward,2,23,00000088
structured8,forward,2,24,000000c2
structured8,forward,2,25,0000001b
structured8,forward,2,26,00000057
structured8,forward,2,27,000000ee
structured8,forward,2,28,00000024
structured8,forward,2,29,0000007d
structured8,forward,2,30,00000095
structured8,forward,2,31,000000dc
structured8,forward,2,32,00000006
structured8,forward,2,33,0000004f
structured8,forward,2,34,000000f3
structured8,forward,2,35,0000003a
structured8,forward,2,36,00000060
structured8,forward,2,37,000000a9
structured8,forward,2,38,000000d9
structured8,forward,2,39,00000000
structured8,forward,2,40,0000004a
structured8,forward,2,41,000000f3
structured8,forward,2,42,0000003f
structured8,forward,2,43,00000066
structured8,forward,2,44,000000ac
structured8,forward,2,45,000000d5
structured8,forward,2,46,0000000d
structured8,forward,2,47,00000044
structured8,forward,2,48,000000fe
structured8,forward,2,49,00000037
structured8,forward,2,50,0000006b
structured8,forward,2,51,000000a2
structured8,forward,2,52,000000d8
structured8,forward,2,53,00000011
structured8,forward,2,54,00000041
structured8,forward,2,55,000000f8
structured8,forward,2,56,00000032
structured8,forward,2,57,0000006b
structured8,forward,2,58,000000a7
structured8,forward,2,59,000000de
structured8,forward,2,60,00000014
structured8,forward,2,61,0000004d
structured8,forward,2,62,000000c5
structured8,forward,2,63,0000000c
structured8,forward,2,64,00000056
structured8,forward,2,65,0000009f
structured8,forward,2,66,000000e3
structured8,forward,2,67,0000002a
structured8,forward,2,68,00000070
structured8,forward,2,69,000000b9
structured8,forward,2,70,00000009
structured8,forward,2,71,00000050
structured8,forward,2,72,0000009a
structured8,forward,2,73,000000e3
structured8,forward,2,74,0000002f
structured8,forward,2,75,00000076
structured8,forward,2,76,000000bc
structured8,forward,2,77,00000005
structured8,forward,2,78,0000005d
structured8,forward,2,79,00000094
structured8,forward,2,80,000000ee
structured8,forward,2,81,00000027
structured8,forward,2,82,0000007b
structured8,forward,2,83,000000b2
structured8,forward,2,84,00000008
structured8,forward,2,85,00000041
structured8,forward,2,86,00000091
structured8,forward,2,87,000000e8
structured8,forward,2,88,00000022
structured8,forward,2,89,0000007b
structured8,forward,2,90,000000b7
structured8,forward,2,91,0000000e
structured8,forward,2,92,00000044
structured8,forward,2,93,0000009d
structured8,forward,2,94,000000f5
structured8,forward,2,95,0000003c
structured8,forward,2,96,00000066
structured8,forward,2,97,000000af
structured8,forward,2,98,00000013
structured8,forward,2,99,0000005a
structured8,forward,2,100,00000080
structured8,forward,2,101,000000c9
structured8,forward,2,102,00000039
structured8,forward,2,103,00000060
structured8,forward,2,104,000000aa
structured8,forward,2,105,00000013
structured8,forward,2,106,0000005f
structured8,forward,2,107,00000086
structured8,forward,2,108,000000cc
structured8,forward,2,109,00000035
structured8,forward,2,110,0000006d
structured8,forward,2,111,000000a4
structured8,forward,2,112,0000001e
structured8,forward,2,113,00000057
structured8,forward,2,114,0000008b
structured8,forward,2,115,000000c2
structured8,forward,2,116,00000038
structured8,forward,2,117,00000071
structured8,forward,2,118,000000a1
structured8,forward,2,119,00000018
structured8,forward,2,120,00000052
structured8,forward,2,121,0000008b
structured8,forward,2,122,000000c7
structured8,forward,2,123,0000003e
structured8,forward,2,124,00000074
structured8,forward,2,125,000000ad
structured8,forward,2,126,00000065
structured8,forward,2,127,0000002c
structured8,forward,2,128,000000f6
structured8,forward,2,129,000000bf
structured8,forward,2,130,00000043
structured8,forward,2,131,0000000a
structured8,forward,2,132,000000d0
structured8,forward,2,133,00000099
structured8,forward,2,134,00000029
structured8,forward,2,135,000000f0
structured8,forward,2,136,000000ba
structured8,forward,2,137,00000043
structured8,forward,2,138,0000000f
structured8,forward,2,139,000000d6
structured8,forward,2,140,0000009c
structured8,forward,2,141,00000025
structured8,forward,2,142,000000fd
structured8,forward,2,143,000000b4
structured8,forward,2,144,0000004e
structured8,forward,2,145,00000007
structured8,forward,2,146,000000db
structured8,forward,2,147,00000092
structured8,forward,2,148,00000028
structured8,forward,2,149,000000e1
structured8,forward,2,150,000000b1
structured8,forward,2,151,00000048
structured8,forward,2,152,00000002
structured8,forward,2,153,000000db
structured8,forward,2,154,00000097
structured8,forward,2,155,0000002e
structured8,forward,2,156,000000e4
structured8,forward,2,157,000000bd
structured8,forward,2,158,00000055
structured8,forward,2,159,0000001c
structured8,forward,2,160,000000c6
structured8,forward,2,161,0000008f
structured8,forward,2,162,00000033
structured8,forward,2,163,000000fa
structured8,forward,2,164,000000a0
structured8,forward,2,165,00000069
structured8,forward,2,166,00000019
structured8,forward,2,167,000000c0
structured8,forward,2,168,0000008a
structured8,forward,2,169,00000033
structured8,forward,2,170,000000ff
structured8,forward,2,171,000000a6
structured8,forward,2,172,0000006c
structured8,forward,2,173,00000015
structured8,forward,2,174,000000cd
structured8,forward,2,175,00000084
structured8,forward,2,176,0000003e
structured8,forward,2,177,000000f7
structured8,forward,2,178,000000ab
structured8,forward,2,179,00000062
structured8,forward,2,180,00000018
structured8,forward,2,181,000000d1
structured8,forward,2,182,00000081
structured8,forward,2,183,00000038
structured8,forward,2,184,000000f2
structured8,forward,2,185,000000ab
structured8,forward,2,186,00000067
structured8,forward,2,187,0000001e
structured8,forward,2,188,000000d4
structured8,forward,2,189,0000008d
structured8,forward,2,190,00000005
structured8,forward,2,191,000000cc
structured8,forward,2,192,00000096
structured8,forward,2,193,0000005f
structured8,forward,2,194,00000023
structured8,forward,2,195,000000ea
structured8,forward,2,196,000000b0
structured8,forward,2,197,00000079
structured8,forward,2,198,000000c9
structured8,forward,2,199,00000090
structured8,forward,2,200,0000005a
structured8,forward,2,201,00000023
structured8,forward,2,202,000000ef
structured8,forward,2,203,000000b6
structured8,forward,2,204,0000007c
structured8,forward,2,205,000000c5
structured8,forward,2,206,0000009d
structured8,forward,2,207,00000054
structured8,forward,2,208,0000002e
structured8,forward,2,209,000000e7
structured8,forward,2,210,000000bb
structured8,forward,2,211,00000072
structured8,forward,2,212,000000c8
structured8,forward,2,213,00000081
structured8,forward,2,214,00000051
structured8,forward,2,215,00000028
structured8,forward,2,216,000000e2
structured8,forward,2,217,000000bb
structured8,forward,2,218,00000077
structured8,forward,2,219,000000ce
structured8,forward,2,220,00000084
structured8,forward,2,221,0000005d
structured8,forward,2,222,00000035
structured8,forward,2,223,000000fc
structured8,forward,2,224,000000a6
structured8,forward,2,225,0000006f
structured8,forward,2,226,000000d3
structured8,forward,2,227,0000009a
structured8,forward,2,228,00000040
structured8,forward,2,229,00000009
structured8,forward,2,230,000000f9
structured8,forward,2,231,000000a0
structured8,forward,2,232,0000006a
structured8,forward,2,233,000000d3
structured8,forward,2,234,0000009f
structured8,forward,2,235,00000046
structured8,forward,2,236,0000000c
structured8,forward,2,237,000000f5
structured8,forward,2,238,000000ad
structured8,forward,2,239,00000064
structured8,forward,2,240,000000de
structured8,forward,2,241,00000097
structured8,forward,2,242,0000004b
structured8,forward,2,243,00000002
structured8,forward,2,244,000000f8
structured8,forward,2,245,000000b1
structured8,forward,2,246,00000061
structured8,forward,2,247,000000d8
structured8,forward,2,248,00000092
structured8,forward,2,249,0000004b
structured8,forward,2,250,00000007
structured8,forward,2,251,000000fe
structured8,forward,2,252,000000b4
structured8,forward,2,253,0000006d
structured8,forward,2,254,00000025
structured8,forward,2,255,0000006c
structured8,forward,2,256,000000b6
structured8,forward,2,257,000000ff
structured8,forward,2,258,00000003
structured8,forward,2,259,0000004a
structured8,forward,2,260,00000090
structured8,forward,2,261,000000d9
structured8,forward,2,262,00000069
structured8,forward,2,263,000000b0
structured8,forward,2,264,000000fa
structured8,forward,2,265,00000003
structured8,forward,2,266,0000004f
structured8,forward,2,267,00000096
structured8,forward,2,268,000000dc
structured8,forward,2,269,00000065
structured8,forward,2,270,000000bd
structured8,forward,2,271,000000f4
structured8,forward,2,272,0000000e
structured8,forward,2,273,00000047
structured8,forward,2,274,0000009b
structured8,forward,2,275,000000d2
structured8,forward,2,276,00000068
structured8,forward,2,277,000000a1
structured8,forward,2,278,000000f1
structured8,forward,2,279,00000008
structured8,forward,2,280,00000042
structured8,forward,2,281,0000009b
structured8,forward,2,282,000000d7
structured8,forward,2,283,0000006e
structured8,forward,2,284,000000a4
structured8,forward,2,285,000000fd
structured8,forward,2,286,00000015
structured8,forward,2,287,0000005c
structured8,forward,2,288,00000086
structured8,forward,2,289,000000cf
structured8,forward,2,290,00000073
structured8,forward,2,291,000000ba
structured8,forward,2,292,000000e0
structured8,forward,2,293,00000029
structured8,forward,2,294,00000059
structured8,forward,2,295,00000080
structured8,forward,2,296,000000ca
structured8,forward,2,297,00000073
structured8,forward,2,298,000000bf
structured8,forward,2,299,000000e6
structured8,forward,2,300,0000002c
structured8,forward,2,301,00000055
structured8,forward,2,302,0000008d
structured8,forward,2,303,000000c4
structured8,forward,2,304,0000007e
structured8,forward,2,305,000000b7
structured8,forward,2,306,000000eb
structured8,forward,2,307,00000022
structured8,forward,2,308,00000058
structured8,forward,2,309,00000091
structured8,forward,2,310,000000c1
structured8,forward,2,311,00000078
structured8,forward,2,312,000000b2
structured8,forward,2,313,000000eb
structured8,forward,2,314,00000027
structured8,forward,2,315,0000005e
structured8,forward,2,316,00000094
structured8,forward,2,317,000000cd
structured8,forward,2,318,00000045
structured8,forward,2,319,0000008c
structured8,forward,2,320,000000d6
structured8,forward,2,321,0000001f
structured8,forward,2,322,00000063
structured8,forward,2,323,000000aa
structured8,forward,2,324,000000f0
structured8,forward,2,325,00000039
structured8,forward,2,326,00000089
structured8,forward,2,327,000000d0
structured8,forward,2,328,0000001a
structured8,forward,2,329,00000063
structured8,forward,2,330,000000af
structured8,forward,2,331,000000f6
structured8,forward,2,332,0000003c
structured8,forward,2,333,00000085
structured8,forward,2,334,000000dd
structured8,forward,2,335,00000014
structured8,forward,2,336,0000006e
structured8,forward,2,337,000000a7
structured8,forward,2,338,000000fb
structured8,forward,2,339,00000032
structured8,forward,2,340,00000088
structured8,forward,2,341,000000c1
structured8,forward,2,342,00000011
structured8,forward,2,343,00000068
structured8,forward,2,344,000000a2
structured8,forward,2,345,000000fb
structured8,forward,2,346,00000037
structured8,forward,2,347,0000008e
structured8,forward,2,348,000000c4
structured8,forward,2,349,0000001d
structured8,forward,2,350,00000075
structured8,forward,2,351,000000bc
structured8,forward,2,352,000000e6
structured8,forward,2,353,0000002f
structured8,forward,2,354,00000093
structured8,forward,2,355,000000da
structured8,forward,2,356,00000000
structured8,forward,2,357,00000049
structured8,forward,2,358,000000b9
structured8,forward,2,359,000000e0
structured8,forward,2,360,0000002a
structured8,forward,2,361,00000093
structured8,forward,2,362,000000df
structured8,forward,2,363,00000006
structured8,forward,2,364,0000004c
structured8,forward,2,365,000000b5
structured8,forward,2,366,000000ed
structured8,forward,2,367,00000024
structured8,forward,2,368,0000009e
structured8,forward,2,369,000000d7
structured8,forward,2,370,0000000b
structured8,forward,2,371,00000042
structured8,forward,2,372,000000b8
structured8,forward,2,373,000000f1
structured8,forward,2,374,00000021
structured8,forward,2,375,00000098
structured8,forward,2,376,000000d2
structured8,forward,2,377,0000000b
structured8,forward,2,378,00000047
structured8,forward,2,379,000000be
structured8,forward,2,380,000000f4
structured8,forward,2,381,0000002d
structured8,forward,2,382,000000a5
structured8,forward,2,383,000000ec
structured8,inverse,2,0,000000f4
structured8,inverse,2,1,0000002d
structured8,inverse,2,2,000000a5
structured8,inverse,2,3,000000ec
structured8,inverse,2,4,00000036
structured8,inverse,2,5,0000007f
structured8,inverse,2,6,00000083
structured8,inverse,2,7,000000ca
structured8,inverse,2,8,00000010
structured8,inverse,2,9,00000059
structured8,inverse,2,10,000000e9
structured8,inverse,2,11,00000030
structured8,inverse,2,12,0000007a
structured8,inverse,2,13,00000083
structured8,inverse,2,14,000000cf
structured8,inverse,2,15,00000016
structured8,inverse,2,16,0000005c
structured8,inverse,2,17,000000e5
structured8,inverse,2,18,0000003d
structured8,inverse,2,19,00000074
structured8,inverse,2,20,0000008e
structured8,inverse,2,21,000000c7
structured8,inverse,2,22,0000001b
structured8,inverse,2,23,00000052
structured8,inverse,2,24,000000e8
structured8,inverse,2,25,00000021
structured8,inverse,2,26,00000071
structured8,inverse,2,27,00000088
structured8,inverse,2,28,000000c2
structured8,inverse,2,29,0000001b
structured8,inverse,2,30,00000057
structured8,inverse,2,31,000000ee
structured8,inverse,2,32,00000024
structured8,inverse,2,33,0000007d
structured8,inverse,2,34,00000095
structured8,inverse,2,35,000000dc
structured8,inverse,2,36,00000006
structured8,inverse,2,37,0000004f
structured8,inverse,2,38,000000f3
structured8,inverse,2,39,0000003a
structured8,inverse,2,40,00000060
structured8,inverse,2,41,000000a9
structured8,inverse,2,42,000000d9
structured8,inverse,2,43,00000000
structured8,inverse,2,44,0000004a
structured8,inverse,2,45,000000f3
structured8,inverse,2,46,0000003f
structured8,inverse,2,47,00000066
structured8,inverse,2,48,000000ac
structured8,inverse,2,49,000000d5
structured8,inverse,2,50,0000000d
structured8,inverse,2,51,00000044
structured8,inverse,2,52,000000fe
structured8,inverse,2,53,00000037
structured8,inverse,2,54,0000006b
structured8,inverse,2,55,000000a2
structured8,inverse,2,56,000000d8
structured8,inverse,2,57,00000011
structured8,inverse,2,58,00000041
structured8,inverse,2,59,000000f8
structured8,inverse,2,60,00000032
structured8,inverse,2,61,0000006b
structured8,inverse,2,62,000000a7
structured8,inverse,2,63,000000de
structured8,inverse,2,64,00000014
structured8,inverse,2,65,0000004d
structured8,inverse,2,66,000000c5
structured8,inverse,2,67,0000000c
structured8,inverse,2,68,00000056
structured8,inverse,2,69,0000009f
structured8,inverse,2,70,000000e3
structured8,inverse,2,71,0000002a
structured8,inverse,2,72,00000070
structured8,inverse,2,73,000000b9
structured8,inverse,2,74,00000009
structured8,inverse,2,75,00000050
structured8,inverse,2,76,0000009a
structured8,inverse,2,77,000000e3
structured8,inverse,2,78,0000002f
structured8,inverse,2,79,00000076
structured8,inverse,2,80,000000bc
structured8,inverse,2,81,00000005
structured8,inverse,2,82,0000005d
structured8,inverse,2,83,00000094
structured8,inverse,2,84,000000ee
structured8,inverse,2,85,00000027
structured8,inverse,2,86,0000007b
structured8,inverse,2,87,000000b2
structured8,inverse,2,88,00000008
structured8,inverse,2,89,00000041
structured8,inverse,2,90,00000091
structured8,inverse,2,91,000000e8
structured8,inverse,2,92,00000022
structured8,inverse,2,93,0000007b
structured8,inverse,2,94,000000b7
structured8,inverse,2,95,0000000e
structured8,inverse,2,96,00000044
structured8,inverse,2,97,0000009d
structured8,inverse,2,98,000000f5
structured8,inverse,2,99,0000003c
structured8,inverse,2,100,00000066
structured8,inverse,2,101,000000af
structured8,inverse,2,102,00000013
structured8,inverse,2,103,0000005a
structured8,inverse,2,104,00000080
structured8,inverse,2,105,000000c9
structured8,inverse,2,106,00000039
structured8,inverse,2,107,00000060
structured8,inverse,2,108,000000aa
structured8,inverse,2,109,00000013
structured8,inverse,2,110,0000005f
structured8,inverse,2,111,00000086
structured8,inverse,2,112,000000cc
structured8,inverse,2,113,00000035
structured8,inverse,2,114,0000006d
structured8,inverse,2,115,000000a4
structured8,inverse,2,116,0000001e
structured8,inverse,2,117,00000057
structured8,inverse,2,118,0000008b
structured8,inverse,2,119,000000c2
structured8,inverse,2,120,00000038
structured8,inverse,2,121,00000071
structured8,inverse,2,122,000000a1
structured8,inverse,2,123,00000018
structured8,inverse,2,124,00000052
structured8,inverse,2,125,0000008b
structured8,inverse,2,126,000000c7
structured8,inverse,2,127,0000003e
structured8,inverse,2,128,00000074
structured8,inverse,2,129,000000ad
structured8,inverse,2,130,00000065
structured8,inverse,2,131,0000002c
structured8,inverse,2,132,000000f6
structured8,inverse,2,133,000000bf
structured8,inverse,2,134,00000043
structured8,inverse,2,135,0000000a
structured8,inverse,2,136,000000d0
structured8,inverse,2,137,00000099
structured8,inverse,2,138,00000029
structured8,inverse,2,139,000000f0
structured8,inverse,2,140,000000ba
structured8,inverse,2,141,00000043
structured8,inverse,2,142,0000000f
structured8,inverse,2,143,000000d6
structured8,inverse,2,144,0000009c
structured8,inverse,2,145,00000025
structured8,inverse,2,146,000000fd
structured8,inverse,2,147,000000b4
structured8,inverse,2,148,0000004e
structured8,inverse,2,149,00000007
structured8,inverse,2,150,000000db
structured8,inverse,2,151,00000092
structured8,inverse,2,152,00000028
structured8,inverse,2,153,000000e1
structured8,inverse,2,154,000000b1
structured8,inverse,2,155,00000048
structured8,inverse,2,156,00000002
structured8,inverse,2,157,000000db
structured8,inverse,2,158,00000097
structured8,inverse,2,159,0000002e
structured8,inverse,2,160,000000e4
structured8,inverse,2,161,000000bd
structured8,inverse,2,162,00000055
structured8,inverse,2,163,0000001c
structured8,inverse,2,164,000000c6
structured8,inverse,2,165,0000008f
structured8,inverse,2,166,00000033
structured8,inverse,2,167,000000fa
structured8,inverse,2,168,000000a0
structured8,inverse,2,169,00000069
structured8,inverse,2,170,00000019
structured8,inverse,2,171,000000c0
structured8,inverse,2,172,0000008a
structured8,inverse,2,173,00000033
structured8,inverse,2,174,000000ff
structured8,inverse,2,175,000000a6
structured8,inverse,2,176,0000006c
structured8,inverse,2,177,00000015
structured8,inverse,2,178,000000cd
structured8,inverse,2,179,00000084
structured8,inverse,2,180,0000003e
structured8,inverse,2,181,000000f7
structured8,inverse,2,182,000000ab
structured8,inverse,2,183,00000062
structured8,inverse,2,184,00000018
structured8,inverse,2,185,000000d1
structured8,inverse,2,186,00000081
structured8,inverse,2,187,00000038
structured8,inverse,2,188,000000f2
structured8,inverse,2,189,000000ab
structured8,inverse,2,190,00000067
structured8,inverse,2,191,0000001e
structured8,inverse,2,192,000000d4
structured8,inverse,2,193,0000008d
structured8,inverse,2,194,00000005
structured8,inverse,2,195,000000cc
structured8,inverse,2,196,00000096
structured8,inverse,2,197,0000005f
structured8,inverse,2,198,00000023
structured8,inverse,2,199,000000ea
structured8,inverse,2,200,000000b0
structured8,inverse,2,201,00000079
structured8,inverse,2,202,000000c9
structured8,inverse,2,203,00000090
structured8,inverse,2,204,0000005a
structured8,inverse,2,205,00000023
structured8,inverse,2,206,000000ef
structured8,inverse,2,207,000000b6
structured8,inverse,2,208,0000007c
structured8,inverse,2,209,000000c5
structured8,inverse,2,210,0000009d
structured8,inverse,2,211,00000054
structured8,inverse,2,212,0000002e
structured8,inverse,2,213,000000e7
structured8,inverse,2,214,000000bb
structured8,inverse,2,215,00000072
structured8,inverse,2,216,000000c8
structured8,inverse,2,217,00000081
structured8,inverse,2,218,00000051
structured8,inverse,2,219,00000028
structured8,inverse,2,220,000000e2
structured8,inverse,2,221,000000bb
structured8,inverse,2,222,00000077
structured8,inverse,2,223,000000ce
structured8,inverse,2,224,00000084
structured8,inverse,2,225,0000005d
structured8,inverse,2,226,00000035
structured8,inverse,2,227,000000fc
structured8,inverse,2,228,000000a6
structured8,inverse,2,229,0000006f
structured8,inverse,2,230,000000d3
structured8,inverse,2,231,0000009a
structured8,inverse,2,232,00000040
structured8,inverse,2,233,00000009
structured8,inverse,2,234,000000f9
structured8,inverse,2,235,000000a0
structured8,inverse,2,236,0000006a
structured8,inverse,2,237,000000d3
structured8,inverse,2,238,0000009f
structured8,inverse,2,239,00000046
structured8,inverse,2,240,0000000c
structured8,inverse,2,241,000000f5
structured8,inverse,2,242,000000ad
structured8,inverse,2,243,00000064
structured8,inverse,2,244,000000de
structured8,inverse,2,245,00000097
structured8,inverse,2,246,0000004b
structured8,inverse,2,247,00000002
structured8,inverse,2,248,000000f8
structured8,inverse,2,249,000000b1
structured8,inverse,2,250,00000061
structured8,inverse,2,251,000000d8
structured8,inverse,2,252,00000092
structured8,inverse,2,253,0000004b
structured8,inverse,2,254,00000007
structured8,inverse,2,255,000000fe
structured8,inverse,2,256,000000b4
structured8,inverse,2,257,0000006d
structured8,inverse,2,258,00000025
structured8,inverse,2,259,0000006c
structured8,inverse,2,260,000000b6
structured8,inverse,2,261,000000ff
structured8,inverse,2,262,00000003
structured8,inverse,2,263,0000004a
structured8,inverse,2,264,00000090
structured8,inverse,2,265,000000d9
structured8,inverse,2,266,00000069
structured8,inverse,2,267,000000b0
structured8,inverse,2,268,000000fa
structured8,inverse,2,269,00000003
structured8,inverse,2,270,0000004f
structured8,inverse,2,271,00000096
structured8,inverse,2,272,000000dc
structured8,inverse,2,273,00000065
structured8,inverse,2,274,000000bd
structured8,inverse,2,275,000000f4
structured8,inverse,2,276,0000000e
structured8,inverse,2,277,00000047
structured8,inverse,2,278,0000009b
structured8,inverse,2,279,000000d2
structured8,inverse,2,280,00000068
structured8,inverse,2,281,000000a1
structured8,inverse,2,282,000000f1
structured8,inverse,2,283,00000008
structured8,inverse,2,284,00000042
structured8,inverse,2,285,0000009b
structured8,inverse,2,286,000000d7
structured8,inverse,2,287,0000006e
structured8,inverse,2,288,000000a4
structured8,inverse,2,289,000000fd
structured8,inverse,2,290,00000015
structured8,inverse,2,291,0000005c
structured8,inverse,2,292,00000086
structured8,inverse,2,293,000000cf
structured8,inverse,2,294,00000073
structured8,inverse,2,295,000000ba
structured8,inverse,2,296,000000e0
structured8,inverse,2,297,00000029
structured8,inverse,2,298,00000059
structured8,inverse,2,299,00000080
structured8,inverse,2,300,000000ca
structured8,inverse,2,301,00000073
structured8,inverse,2,302,000000bf
structured8,inverse,2,303,000000e6
structured8,inverse,2,304,0000002c
structured8,inverse,2,305,00000055
structured8,inverse,2,306,0000008d
structured8,inverse,2,307,000000c4
structured8,inverse,2,308,0000007e
structured8,inverse,2,309,000000b7
structured8,inverse,2,310,000000eb
structured8,inverse,2,311,00000022
structured8,inverse,2,312,00000058
structured8,inverse,2,313,00000091
structured8,inverse,2,314,000000c1
structured8,inverse,2,315,00000078
structured8,inverse,2,316,000000b2
structured8,inverse,2,317,000000eb
structured8,inverse,2,318,00000027
structured8,inverse,2,319,0000005e
structured8,inverse,2,320,00000094
structured8,inverse,2,321,000000cd
structured8,inverse,2,322,00000045
structured8,inverse,2,323,0000008c
structured8,inverse,2,324,000000d6
structured8,inverse,2,325,0000001f
structured8,inverse,2,326,00000063
structured8,inverse,2,327,000000aa
structured8,inverse,2,328,000000f0
structured8,inverse,2,329,00000039
structured8,inverse,2,330,00000089
structured8,inverse,2,331,000000d0
structured8,inverse,2,332,0000001a
structured8,inverse,2,333,00000063
structured8,inverse,2,334,000000af
structured8,inverse,2,335,000000f6
structured8,inverse,2,336,0000003c
structured8,inverse,2,337,00000085
structured8,inverse,2,338,000000dd
structured8,inverse,2,339,00000014
structured8,inverse,2,340,0000006e
structured8,inverse,2,341,000000a7
structured8,inverse,2,342,000000fb
structured8,inverse,2,343,00000032
structured8,inverse,2,344,00000088
structured8,inverse,2,345,000000c1
structured8,inverse,2,346,00000011
structured8,inverse,2,347,00000068
structured8,inverse,2,348,000000a2
structured8,inverse,2,349,000000fb
structured8,inverse,2,350,00000037
structured8,inverse,2,351,0000008e
structured8,inverse,2,352,000000c4
structured8,inverse,2,353,0000001d
structured8,inverse,2,354,00000075
structured8,inverse,2,355,000000bc
structured8,inverse,2,356,000000e6
structured8,inverse,2,357,0000002f
structured8,inverse,2,358,00000093
structured8,inverse,2,359,000000da
structured8,inverse,2,360,00000000
structured8,inverse,2,361,00000049
structured8,inverse,2,362,000000b9
structured8,inverse,2,363,000000e0
structured8,inverse,2,364,0000002a
structured8,inverse,2,365,00000093
structured8,inverse,2,366,000000df
structured8,inverse,2,367,00000006
structured8,inverse,2,368,0000004c
structured8,inverse,2,369,000000b5
structured8,inverse,2,370,000000ed
structured8,inverse,2,371,00000024
structured8,inverse,2,372,0000009e
structured8,inverse,2,373,000000d7
structured8,inverse,2,374,0000000b
structured8,inverse,2,375,00000042
structured8,inverse,2,376,000000b8
structured8,inverse,2,377,000000f1
structured8,inverse,2,378,00000021
structured8,inverse,2,379,00000098
structured8,inverse,2,380,000000d2
structured8,inverse,2,381,0000000b
structured8,inverse,2,382,00000047
structured8,inverse,2,383,000000be
random8,forward,2,0,0000001b
random8,forward,2,1,000000ad
random8,forward,2,2,0000008e
random8,forward,2,3,000000f2
random8,forward,2,4,000000ad
random8,forward,2,5,00000084
random8,forward,2,6,000000ad
random8,forward,2,7,00000005
random8,forward,2,8,00000054
random8,forward,2,9,000000b1
random8,forward,2,10,000000cf
random8,forward,2,11,000000c3
random8,forward,2,12,0000009b
random8,forward,2,13,000000d0
random8,forward,2,14,0000005f
random8,forward,2,15,00000029
random8,forward,2,16,000000cf
random8,forward,2,17,0000003c
random8,forward,2,18,0000008b
random8,forward,2,19,000000f3
random8,forward,2,20,000000fc
random8,forward,2,21,00000012
random8,forward,2,22,0000003d
random8,forward,2,23,0000009c
random8,forward,2,24,000000ee
random8,forward,2,25,0000002e
random8,forward,2,26,00000021
random8,forward,2,27,00000061
random8,forward,2,28,00000031
random8,forward,2,29,0000002c
random8,forward,2,30,000000a5
random8,forward,2,31,0000003e
random8,forward,2,32,00000010
random8,forward,2,33,00000067
random8,forward,2,34,000000f3
random8,forward,2,35,000000ef
random8,forward,2,36,00000098
random8,forward,2,37,000000fc
random8,forward,2,38,000000f8
random8,forward,2,39,000000f0
random8,forward,2,40,00000095
random8,forward,2,41,000000c7
random8,forward,2,42,0000005f
random8,forward,2,43,0000007c
random8,forward,2,44,00000093
random8,forward,2,45,00000064
random8,forward,2,46,00000096
random8,forward,2,47,00000090
random8,forward,2,48,000000dd
random8,forward,2,49,0000002e
random8,forward,2,50,000000c7
random8,forward,2,51,000000e8
random8,forward,2,52,00000080
random8,forward,2,53,00000042
random8,forward,2,54,000000df
random8,forward,2,55,000000ff
random8,forward,2,56,00000048
random8,forward,2,57,0000007c
random8,forward,2,58,0000008a
random8,forward,2,59,00000012
random8,forward,2,60,000000c0
random8,forward,2,61,00000078
random8,forward,2,62,00000033
random8,forward,2,63,0000001d
random8,forward,2,64,00000035
random8,forward,2,65,00000091
random8,forward,2,66,00000007
random8,forward,2,67,000000dc
random8,forward,2,68,000000b4
random8,forward,2,69,000000e4
random8,forward,2,70,000000f2
random8,forward,2,71,000000ca
random8,forward,2,72,00000006
random8,forward,2,73,0000004d
random8,forward,2,74,000000a0
random8,forward,2,75,00000025
random8,forward,2,76,000000ba
random8,forward,2,77,00000067
random8,forward,2,78,0000007c
random8,forward,2,79,000000e7
random8,forward,2,80,0000001a
random8,forward,2,81,00000090
random8,forward,2,82,000000b3
random8,forward,2,83,000000cc
random8,forward,2,84,00000033
random8,forward,2,85,000000e2
random8,forward,2,86,00000031
random8,forward,2,87,00000052
random8,forward,2,88,000000d1
random8,forward,2,89,0000003a
random8,forward,2,90,000000a2
random8,forward,2,91,000000b3
random8,forward,2,92,00000080
random8,forward,2,93,00000033
random8,forward,2,94,00000071
random8,forward,2,95,000000ec
random8,forward,2,96,0000008b
random8,forward,2,97,0000002b
random8,forward,2,98,000000cc
random8,forward,2,99,000000b9
random8,forward,2,100,000000ff
random8,forward,2,101,0000003c
random8,forward,2,102,0000009c
random8,forward,2,103,00000095
random8,forward,2,104,000000a8
random8,forward,2,105,00000043
random8,forward,2,106,00000090
random8,forward,2,107,000000be
random8,forward,2,108,00000011
random8,forward,2,109,000000db
random8,forward,2,110,00000013
random8,forward,2,111,0000002e
random8,forward,2,112,00000088
random8,forward,2,113,00000062
random8,forward,2,114,00000050
random8,forward,2,115,000000a1
random8,forward,2,116,00000017
random8,forward,2,117,000000f2
random8,forward,2,118,00000034
random8,forward,2,119,00000095
random8,forward,2,120,0000008a
random8,forward,2,121,00000068
random8,forward,2,122,0000006a
random8,forward,2,123,00000044
random8,forward,2,124,0000006f
random8,forward,2,125,0000005f
random8,forward,2,126,00000060
random8,forward,2,127,000000ab
random8,forward,2,128,00000010
random8,forward,2,129,00000035
random8,forward,2,130,00000040
random8,forward,2,131,00000086
random8,forward,2,132,0000007a
random8,forward,2,133,00000004
random8,forward,2,134,000000f7
random8,forward,2,135,00000050
random8,forward,2,136,00000079
random8,forward,2,137,000000a9
random8,forward,2,138,00000031
random8,forward,2,139,00000046
random8,forward,2,140,00000099
random8,forward,2,141,000000bf
random8,forward,2,142,00000059
random8,forward,2,143,00000064
random8,forward,2,144,00000025
random8,forward,2,145,000000a4
random8,forward,2,146,0000009c
random8,forward,2,147,00000066
random8,forward,2,148,0000002a
random8,forward,2,149,00000072
random8,forward,2,150,000000e6
random8,forward,2,151,000000c8
random8,forward,2,152,00000074
random8,forward,2,153,00000006
random8,forward,2,154,000000e3
random8,forward,2,155,000000c5
random8,forward,2,156,0000008e
random8,forward,2,157,000000fb
random8,forward,2,158,000000fe
random8,forward,2,159,0000005a
random8,forward,2,160,000000c6
random8,forward,2,161,000000ae
random8,forward,2,162,00000064
random8,forward,2,163,00000043
random8,forward,2,164,00000026
random8,forward,2,165,0000003c
random8,forward,2,166,00000001
random8,forward,2,167,000000fb
random8,forward,2,168,0000007a
random8,forward,2,169,0000007e
random8,forward,2,170,00000081
random8,forward,2,171,000000bf
random8,forward,2,172,00000050
random8,forward,2,173,00000013
random8,forward,2,174,0000004f
random8,forward,2,175,0000008b
random8,forward,2,176,000000f2
random8,forward,2,177,00000055
random8,forward,2,178,00000098
random8,forward,2,179,0000001b
random8,forward,2,180,0000006d
random8,forward,2,181,00000062
random8,forward,2,182,00000048
random8,forward,2,183,000000eb
random8,forward,2,184,0000008d
random8,forward,2,185,00000013
random8,forward,2,186,0000000b
random8,forward,2,187,00000036
random8,forward,2,188,000000de
random8,forward,2,189,00000007
random8,forward,2,190,0000004d
random8,forward,2,191,000000f9
random8,forward,2,192,000000ab
random8,forward,2,193,00000098
random8,forward,2,194,00000039
random8,forward,2,195,000000ef
random8,forward,2,196,00000001
random8,forward,2,197,000000e3
random8,forward,2,198,000000bc
random8,forward,2,199,00000096
random8,forward,2,200,000000ac
random8,forward,2,201,000000c4
random8,forward,2,202,00000081
random8,forward,2,203,00000028
random8,forward,2,204,00000037
random8,forward,2,205,000000d7
random8,forward,2,206,000000f6
random8,forward,2,207,000000a2
random8,forward,2,208,000000f0
random8,forward,2,209,00000077
random8,forward,2,210,00000045
random8,forward,2,211,000000c0
random8,forward,2,212,000000e1
random8,forward,2,213,000000c1
random8,forward,2,214,0000005b
random8,forward,2,215,000000fd
random8,forward,2,216,000000d7
random8,forward,2,217,00000091
random8,forward,2,218,000000e3
random8,forward,2,219,00000097
random8,forward,2,220,0000005d
random8,forward,2,221,00000083
random8,forward,2,222,0000004b
random8,forward,2,223,00000088
random8,forward,2,224,000000c0
random8,forward,2,225,000000f2
random8,forward,2,226,000000bd
random8,forward,2,227,0000008c
random8,forward,2,228,0000000c
random8,forward,2,229,000000fb
random8,forward,2,230,00000026
random8,forward,2,231,00000021
random8,forward,2,232,0000000d
random8,forward,2,233,0000007a
random8,forward,2,234,00000032
random8,forward,2,235,00000081
random8,forward,2,236,0000004f
random8,forward,2,237,0000000b
random8,forward,2,238,0000004c
random8,forward,2,239,000000a9
random8,forward,2,240,0000001d
random8,forward,2,241,00000009
random8,forward,2,242,000000a1
random8,forward,2,243,00000055
random8,forward,2,244,00000084
random8,forward,2,245,00000091
random8,forward,2,246,0000001d
random8,forward,2,247,00000000
random8,forward,2,248,00000050
random8,forward,2,249,0000007f
random8,forward,2,250,0000006c
random8,forward,2,251,000000e7
random8,forward,2,252,0000000c
random8,forward,2,253,0000006f
random8,forward,2,254,000000f9
random8,forward,2,255,00000006
random8,forward,2,256,00000006
random8,forward,2,257,000000bc
random8,forward,2,258,000000f1
random8,forward,2,259,00000019
random8,forward,2,260,00000048
random8,forward,2,261,00000083
random8,forward,2,262,00000040
random8,forward,2,263,0000009c
random8,forward,2,264,0000009f
random8,forward,2,265,000000a0
random8,forward,2,266,00000092
random8,forward,2,267,000000ca
random8,forward,2,268,00000096
random8,forward,2,269,000000af
random8,forward,2,270,00000052
random8,forward,2,271,000000a0
random8,forward,2,272,0000007a
random8,forward,2,273,0000000b
random8,forward,2,274,000000ae
random8,forward,2,275,000000da
random8,forward,2,276,00000057
random8,forward,2,277,000000d1
random8,forward,2,278,00000090
random8,forward,2,279,000000f3
random8,forward,2,280,000000f9
random8,forward,2,281,000000dd
random8,forward,2,282,000000a4
random8,forward,2,283,00000028
random8,forward,2,284,000000ec
random8,forward,2,285,000000cb
random8,forward,2,286,00000058
random8,forward,2,287,00000075
random8,forward,2,288,0000007b
random8,forward,2,289,000000f6
random8,forward,2,290,000000d6
random8,forward,2,291,00000096
random8,forward,2,292,000000b3
random8,forward,2,293,0000007b
random8,forward,2,294,0000000b
random8,forward,2,295,00000007
random8,forward,2,296,00000060
random8,forward,2,297,00000036
random8,forward,2,298,000000a2
random8,forward,2,299,00000003
random8,forward,2,300,0000000e
random8,forward,2,301,000000c3
random8,forward,2,302,00000009
random8,forward,2,303,00000087
random8,forward,2,304,00000008
random8,forward,2,305,0000007d
random8,forward,2,306,0000006a
random8,forward,2,307,0000004f
random8,forward,2,308,0000005b
random8,forward,2,309,00000081
random8,forward,2,310,000000b2
random8,forward,2,311,000000d6
random8,forward,2,312,000000d3
random8,forward,2,313,000000ab
random8,forward,2,314,0000008d
random8,forward,2,315,00000059
random8,forward,2,316,000000fb
random8,forward,2,317,00000097
random8,forward,2,318,00000066
random8,forward,2,319,000000d4
random8,forward,2,320,00000020
random8,forward,2,321,000000a0
random8,forward,2,322,0000006a
random8,forward,2,323,00000003
random8,forward,2,324,0000004f
random8,forward,2,325,000000e3
random8,forward,2,326,00000085
random8,forward,2,327,00000061
random8,forward,2,328,00000051
random8,forward,2,329,0000003c
random8,forward,2,330,00000063
random8,forward,2,331,0000002c
random8,forward,2,332,000000b5
random8,forward,2,333,00000046
random8,forward,2,334,0000006f
random8,forward,2,335,0000005e
random8,forward,2,336,000000c5
random8,forward,2,337,0000005f
random8,forward,2,338,000000d6
random8,forward,2,339,000000b3
random8,forward,2,340,0000008e
random8,forward,2,341,000000a1
random8,forward,2,342,00000084
random8,forward,2,343,000000a9
random8,forward,2,344,000000dc
random8,forward,2,345,000000e9
random8,forward,2,346,00000025
random8,forward,2,347,0000007a
random8,forward,2,348,0000003b
random8,forward,2,349,000000d2
random8,forward,2,350,00000024
random8,forward,2,351,00000023
random8,forward,2,352,000000f6
random8,forward,2,353,000000ba
random8,forward,2,354,000000af
random8,forward,2,355,00000060
random8,forward,2,356,0000001a
random8,forward,2,357,000000bb
random8,forward,2,358,000000af
random8,forward,2,359,000000ac
random8,forward,2,360,00000073
random8,forward,2,361,000000b2
random8,forward,2,362,000000d3
random8,forward,2,363,00000045
random8,forward,2,364,0000008c
random8,forward,2,365,0000003a
random8,forward,2,366,00000086
random8,forward,2,367,00000025
random8,forward,2,368,000000b3
random8,forward,2,369,000000b1
random8,forward,2,370,000000f3
random8,forward,2,371,00000008
random8,forward,2,372,000000f2
random8,forward,2,373,00000031
random8,forward,2,374,00000007
random8,forward,2,375,0000006c
random8,forward,2,376,00000015
random8,forward,2,377,00000097
random8,forward,2,378,0000006d
random8,forward,2,379,0000008b
random8,forward,2,380,000000aa
random8,forward,2,381,0000007e
random8,forward,2,382,000000c6
random8,forward,2,383,0000004f
random8,inverse,2,0,000000aa
random8,inverse,2,1,0000007e
random8,inverse,2,2,000000c6
random8,inverse,2,3,0000004f
random8,inverse,2,4,0000001b
random8,inverse,2,5,000000ad
random8,inverse,2,6,0000008e
random8,inverse,2,7,000000f2
random8,inverse,2,8,000000ad
random8,inverse,2,9,00000084
random8,inverse,2,10,000000ad
random8,inverse,2,11,00000005
random8,inverse,2,12,00000054
random8,inverse,2,13,000000b1
random8,inverse,2,14,000000cf
random8,inverse,2,15,000000c3
random8,inverse,2,16,0000009b
random8,inverse,2,17,000000d0
random8,inverse,2,18,0000005f
random8,inverse,2,19,00000029
random8,inverse,2,20,000000cf
random8,inverse,2,21,0000003c
random8,inverse,2,22,0000008b
random8,inverse,2,23,000000f3
random8,inverse,2,24,000000fc
random8,inverse,2,25,00000012
random8,inverse,2,26,0000003d
random8,inverse,2,27,0000009c
random8,inverse,2,28,000000ee
random8,inverse,2,29,0000002e
random8,inverse,2,30,00000021
random8,inverse,2,31,00000061
random8,inverse,2,32,00000031
random8,inverse,2,33,0000002c
random8,inverse,2,34,000000a5
random8,inverse,2,35,0000003e
random8,inverse,2,36,00000010
random8,inverse,2,37,00000067
random8,inverse,2,38,000000f3
random8,inverse,2,39,000000ef
random8,inverse,2,40,00000098
random8,inverse,2,41,000000fc
random8,inverse,2,42,000000f8
random8,inverse,2,43,000000f0
random8,inverse,2,44,00000095
random8,inverse,2,45,000000c7
random8,inverse,2,46,0000005f
random8,inverse,2,47,0000007c
random8,inverse,2,48,00000093
random8,inverse,2,49,00000064
random8,inverse,2,50,00000096
random8,inverse,2,51,00000090
random8,inverse,2,52,000000dd
random8,inverse,2,53,0000002e
random8,inverse,2,54,000000c7
random8,inverse,2,55,000000e8
random8,inverse,2,56,00000080
random8,inverse,2,57,00000042
random8,inverse,2,58,000000df
random8,inverse,2,59,000000ff
random8,inverse,2,60,00000048
random8,inverse,2,61,0000007c
random8,inverse,2,62,0000008a
random8,inverse,2,63,00000012
random8,inverse,2,64,000000c0
random8,inverse,2,65,00000078
random8,inverse,2,66,00000033
random8,inverse,2,67,0000001d
random8,inverse,2,68,00000035
random8,inverse,2,69,00000091
random8,inverse,2,70,00000007
random8,inverse,2,71,000000dc
random8,inverse,2,72,000000b4
random8,inverse,2,73,000000e4
random8,inverse,2,74,000000f2
random8,inverse,2,75,000000ca
random8,inverse,2,76,00000006
random8,inverse,2,77,0000004d
random8,inverse,2,78,000000a0
random8,inverse,2,79,00000025
random8,inverse,2,80,000000ba
random8,inverse,2,81,00000067
random8,inverse,2,82,0000007c
random8,inverse,2,83,000000e7
random8,inverse,2,84,0000001a
random8,inverse,2,85,00000090
random8,inverse,2,86,000000b3
random8,inverse,2,87,000000cc
random8,inverse,2,88,00000033
random8,inverse,2,89,000000e2
random8,inverse,2,90,00000031
random8,inverse,2,91,00000052
random8,inverse,2,92,000000d1
random8,inverse,2,93,0000003a
random8,inverse,2,94,000000a2
random8,inverse,2,95,000000b3
random8,inverse,2,96,00000080
random8,inverse,2,97,00000033
random8,inverse,2,98,00000071
random8,inverse,2,99,000000ec
random8,inverse,2,100,0000008b
random8,inverse,2,101,0000002b
random8,inverse,2,102,000000cc
random8,inverse,2,103,000000b9
random8,inverse,2,104,000000ff
random8,inverse,2,105,0000003c
random8,inverse,2,106,0000009c
random8,inverse,2,107,00000095
random8,inverse,2,108,000000a8
random8,inverse,2,109,00000043
random8,inverse,2,110,00000090
random8,inverse,2,111,000000be
random8,inverse,2,112,00000011
random8,inverse,2,113,000000db
random8,inverse,2,114,00000013
random8,inverse,2,115,0000002e
random8,inverse,2,116,00000088
random8,inverse,2,117,00000062
random8,inverse,2,118,00000050
random8,inverse,2,119,000000a1
random8,inverse,2,120,00000017
random8,inverse,2,121,000000f2
random8,inverse,2,122,00000034
random8,inverse,2,123,00000095
random8,inverse,2,124,0000008a
random8,inverse,2,125,00000068
random8,inverse,2,126,0000006a
random8,inverse,2,127,00000044
random8,inverse,2,128,0000006f
random8,inverse,2,129,0000005f
random8,inverse,2,130,00000060
random8,inverse,2,131,000000ab
random8,inverse,2,132,00000010
random8,inverse,2,133,00000035
random8,inverse,2,134,00000040
random8,inverse,2,135,00000086
random8,inverse,2,136,0000007a
random8,inverse,2,137,00000004
random8,inverse,2,138,000000f7
random8,inverse,2,139,00000050
random8,inverse,2,140,00000079
random8,inverse,2,141,000000a9
random8,inverse,2,142,00000031
random8,inverse,2,143,00000046
random8,inverse,2,144,00000099
random8,inverse,2,145,000000bf
random8,inverse,2,146,00000059
random8,inverse,2,147,00000064
random8,inverse,2,148,00000025
random8,inverse,2,149,000000a4
random8,inverse,2,150,0000009c
random8,inverse,2,151,00000066
random8,inverse,2,152,0000002a
random8,inverse,2,153,00000072
random8,inverse,2,154,000000e6
random8,inverse,2,155,000000c8
random8,inverse,2,156,00000074
random8,inverse,2,157,00000006
random8,inverse,2,158,000000e3
random8,inverse,2,159,000000c5
random8,inverse,2,160,0000008e
random8,inverse,2,161,000000fb
random8,inverse,2,162,000000fe
random8,inverse,2,163,0000005a
random8,inverse,2,164,000000c6
random8,inverse,2,165,000000ae
random8,inverse,2,166,00000064
random8,inverse,2,167,00000043
random8,inverse,2,168,00000026
random8,inverse,2,169,0000003c
random8,inverse,2,170,00000001
random8,inverse,2,171,000000fb
random8,inverse,2,172,0000007a
random8,inverse,2,173,0000007e
random8,inverse,2,174,00000081
random8,inverse,2,175,000000bf
random8,inverse,2,176,00000050
random8,inverse,2,177,00000013
random8,inverse,2,178,0000004f
random8,inverse,2,179,0000008b
random8,inverse,2,180,000000f2
random8,inverse,2,181,00000055
random8,inverse,2,182,00000098
random8,inverse,2,183,0000001b
random8,inverse,2,184,0000006d
random8,inverse,2,185,00000062
random8,inverse,2,186,00000048
random8,inverse,2,187,000000eb
random8,inverse,2,188,0000008d
random8,inverse,2,189,00000013
random8,inverse,2,190,0000000b
random8,inverse,2,191,00000036
random8,inverse,2,192,000000de
random8,inverse,2,193,00000007
random8,inverse,2,194,0000004d
random8,inverse,2,195,000000f9
random8,inverse,2,196,000000ab
random8,inverse,2,197,00000098
random8,inverse,2,198,00000039
random8,inverse,2,199,000000ef
random8,inverse,2,200,00000001
random8,inverse,2,201,000000e3
random8,inverse,2,202,000000bc
random8,inverse,2,203,00000096
random8,inverse,2,204,000000ac
random8,inverse,2,205,000000c4
random8,inverse,2,206,00000081
random8,inverse,2,207,00000028
random8,inverse,2,208,00000037
random8,inverse,2,209,000000d7
random8,inverse,2,210,000000f6
random8,inverse,2,211,000000a2
random8,inverse,2,212,000000f0
random8,inverse,2,213,00000077
random8,inverse,2,214,00000045
random8,inverse,2,215,000000c0
random8,inverse,2,216,000000e1
random8,inverse,2,217,000000c1
random8,inverse,2,218,0000005b
random8,inverse,2,219,000000fd
random8,inverse,2,220,000000d7
random8,inverse,2,221,00000091
random8,inverse,2,222,000000e3
random8,inverse,2,223,00000097
random8,inverse,2,224,0000005d
random8,inverse,2,225,00000083
random8,inverse,2,226,0000004b
random8,inverse,2,227,00000088
random8,inverse,2,228,000000c0
random8,inverse,2,229,000000f2
random8,inverse,2,230,000000bd
random8,inverse,2,231,0000008c
random8,inverse,2,232,0000000c
random8,inverse,2,233,000000fb
random8,inverse,2,234,00000026
random8,inverse,2,235,00000021
random8,inverse,2,236,0000000d
random8,inverse,2,237,0000007a
random8,inverse,2,238,00000032
random8,inverse,2,239,00000081
random8,inverse,2,240,0000004f
random8,inverse,2,241,0000000b
random8,inverse,2,242,0000004c
random8,inverse,2,243,000000a9
random8,inverse,2,244,0000001d
random8,inverse,2,245,00000009
random8,inverse,2,246,000000a1
random8,inverse,2,247,00000055
random8,inverse,2,248,00000084
random8,inverse,2,249,00000091
random8,inverse,2,250,0000001d
random8,inverse,2,251,00000000
random8,inverse,2,252,00000050
random8,inverse,2,253,0000007f
random8,inverse,2,254,0000006c
random8,inverse,2,255,000000e7
random8,inverse,2,256,0000000c
random8,inverse,2,257,0000006f
random8,inverse,2,258,000000f9
random8,inverse,2,259,00000006
random8,inverse,2,260,00000006
random8,inverse,2,261,000000bc
random8,inverse,2,262,000000f1
random8,inverse,2,263,00000019
random8,inverse,2,264,00000048
random8,inverse,2,265,00000083
random8,inverse,2,266,00000040
random8,inverse,2,267,0000009c
random8,inverse,2,268,0000009f
random8,inverse,2,269,000000a0
random8,inverse,2,270,00000092
random8,inverse,2,271,000000ca
random8,inverse,2,272,00000096
random8,inverse,2,273,000000af
random8,inverse,2,274,00000052
random8,inverse,2,275,000000a0
random8,inverse,2,276,0000007a
random8,inverse,2,277,0000000b
random8,inverse,2,278,000000ae
random8,inverse,2,279,000000da
random8,inverse,2,280,00000057
random8,inverse,2,281,000000d1
random8,inverse,2,282,00000090
random8,inverse,2,283,000000f3
random8,inverse,2,284,000000f9
random8,inverse,2,285,000000dd
random8,inverse,2,286,000000a4
random8,inverse,2,287,00000028
random8,inverse,2,288,000000ec
random8,inverse,2,289,000000cb
random8,inverse,2,290,00000058
random8,inverse,2,291,00000075
random8,inverse,2,292,0000007b
random8,inverse,2,293,000000f6
random8,inverse,2,294,000000d6
random8,inverse,2,295,00000096
random8,inverse,2,296,000000b3
random8,inverse,2,297,0000007b
random8,inverse,2,298,0000000b
random8,inverse,2,299,00000007
random8,inverse,2,300,00000060
random8,inverse,2,301,00000036
random8,inverse,2,302,000000a2
random8,inverse,2,303,00000003
random8,inverse,2,304,0000000e
random8,inverse,2,305,000000c3
random8,inverse,2,306,00000009
random8,inverse,2,307,00000087
random8,inverse,2,308,00000008
random8,inverse,2,309,0000007d
random8,inverse,2,310,0000006a
random8,inverse,2,311,0000004f
random8,inverse,2,312,0000005b
random8,inverse,2,313,00000081
random8,inverse,2,314,000000b2
random8,inverse,2,315,000000d6
random8,inverse,2,316,000000d3
random8,inverse,2,317,000000ab
random8,inverse,2,318,0000008d
random8,inverse,2,319,00000059
random8,inverse,2,320,000000fb
random8,inverse,2,321,00000097
random8,inverse,2,322,00000066
random8,inverse,2,323,000000d4
random8,inverse,2,324,00000020
random8,inverse,2,325,000000a0
random8,inverse,2,326,0000006a
random8,inverse,2,327,00000003
random8,inverse,2,328,0000004f
random8,inverse,2,329,000000e3
random8,inverse,2,330,00000085
random8,inverse,2,331,00000061
random8,inverse,2,332,00000051
random8,inverse,2,333,0000003c
random8,inverse,2,334,00000063
random8,inverse,2,335,0000002c
random8,inverse,2,336,000000b5
random8,inverse,2,337,00000046
random8,inverse,2,338,0000006f
random8,inverse,2,339,0000005e
random8,inverse,2,340,000000c5
random8,inverse,2,341,0000005f
random8,inverse,2,342,000000d6
random8,inverse,2,343,000000b3
random8,inverse,2,344,0000008e
random8,inverse,2,345,000000a1
random8,inverse,2,346,00000084
random8,inverse,2,347,000000a9
random8,inverse,2,348,000000dc
random8,inverse,2,349,000000e9
random8,inverse,2,350,00000025
random8,inverse,2,351,0000007a
random8,inverse,2,352,0000003b
random8,inverse,2,353,000000d2
random8,inverse,2,354,00000024
random8,inverse,2,355,00000023
random8,inverse,2,356,000000f6
random8,inverse,2,357,000000ba
random8,inverse,2,358,000000af
random8,inverse,2,359,00000060
random8,inverse,2,360,0000001a
random8,inverse,2,361,000000bb
random8,inverse,2,362,000000af
random8,inverse,2,363,000000ac
random8,inverse,2,364,00000073
random8,inverse,2,365,000000b2
random8,inverse,2,366,000000d3
random8,inverse,2,367,00000045
random8,inverse,2,368,0000008c
random8,inverse,2,369,0000003a
random8,inverse,2,370,00000086
random8,inverse,2,371,00000025
random8,inverse,2,372,000000b3
random8,inverse,2,373,000000b1
random8,inverse,2,374,000000f3
random8,inverse,2,375,00000008
random8,inverse,2,376,000000f2
random8,inverse,2,377,00000031
random8,inverse,2,378,00000007
random8,inverse,2,379,0000006c
random8,inverse,2,380,00000015
random8,inverse,2,381,00000097
random8,inverse,2,382,0000006d
random8,inverse,2,383,0000008b
structured8,forward,17,0,00000074
structured8,forward,17,1,0000008e
structured8,forward,17,2,000000c7
structured8,forward,17,3,0000001b
structured8,forward,17,4,00000052
structured8,forward,17,5,000000e8
structured8,forward,17,6,00000021
structured8,forward,17,7,00000071
structured8,forward,17,8,00000088
structured8,forward,17,9,000000c2
structured8,forward,17,10,0000001b
structured8,forward,17,11,00000057
structured8,forward,17,12,000000ee
structured8,forward,17,13,00000024
structured8,forward,17,14,0000007d
structured8,forward,17,15,00000095
structured8,forward,17,16,000000dc
structured8,forward,17,17,00000006
structured8,forward,17,18,0000004f
structured8,forward,17,19,000000f3
structured8,forward,17,20,0000003a
structured8,forward,17,21,00000060
structured8,forward,17,22,000000a9
structured8,forward,17,23,000000d9
structured8,forward,17,24,00000000
structured8,forward,17,25,0000004a
structured8,forward,17,26,000000f3
structured8,forward,17,27,0000003f
structured8,forward,17,28,00000066
structured8,forward,17,29,000000ac
structured8,forward,17,30,000000d5
structured8,forward,17,31,0000000d
structured8,forward,17,32,00000044
structured8,forward,17,33,000000fe
structured8,forward,17,34,00000037
structured8,forward,17,35,0000006b
structured8,forward,17,36,000000a2
structured8,forward,17,37,000000d8
structured8,forward,17,38,00000011
structured8,forward,17,39,00000041
structured8,forward,17,40,000000f8
structured8,forward,17,41,00000032
structured8,forward,17,42,0000006b
structured8,forward,17,43,000000a7
structured8,forward,17,44,000000de
structured8,forward,17,45,00000014
structured8,forward,17,46,0000004d
structured8,forward,17,47,000000c5
structured8,forward,17,48,0000000c
structured8,forward,17,49,00000056
structured8,forward,17,50,0000009f
structured8,forward,17,51,000000e3
structured8,forward,17,52,0000002a
structured8,forward,17,53,00000070
structured8,forward,17,54,000000b9
structured8,forward,17,55,00000009
structured8,forward,17,56,00000050
structured8,forward,17,57,0000009a
structured8,forward,17,58,000000e3
structured8,forward,17,59,0000002f
structured8,forward,17,60,00000076
structured8,forward,17,61,000000bc
structured8,forward,17,62,00000005
structured8,forward,17,63,0000005d
structured8,forward,17,64,00000094
structured8,forward,17,65,000000ee
structured8,forward,17,66,00000027
structured8,forward,17,67,0000007b
structured8,forward,17,68,000000b2
structured8,forward,17,69,00000008
structured8,forward,17,70,00000041
structured8,forward,17,71,00000091
structured8,forward,17,72,000000e8
structured8,forward,17,73,00000022
structured8,forward,17,74,0000007b
structured8,forward,17,75,000000b7
structured8,forward,17,76,0000000e
structured8,forward,17,77,00000044
structured8,forward,17,78,0000009d
structured8,forward,17,79,000000f5
structured8,forward,17,80,0000003c
structured8,forward,17,81,00000066
structured8,forward,17,82,000000af
structured8,forward,17,83,00000013
structured8,forward,17,84,0000005a
structured8,forward,17,85,00000080
structured8,forward,17,86,000000c9
structured8,forward,17,87,00000039
structured8,forward,17,88,00000060
structured8,forward,17,89,000000aa
structured8,forward,17,90,00000013
structured8,forward,17,91,0000005f
structured8,forward,17,92,00000086
structured8,forward,17,93,000000cc
structured8,forward,17,94,00000035
structured8,forward,17,95,0000006d
structured8,forward,17,96,000000a4
structured8,forward,17,97,0000001e
structured8,forward,17,98,00000057
structured8,forward,17,99,0000008b
structured8,forward,17,100,000000c2
structured8,forward,17,101,00000038
structured8,forward,17,102,00000071
structured8,forward,17,103,000000a1
structured8,forward,17,104,00000018
structured8,forward,17,105,00000052
structured8,forward,17,106,0000008b
structured8,forward,17,107,000000c7
structured8,forward,17,108,0000003e
structured8,forward,17,109,00000074
structured8,forward,17,110,000000ad
structured8,forward,17,111,00000065
structured8,forward,17,112,0000002c
structured8,forward,17,113,000000f6
structured8,forward,17,114,000000bf
structured8,forward,17,115,00000043
structured8,forward,17,116,0000000a
structured8,forward,17,117,000000d0
structured8,forward,17,118,00000099
structured8,forward,17,119,00000029
structured8,forward,17,120,000000f0
structured8,forward,17,121,000000ba
structured8,forward,17,122,00000043
structured8,forward,17,123,0000000f
structured8,forward,17,124,000000d6
structured8,forward,17,125,0000009c
structured8,forward,17,126,00000025
structured8,forward,17,127,000000fd
structured8,forward,17,128,000000b4
structured8,forward,17,129,0000004e
structured8,forward,17,130,00000007
structured8,forward,17,131,000000db
structured8,forward,17,132,00000092
structured8,forward,17,133,00000028
structured8,forward,17,134,000000e1
structured8,forward,17,135,000000b1
structured8,forward,17,136,00000048
structured8,forward,17,137,00000002
structured8,forward,17,138,000000db
structured8,forward,17,139,00000097
structured8,forward,17,140,0000002e
structured8,forward,17,141,000000e4
structured8,forward,17,142,000000bd
structured8,forward,17,143,00000055
structured8,forward,17,144,0000001c
structured8,forward,17,145,000000c6
structured8,forward,17,146,0000008f
structured8,forward,17,147,00000033
structured8,forward,17,148,000000fa
structured8,forward,17,149,000000a0
structured8,forward,17,150,00000069
structured8,forward,17,151,00000019
structured8,forward,17,152,000000c0
structured8,forward,17,153,0000008a
structured8,forward,17,154,00000033
structured8,forward,17,155,000000ff
structured8,forward,17,156,000000a6
structured8,forward,17,157,0000006c
structured8,forward,17,158,00000015
structured8,forward,17,159,000000cd
structured8,forward,17,160,00000084
structured8,forward,17,161,0000003e
structured8,forward,17,162,000000f7
structured8,forward,17,163,000000ab
structured8,forward,17,164,00000062
structured8,forward,17,165,00000018
structured8,forward,17,166,000000d1
structured8,forward,17,167,00000081
structured8,forward,17,168,00000038
structured8,forward,17,169,000000f2
structured8,forward,17,170,000000ab
structured8,forward,17,171,00000067
structured8,forward,17,172,0000001e
structured8,forward,17,173,000000d4
structured8,forward,17,174,0000008d
structured8,forward,17,175,00000005
structured8,forward,17,176,000000cc
structured8,forward,17,177,00000096
structured8,forward,17,178,0000005f
structured8,forward,17,179,00000023
structured8,forward,17,180,000000ea
structured8,forward,17,181,000000b0
structured8,forward,17,182,00000079
structured8,forward,17,183,000000c9
structured8,forward,17,184,00000090
structured8,forward,17,185,0000005a
structured8,forward,17,186,00000023
structured8,forward,17,187,000000ef
structured8,forward,17,188,000000b6
structured8,forward,17,189,0000007c
structured8,forward,17,190,000000c5
structured8,forward,17,191,0000009d
structured8,forward,17,192,00000054
structured8,forward,17,193,0000002e
structured8,forward,17,194,000000e7
structured8,forward,17,195,000000bb
structured8,forward,17,196,00000072
structured8,forward,17,197,000000c8
structured8,forward,17,198,00000081
structured8,forward,17,199,00000051
structured8,forward,17,200,00000028
structured8,forward,17,201,000000e2
structured8,forward,17,202,000000bb
structured8,forward,17,203,00000077
structured8,forward,17,204,000000ce
structured8,forward,17,205,00000084
structured8,forward,17,206,0000005d
structured8,forward,17,207,00000035
structured8,forward,17,208,000000fc
structured8,forward,17,209,000000a6
structured8,forward,17,210,0000006f
structured8,forward,17,211,000000d3
structured8,forward,17,212,0000009a
structured8,forward,17,213,00000040
structured8,forward,17,214,00000009
structured8,forward,17,215,000000f9
structured8,forward,17,216,000000a0
structured8,forward,17,217,0000006a
structured8,forward,17,218,000000d3
structured8,forward,17,219,0000009f
structured8,forward,17,220,00000046
structured8,forward,17,221,0000000c
structured8,forward,17,222,000000f5
structured8,forward,17,223,000000ad
structured8,forward,17,224,00000064
structured8,forward,17,225,000000de
structured8,forward,17,226,00000097
structured8,forward,17,227,0000004b
structured8,forward,17,228,00000002
structured8,forward,17,229,000000f8
structured8,forward,17,230,000000b1
structured8,forward,17,231,00000061
structured8,forward,17,232,000000d8
structured8,forward,17,233,00000092
structured8,forward,17,234,0000004b
structured8,forward,17,235,00000007
structured8,forward,17,236,000000fe
structured8,forward,17,237,000000b4
structured8,forward,17,238,0000006d
structured8,forward,17,239,00000025
structured8,forward,17,240,0000006c
structured8,forward,17,241,000000b6
structured8,forward,17,242,000000ff
structured8,forward,17,243,00000003
structured8,forward,17,244,0000004a
structured8,forward,17,245,00000090
structured8,forward,17,246,000000d9
structured8,forward,17,247,00000069
structured8,forward,17,248,000000b0
structured8,forward,17,249,000000fa
structured8,forward,17,250,00000003
structured8,forward,17,251,0000004f
structured8,forward,17,252,00000096
structured8,forward,17,253,000000dc
structured8,forward,17,254,00000065
structured8,forward,17,255,000000bd
structured8,forward,17,256,000000f4
structured8,forward,17,257,0000000e
structured8,forward,17,258,00000047
structured8,forward,17,259,0000009b
structured8,forward,17,260,000000d2
structured8,forward,17,261,00000068
structured8,forward,17,262,000000a1
structured8,forward,17,263,000000f1
structured8,forward,17,264,00000008
structured8,forward,17,265,00000042
structured8,forward,17,266,0000009b
structured8,forward,17,267,000000d7
structured8,forward,17,268,0000006e
structured8,forward,17,269,000000a4
structured8,forward,17,270,000000fd
structured8,forward,17,271,00000015
structured8,forward,17,272,0000005c
structured8,forward,17,273,00000086
structured8,forward,17,274,000000cf
structured8,forward,17,275,00000073
structured8,forward,17,276,000000ba
structured8,forward,17,277,000000e0
structured8,forward,17,278,00000029
structured8,forward,17,279,00000059
structured8,forward,17,280,00000080
structured8,forward,17,281,000000ca
structured8,forward,17,282,00000073
structured8,forward,17,283,000000bf
structured8,forward,17,284,000000e6
structured8,forward,17,285,0000002c
structured8,forward,17,286,00000055
structured8,forward,17,287,0000008d
structured8,forward,17,288,000000c4
structured8,forward,17,289,0000007e
structured8,forward,17,290,000000b7
structured8,forward,17,291,000000eb
structured8,forward,17,292,00000022
structured8,forward,17,293,00000058
structured8,forward,17,294,00000091
structured8,forward,17,295,000000c1
structured8,forward,17,296,00000078
structured8,forward,17,297,000000b2
structured8,forward,17,298,000000eb
structured8,forward,17,299,00000027
structured8,forward,17,300,0000005e
structured8,forward,17,301,00000094
structured8,forward,17,302,000000cd
structured8,forward,17,303,00000045
structured8,forward,17,304,0000008c
structured8,forward,17,305,000000d6
structured8,forward,17,306,0000001f
structured8,forward,17,307,00000063
structured8,forward,17,308,000000aa
structured8,forward,17,309,000000f0
structured8,forward,17,310,00000039
structured8,forward,17,311,00000089
structured8,forward,17,312,000000d0
structured8,forward,17,313,0000001a
structured8,forward,17,314,00000063
structured8,forward,17,315,000000af
structured8,forward,17,316,000000f6
structured8,forward,17,317,0000003c
structured8,forward,17,318,00000085
structured8,forward,17,319,000000dd
structured8,forward,17,320,00000014
structured8,forward,17,321,0000006e
structured8,forward,17,322,000000a7
structured8,forward,17,323,000000fb
structured8,forward,17,324,00000032
structured8,forward,17,325,00000088
structured8,forward,17,326,000000c1
structured8,forward,17,327,00000011
structured8,forward,17,328,00000068
structured8,forward,17,329,000000a2
structured8,forward,17,330,000000fb
structured8,forward,17,331,00000037
structured8,forward,17,332,0000008e
structured8,forward,17,333,000000c4
structured8,forward,17,334,0000001d
structured8,forward,17,335,00000075
structured8,forward,17,336,000000bc
structured8,forward,17,337,000000e6
structured8,forward,17,338,0000002f
structured8,forward,17,339,00000093
structured8,forward,17,340,000000da
structured8,forward,17,341,00000000
structured8,forward,17,342,00000049
structured8,forward,17,343,000000b9
structured8,forward,17,344,000000e0
structured8,forward,17,345,0000002a
structured8,forward,17,346,00000093
structured8,forward,17,347,000000df
structured8,forward,17,348,00000006
structured8,forward,17,349,0000004c
structured8,forward,17,350,000000b5
structured8,forward,17,351,000000ed
structured8,forward,17,352,00000024
structured8,forward,17,353,0000009e
structured8,forward,17,354,000000d7
structured8,forward,17,355,0000000b
structured8,forward,17,356,00000042
structured8,forward,17,357,000000b8
structured8,forward,17,358,000000f1
structured8,forward,17,359,00000021
structured8,forward,17,360,00000098
structured8,forward,17,361,000000d2
structured8,forward,17,362,0000000b
structured8,forward,17,363,00000047
structured8,forward,17,364,000000be
structured8,forward,17,365,000000f4
structured8,forward,17,366,0000002d
structured8,forward,17,367,000000a5
structured8,forward,17,368,000000ec
structured8,forward,17,369,00000036
structured8,forward,17,370,0000007f
structured8,forward,17,371,00000083
structured8,forward,17,372,000000ca
structured8,forward,17,373,00000010
structured8,forward,17,374,00000059
structured8,forward,17,375,000000e9
structured8,forward,17,376,00000030
structured8,forward,17,377,0000007a
structured8,forward,17,378,00000083
structured8,forward,17,379,000000cf
structured8,forward,17,380,00000016
structured8,forward,17,381,0000005c
structured8,forward,17,382,000000e5
structured8,forward,17,383,0000003d
structured8,inverse,17,0,000000b5
structured8,inverse,17,1,000000ed
structured8,inverse,17,2,00000024
structured8,inverse,17,3,0000009e
structured8,inverse,17,4,000000d7
structured8,inverse,17,5,0000000b
structured8,inverse,17,6,00000042
structured8,inverse,17,7,000000b8
structured8,inverse,17,8,000000f1
structured8,inverse,17,9,00000021
structured8,inverse,17,10,00000098
structured8,inverse,17,11,000000d2
structured8,inverse,17,12,0000000b
structured8,inverse,17,13,00000047
structured8,inverse,17,14,000000be
structured8,inverse,17,15,000000f4
structured8,inverse,17,16,0000002d
structured8,inverse,17,17,000000a5
structured8,inverse,17,18,000000ec
structured8,inverse,17,19,00000036
structured8,inverse,17,20,0000007f
structured8,inverse,17,21,00000083
structured8,inverse,17,22,000000ca
structured8,inverse,17,23,00000010
structured8,inverse,17,24,00000059
structured8,inverse,17,25,000000e9
structured8,inverse,17,26,00000030
structured8,inverse,17,27,0000007a
structured8,inverse,17,28,00000083
structured8,inverse,17,29,000000cf
structured8,inverse,17,30,00000016
structured8,inverse,17,31,0000005c
structured8,inverse,17,32,000000e5
structured8,inverse,17,33,0000003d
structured8,inverse,17,34,00000074
structured8,inverse,17,35,0000008e
structured8,inverse,17,36,000000c7
structured8,inverse,17,37,0000001b
structured8,inverse,17,38,00000052
structured8,inverse,17,39,000000e8
structured8,inverse,17,40,00000021
structured8,inverse,17,41,00000071
structured8,inverse,17,42,00000088
structured8,inverse,17,43,000000c2
structured8,inverse,17,44,0000001b
structured8,inverse,17,45,00000057
structured8,inverse,17,46,000000ee
structured8,inverse,17,47,00000024
structured8,inverse,17,48,0000007d
structured8,inverse,17,49,00000095
structured8,inverse,17,50,000000dc
structured8,inverse,17,51,00000006
structured8,inverse,17,52,0000004f
structured8,inverse,17,53,000000f3
structured8,inverse,17,54,0000003a
structured8,inverse,17,55,00000060
structured8,inverse,17,56,000000a9
structured8,inverse,17,57,000000d9
structured8,inverse,17,58,00000000
structured8,inverse,17,59,0000004a
structured8,inverse,17,60,000000f3
structured8,inverse,17,61,0000003f
structured8,inverse,17,62,00000066
structured8,inverse,17,63,000000ac
structured8,inverse,17,64,000000d5
structured8,inverse,17,65,0000000d
structured8,inverse,17,66,00000044
structured8,inverse,17,67,000000fe
structured8,inverse,17,68,00000037
structured8,inverse,17,69,0000006b
structured8,inverse,17,70,000000a2
structured8,inverse,17,71,000000d8
structured8,inverse,17,72,00000011
structured8,inverse,17,73,00000041
structured8,inverse,17,74,000000f8
structured8,inverse,17,75,00000032
structured8,inverse,17,76,0000006b
structured8,inverse,17,77,000000a7
structured8,inverse,17,78,000000de
structured8,inverse,17,79,00000014
structured8,inverse,17,80,0000004d
structured8,inverse,17,81,000000c5
structured8,inverse,17,82,0000000c
structured8,inverse,17,83,00000056
structured8,inverse,17,84,0000009f
structured8,inverse,17,85,000000e3
structured8,inverse,17,86,0000002a
structured8,inverse,17,87,00000070
structured8,inverse,17,88,000000b9
structured8,inverse,17,89,00000009
structured8,inverse,17,90,00000050
structured8,inverse,17,91,0000009a
structured8,inverse,17,92,000000e3
structured8,inverse,17,93,0000002f
structured8,inverse,17,94,00000076
structured8,inverse,17,95,000000bc
structured8,inverse,17,96,00000005
structured8,inverse,17,97,0000005d
structured8,inverse,17,98,00000094
structured8,inverse,17,99,000000ee
structured8,inverse,17,100,00000027
structured8,inverse,17,101,0000007b
structured8,inverse,17,102,000000b2
structured8,inverse,17,103,00000008
structured8,inverse,17,104,00000041
structured8,inverse,17,105,00000091
structured8,inverse,17,106,000000e8
structured8,inverse,17,107,00000022
structured8,inverse,17,108,0000007b
structured8,inverse,17,109,000000b7
structured8,inverse,17,110,0000000e
structured8,inverse,17,111,00000044
structured8,inverse,17,112,0000009d
structured8,inverse,17,113,000000f5
structured8,inverse,17,114,0000003c
structured8,inverse,17,115,00000066
structured8,inverse,17,116,000000af
structured8,inverse,17,117,00000013
structured8,inverse,17,118,0000005a
structured8,inverse,17,119,00000080
structured8,inverse,17,120,000000c9
structured8,inverse,17,121,00000039
structured8,inverse,17,122,00000060
structured8,inverse,17,123,000000aa
structured8,inverse,17,124,00000013
structured8,inverse,17,125,0000005f
structured8,inverse,17,126,00000086
structured8,inverse,17,127,000000cc
structured8,inverse,17,128,00000035
structured8,inverse,17,129,0000006d
structured8,inverse,17,130,000000a4
structured8,inverse,17,131,0000001e
structured8,inverse,17,132,00000057
structured8,inverse,17,133,0000008b
structured8,inverse,17,134,000000c2
structured8,inverse,17,135,00000038
structured8,inverse,17,136,00000071
structured8,inverse,17,137,000000a1
structured8,inverse,17,138,00000018
structured8,inverse,17,139,00000052
structured8,inverse,17,140,0000008b
structured8,inverse,17,141,000000c7
structured8,inverse,17,142,0000003e
structured8,inverse,17,143,00000074
structured8,inverse,17,144,000000ad
structured8,inverse,17,145,00000065
structured8,inverse,17,146,0000002c
structured8,inverse,17,147,000000f6
structured8,inverse,17,148,000000bf
structured8,inverse,17,149,00000043
structured8,inverse,17,150,0000000a
structured8,inverse,17,151,000000d0
structured8,inverse,17,152,00000099
structured8,inverse,17,153,00000029
structured8,inverse,17,154,000000f0
structured8,inverse,17,155,000000ba
structured8,inverse,17,156,00000043
structured8,inverse,17,157,0000000f
structured8,inverse,17,158,000000d6
structured8,inverse,17,159,0000009c
structured8,inverse,17,160,00000025
structured8,inverse,17,161,000000fd
structured8,inverse,17,162,000000b4
structured8,inverse,17,163,0000004e
structured8,inverse,17,164,00000007
structured8,inverse,17,165,000000db
structured8,inverse,17,166,00000092
structured8,inverse,17,167,00000028
structured8,inverse,17,168,000000e1
structured8,inverse,17,169,000000b1
structured8,inverse,17,170,00000048
structured8,inverse,17,171,00000002
structured8,inverse,17,172,000000db
structured8,inverse,17,173,00000097
structured8,inverse,17,174,0000002e
structured8,inverse,17,175,000000e4
structured8,inverse,17,176,000000bd
structured8,inverse,17,177,00000055
structured8,inverse,17,178,0000001c
structured8,inverse,17,179,000000c6
structured8,inverse,17,180,0000008f
structured8,inverse,17,181,00000033
structured8,inverse,17,182,000000fa
structured8,inverse,17,183,000000a0
structured8,inverse,17,184,00000069
structured8,inverse,17,185,00000019
structured8,inverse,17,186,000000c0
structured8,inverse,17,187,0000008a
structured8,inverse,17,188,00000033
structured8,inverse,17,189,000000ff
structured8,inverse,17,190,000000a6
structured8,inverse,17,191,0000006c
structured8,inverse,17,192,00000015
structured8,inverse,17,193,000000cd
structured8,inverse,17,194,00000084
structured8,inverse,17,195,0000003e
structured8,inverse,17,196,000000f7
structured8,inverse,17,197,000000ab
structured8,inverse,17,198,00000062
structured8,inverse,17,199,00000018
structured8,inverse,17,200,000000d1
structured8,inverse,17,201,00000081
structured8,inverse,17,202,00000038
structured8,inverse,17,203,000000f2
structured8,inverse,17,204,000000ab
structured8,inverse,17,205,00000067
structured8,inverse,17,206,0000001e
structured8,inverse,17,207,000000d4
structured8,inverse,17,208,0000008d
structured8,inverse,17,209,00000005
structured8,inverse,17,210,000000cc
structured8,inverse,17,211,00000096
structured8,inverse,17,212,0000005f
structured8,inverse,17,213,00000023
structured8,inverse,17,214,000000ea
structured8,inverse,17,215,000000b0
structured8,inverse,17,216,00000079
structured8,inverse,17,217,000000c9
structured8,inverse,17,218,00000090
structured8,inverse,17,219,0000005a
structured8,inverse,17,220,00000023
structured8,inverse,17,221,000000ef
structured8,inverse,17,222,000000b6
structured8,inverse,17,223,0000007c
structured8,inverse,17,224,000000c5
structured8,inverse,17,225,0000009d
structured8,inverse,17,226,00000054
structured8,inverse,17,227,0000002e
structured8,inverse,17,228,000000e7
structured8,inverse,17,229,000000bb
structured8,inverse,17,230,00000072
structured8,inverse,17,231,000000c8
structured8,inverse,17,232,00000081
structured8,inverse,17,233,00000051
structured8,inverse,17,234,00000028
structured8,inverse,17,235,000000e2
structured8,inverse,17,236,000000bb
structured8,inverse,17,237,00000077
structured8,inverse,17,238,000000ce
structured8,inverse,17,239,00000084
structured8,inverse,17,240,0000005d
structured8,inverse,17,241,00000035
structured8,inverse,17,242,000000fc
structured8,inverse,17,243,000000a6
structured8,inverse,17,244,0000006f
structured8,inverse,17,245,000000d3
structured8,inverse,17,246,0000009a
structured8,inverse,17,247,00000040
structured8,inverse,17,248,00000009
structured8,inverse,17,249,000000f9
structured8,inverse,17,250,000000a0
structured8,inverse,17,251,0000006a
structured8,inverse,17,252,000000d3
structured8,inverse,17,253,0000009f
structured8,inverse,17,254,00000046
structured8,inverse,17,255,0000000c
structured8,inverse,17,256,000000f5
structured8,inverse,17,257,000000ad
structured8,inverse,17,258,00000064
structured8,inverse,17,259,000000de
structured8,inverse,17,260,00000097
structured8,inverse,17,261,0000004b
structured8,inverse,17,262,00000002
structured8,inverse,17,263,000000f8
structured8,inverse,17,264,000000b1
structured8,inverse,17,265,00000061
structured8,inverse,17,266,000000d8
structured8,inverse,17,267,00000092
structured8,inverse,17,268,0000004b
structured8,inverse,17,269,00000007
structured8,inverse,17,270,000000fe
structured8,inverse,17,271,000000b4
structured8,inverse,17,272,0000006d
structured8,inverse,17,273,00000025
structured8,inverse,17,274,0000006c
structured8,inverse,17,275,000000b6
structured8,inverse,17,276,000000ff
structured8,inverse,17,277,00000003
structured8,inverse,17,278,0000004a
structured8,inverse,17,279,00000090
structured8,inverse,17,280,000000d9
structured8,inverse,17,281,00000069
structured8,inverse,17,282,000000b0
structured8,inverse,17,283,000000fa
structured8,inverse,17,284,00000003
structured8,inverse,17,285,0000004f
structured8,inverse,17,286,00000096
structured8,inverse,17,287,000000dc
structured8,inverse,17,288,00000065
structured8,inverse,17,289,000000bd
structured8,inverse,17,290,000000f4
structured8,inverse,17,291,0000000e
structured8,inverse,17,292,00000047
structured8,inverse,17,293,0000009b
structured8,inverse,17,294,000000d2
structured8,inverse,17,295,00000068
structured8,inverse,17,296,000000a1
structured8,inverse,17,297,000000f1
structured8,inverse,17,298,00000008
structured8,inverse,17,299,00000042
structured8,inverse,17,300,0000009b
structured8,inverse,17,301,000000d7
structured8,inverse,17,302,0000006e
structured8,inverse,17,303,000000a4
structured8,inverse,17,304,000000fd
structured8,inverse,17,305,00000015
structured8,inverse,17,306,0000005c
structured8,inverse,17,307,00000086
structured8,inverse,17,308,000000cf
structured8,inverse,17,309,00000073
structured8,inverse,17,310,000000ba
structured8,inverse,17,311,000000e0
structured8,inverse,17,312,00000029
structured8,inverse,17,313,00000059
structured8,inverse,17,314,00000080
structured8,inverse,17,315,000000ca
structured8,inverse,17,316,00000073
structured8,inverse,17,317,000000bf
structured8,inverse,17,318,000000e6
structured8,inverse,17,319,0000002c
structured8,inverse,17,320,00000055
structured8,inverse,17,321,0000008d
structured8,inverse,17,322,000000c4
structured8,inverse,17,323,0000007e
structured8,inverse,17,324,000000b7
structured8,inverse,17,325,000000eb
structured8,inverse,17,326,00000022
structured8,inverse,17,327,00000058
structured8,inverse,17,328,00000091
structured8,inverse,17,329,000000c1
structured8,inverse,17,330,00000078
structured8,inverse,17,331,000000b2
structured8,inverse,17,332,000000eb
structured8,inverse,17,333,00000027
structured8,inverse,17,334,0000005e
structured8,inverse,17,335,00000094
structured8,inverse,17,336,000000cd
structured8,inverse,17,337,00000045
structured8,inverse,17,338,0000008c
structured8,inverse,17,339,000000d6
structured8,inverse,17,340,0000001f
structured8,inverse,17,341,00000063
structured8,inverse,17,342,000000aa
structured8,inverse,17,343,000000f0
structured8,inverse,17,344,00000039
structured8,inverse,17,345,00000089
structured8,inverse,17,346,000000d0
structured8,inverse,17,347,0000001a
structured8,inverse,17,348,00000063
structured8,inverse,17,349,000000af
structured8,inverse,17,350,000000f6
structured8,inverse,17,351,0000003c
structured8,inverse,17,352,00000085
structured8,inverse,17,353,000000dd
structured8,inverse,17,354,00000014
structured8,inverse,17,355,0000006e
structured8,inverse,17,356,000000a7
structured8,inverse,17,357,000000fb
structured8,inverse,17,358,00000032
structured8,inverse,17,359,00000088
structured8,inverse,17,360,000000c1
structured8,inverse,17,361,00000011
structured8,inverse,17,362,00000068
structured8,inverse,17,363,000000a2
structured8,inverse,17,364,000000fb
structured8,inverse,17,365,00000037
structured8,inverse,17,366,0000008e
structured8,inverse,17,367,000000c4
structured8,inverse,17,368,0000001d
structured8,inverse,17,369,00000075
structured8,inverse,17,370,000000bc
structured8,inverse,17,371,000000e6
structured8,inverse,17,372,0000002f
structured8,inverse,17,373,00000093
structured8,inverse,17,374,000000da
structured8,inverse,17,375,00000000
structured8,inverse,17,376,00000049
structured8,inverse,17,377,000000b9
structured8,inverse,17,378,000000e0
structured8,inverse,17,379,0000002a
structured8,inverse,17,380,00000093
structured8,inverse,17,381,000000df
structured8,inverse,17,382,00000006
structured8,inverse,17,383,0000004c
random8,forward,17,0,00000029
random8,forward,17,1,000000cf
random8,forward,17,2,0000003c
random8,forward,17,3,0000008b
random8,forward,17,4,000000f3
random8,forward,17,5,000000fc
random8,forward,17,6,00000012
random8,forward,17,7,0000003d
random8,forward,17,8,0000009c
random8,forward,17,9,000000ee
random8,forward,17,10,0000002e
random8,forward,17,11,00000021
random8,forward,17,12,00000061
random8,forward,17,13,00000031
random8,forward,17,14,0000002c
random8,forward,17,15,000000a5
random8,forward,17,16,0000003e
random8,forward,17,17,00000010
random8,forward,17,18,00000067
random8,forward,17,19,000000f3
random8,forward,17,20,000000ef
random8,forward,17,21,00000098
random8,forward,17,22,000000fc
random8,forward,17,23,000000f8
random8,forward,17,24,000000f0
random8,forward,17,25,00000095
random8,forward,17,26,000000c7
random8,forward,17,27,0000005f
random8,forward,17,28,0000007c
random8,forward,17,29,00000093
random8,forward,17,30,00000064
random8,forward,17,31,00000096
random8,forward,17,32,00000090
random8,forward,17,33,000000dd
random8,forward,17,34,0000002e
random8,forward,17,35,000000c7
random8,forward,17,36,000000e8
random8,forward,17,37,00000080
random8,forward,17,38,00000042
random8,forward,17,39,000000df
random8,forward,17,40,000000ff
random8,forward,17,41,00000048
random8,forward,17,42,0000007c
random8,forward,17,43,0000008a
random8,forward,17,44,00000012
random8,forward,17,45,000000c0
random8,forward,17,46,00000078
random8,forward,17,47,00000033
random8,forward,17,48,0000001d
random8,forward,17,49,00000035
random8,forward,17,50,00000091
random8,forward,17,51,00000007
random8,forward,17,52,000000dc
random8,forward,17,53,000000b4
random8,forward,17,54,000000e4
random8,forward,17,55,000000f2
random8,forward,17,56,000000ca
random8,forward,17,57,00000006
random8,forward,17,58,0000004d
random8,forward,17,59,000000a0
random8,forward,17,60,00000025
random8,forward,17,61,000000ba
random8,forward,17,62,00000067
random8,forward,17,63,0000007c
random8,forward,17,64,000000e7
random8,forward,17,65,0000001a
random8,forward,17,66,00000090
random8,forward,17,67,000000b3
random8,forward,17,68,000000cc
random8,forward,17,69,00000033
random8,forward,17,70,000000e2
random8,forward,17,71,00000031
random8,forward,17,72,00000052
random8,forward,17,73,000000d1
random8,forward,17,74,0000003a
random8,forward,17,75,000000a2
random8,forward,17,76,000000b3
random8,forward,17,77,00000080
random8,forward,17,78,00000033
random8,forward,17,79,00000071
random8,forward,17,80,000000ec
random8,forward,17,81,0000008b
random8,forward,17,82,0000002b
random8,forward,17,83,000000cc
random8,forward,17,84,000000b9
random8,forward,17,85,000000ff
random8,forward,17,86,0000003c
random8,forward,17,87,0000009c
random8,forward,17,88,00000095
random8,forward,17,89,000000a8
random8,forward,17,90,00000043
random8,forward,17,91,00000090
random8,forward,17,92,000000be
random8,forward,17,93,00000011
random8,forward,17,94,000000db
random8,forward,17,95,00000013
random8,forward,17,96,0000002e
random8,forward,17,97,00000088
random8,forward,17,98,00000062
random8,forward,17,99,00000050
random8,forward,17,100,000000a1
random8,forward,17,101,00000017
random8,forward,17,102,000000f2
random8,forward,17,103,00000034
random8,forward,17,104,00000095
random8,forward,17,105,0000008a
random8,forward,17,106,00000068
random8,forward,17,107,0000006a
random8,forward,17,108,00000044
random8,forward,17,109,0000006f
random8,forward,17,110,0000005f
random8,forward,17,111,00000060
random8,forward,17,112,000000ab
random8,forward,17,113,00000010
random8,forward,17,114,00000035
random8,forward,17,115,00000040
random8,forward,17,116,00000086
random8,forward,17,117,0000007a
random8,forward,17,118,00000004
random8,forward,17,119,000000f7
random8,forward,17,120,00000050
random8,forward,17,121,00000079
random8,forward,17,122,000000a9
random8,forward,17,123,00000031
random8,forward,17,124,00000046
random8,forward,17,125,00000099
random8,forward,17,126,000000bf
random8,forward,17,127,00000059
random8,forward,17,128,00000064
random8,forward,17,129,00000025
random8,forward,17,130,000000a4
random8,forward,17,131,0000009c
random8,forward,17,132,00000066
random8,forward,17,133,0000002a
random8,forward,17,134,00000072
random8,forward,17,135,000000e6
random8,forward,17,136,000000c8
random8,forward,17,137,00000074
random8,forward,17,138,00000006
random8,forward,17,139,000000e3
random8,forward,17,140,000000c5
random8,forward,17,141,0000008e
random8,forward,17,142,000000fb
random8,forward,17,143,000000fe
random8,forward,17,144,0000005a
random8,forward,17,145,000000c6
random8,forward,17,146,000000ae
random8,forward,17,147,00000064
random8,forward,17,148,00000043
random8,forward,17,149,00000026
random8,forward,17,150,0000003c
random8,forward,17,151,00000001
random8,forward,17,152,000000fb
random8,forward,17,153,0000007a
random8,forward,17,154,0000007e
random8,forward,17,155,00000081
random8,forward,17,156,000000bf
random8,forward,17,157,00000050
random8,forward,17,158,00000013
random8,forward,17,159,0000004f
random8,forward,17,160,0000008b
random8,forward,17,161,000000f2
random8,forward,17,162,00000055
random8,forward,17,163,00000098
random8,forward,17,164,0000001b
random8,forward,17,165,0000006d
random8,forward,17,166,00000062
random8,forward,17,167,00000048
random8,forward,17,168,000000eb
random8,forward,17,169,0000008d
random8,forward,17,170,00000013
random8,forward,17,171,0000000b
random8,forward,17,172,00000036
random8,forward,17,173,000000de
random8,forward,17,174,00000007
random8,forward,17,175,0000004d
random8,forward,17,176,000000f9
random8,forward,17,177,000000ab
random8,forward,17,178,00000098
random8,forward,17,179,00000039
random8,forward,17,180,000000ef
random8,forward,17,181,00000001
random8,forward,17,182,000000e3
random8,forward,17,183,000000bc
random8,forward,17,184,00000096
random8,forward,17,185,000000ac
random8,forward,17,186,000000c4
random8,forward,17,187,00000081
random8,forward,17,188,00000028
random8,forward,17,189,00000037
random8,forward,17,190,000000d7
random8,forward,17,191,000000f6
random8,forward,17,192,000000a2
random8,forward,17,193,000000f0
random8,forward,17,194,00000077
random8,forward,17,195,00000045
random8,forward,17,196,000000c0
random8,forward,17,197,000000e1
random8,forward,17,198,000000c1
random8,forward,17,199,0000005b
random8,forward,17,200,000000fd
random8,forward,17,201,000000d7
random8,forward,17,202,00000091
random8,forward,17,203,000000e3
random8,forward,17,204,00000097
random8,forward,17,205,0000005d
random8,forward,17,206,00000083
random8,forward,17,207,0000004b
random8,forward,17,208,00000088
random8,forward,17,209,000000c0
random8,forward,17,210,000000f2
random8,forward,17,211,000000bd
random8,forward,17,212,0000008c
random8,forward,17,213,0000000c
random8,forward,17,214,000000fb
random8,forward,17,215,00000026
random8,forward,17,216,00000021
random8,forward,17,217,0000000d
random8,forward,17,218,0000007a
random8,forward,17,219,00000032
random8,forward,17,220,00000081
random8,forward,17,221,0000004f
random8,forward,17,222,0000000b
random8,forward,17,223,0000004c
random8,forward,17,224,000000a9
random8,forward,17,225,0000001d
random8,forward,17,226,00000009
random8,forward,17,227,000000a1
random8,forward,17,228,00000055
random8,forward,17,229,00000084
random8,forward,17,230,00000091
random8,forward,17,231,0000001d
random8,forward,17,232,00000000
random8,forward,17,233,00000050
random8,forward,17,234,0000007f
random8,forward,17,235,0000006c
random8,forward,17,236,000000e7
random8,forward,17,237,0000000c
random8,forward,17,238,0000006f
random8,forward,17,239,000000f9
random8,forward,17,240,00000006
random8,forward,17,241,00000006
random8,forward,17,242,000000bc
random8,forward,17,243,000000f1
random8,forward,17,244,00000019
random8,forward,17,245,00000048
random8,forward,17,246,00000083
random8,forward,17,247,00000040
random8,forward,17,248,0000009c
random8,forward,17,249,0000009f
random8,forward,17,250,000000a0
random8,forward,17,251,00000092
random8,forward,17,252,000000ca
random8,forward,17,253,00000096
random8,forward,17,254,000000af
random8,forward,17,255,00000052
random8,forward,17,256,000000a0
random8,forward,17,257,0000007a
random8,forward,17,258,0000000b
random8,forward,17,259,000000ae
random8,forward,17,260,000000da
random8,forward,17,261,00000057
random8,forward,17,262,000000d1
random8,forward,17,263,00000090
random8,forward,17,264,000000f3
random8,forward,17,265,000000f9
random8,forward,17,266,000000dd
random8,forward,17,267,000000a4
random8,forward,17,268,00000028
random8,forward,17,269,000000ec
random8,forward,17,270,000000cb
random8,forward,17,271,00000058
random8,forward,17,272,00000075
random8,forward,17,273,0000007b
random8,forward,17,274,000000f6
random8,forward,17,275,000000d6
random8,forward,17,276,00000096
random8,forward,17,277,000000b3
random8,forward,17,278,0000007b
random8,forward,17,279,0000000b
random8,forward,17,280,00000007
random8,forward,17,281,00000060
random8,forward,17,282,00000036
random8,forward,17,283,000000a2
random8,forward,17,284,00000003
random8,forward,17,285,0000000e
random8,forward,17,286,000000c3
random8,forward,17,287,00000009
random8,forward,17,288,00000087
random8,forward,17,289,00000008
random8,forward,17,290,0000007d
random8,forward,17,291,0000006a
random8,forward,17,292,0000004f
random8,forward,17,293,0000005b
random8,forward,17,294,00000081
random8,forward,17,295,000000b2
random8,forward,17,296,000000d6
random8,forward,17,297,000000d3
random8,forward,17,298,000000ab
random8,forward,17,299,0000008d
random8,forward,17,300,00000059
random8,forward,17,301,000000fb
random8,forward,17,302,00000097
random8,forward,17,303,00000066
random8,forward,17,304,000000d4
random8,forward,17,305,00000020
random8,forward,17,306,000000a0
random8,forward,17,307,0000006a
random8,forward,17,308,00000003
random8,forward,17,309,0000004f
random8,forward,17,310,000000e3
random8,forward,17,311,00000085
random8,forward,17,312,00000061
random8,forward,17,313,00000051
random8,forward,17,314,0000003c
random8,forward,17,315,00000063
random8,forward,17,316,0000002c
random8,forward,17,317,000000b5
random8,forward,17,318,00000046
random8,forward,17,319,0000006f
random8,forward,17,320,0000005e
random8,forward,17,321,000000c5
random8,forward,17,322,0000005f
random8,forward,17,323,000000d6
random8,forward,17,324,000000b3
random8,forward,17,325,0000008e
random8,forward,17,326,000000a1
random8,forward,17,327,00000084
random8,forward,17,328,000000a9
random8,forward,17,329,000000dc
random8,forward,17,330,000000e9
random8,forward,17,331,00000025
random8,forward,17,332,0000007a
random8,forward,17,333,0000003b
random8,forward,17,334,000000d2
random8,forward,17,335,00000024
random8,forward,17,336,00000023
random8,forward,17,337,000000f6
random8,forward,17,338,000000ba
random8,forward,17,339,000000af
random8,forward,17,340,00000060
random8,forward,17,341,0000001a
random8,forward,17,342,000000bb
random8,forward,17,343,000000af
random8,forward,17,344,000000ac
random8,forward,17,345,00000073
random8,forward,17,346,000000b2
random8,forward,17,347,000000d3
random8,forward,17,348,00000045
random8,forward,17,349,0000008c
random8,forward,17,350,0000003a
random8,forward,17,351,00000086
random8,forward,17,352,00000025
random8,forward,17,353,000000b3
random8,forward,17,354,000000b1
random8,forward,17,355,000000f3
random8,forward,17,356,00000008
random8,forward,17,357,000000f2
random8,forward,17,358,00000031
random8,forward,17,359,00000007
random8,forward,17,360,0000006c
random8,forward,17,361,00000015
random8,forward,17,362,00000097
random8,forward,17,363,0000006d
random8,forward,17,364,0000008b
random8,forward,17,365,000000aa
random8,forward,17,366,0000007e
random8,forward,17,367,000000c6
random8,forward,17,368,0000004f
random8,forward,17,369,0000001b
random8,forward,17,370,000000ad
random8,forward,17,371,0000008e
random8,forward,17,372,000000f2
random8,forward,17,373,000000ad
random8,forward,17,374,00000084
random8,forward,17,375,000000ad
random8,forward,17,376,00000005
random8,forward,17,377,00000054
random8,forward,17,378,000000b1
random8,forward,17,379,000000cf
random8,forward,17,380,000000c3
random8,forward,17,381,0000009b
random8,forward,17,382,000000d0
random8,forward,17,383,0000005f
random8,inverse,17,0,0000003a
random8,inverse,17,1,00000086
random8,inverse,17,2,00000025
random8,inverse,17,3,000000b3
random8,inverse,17,4,000000b1
random8,inverse,17,5,000000f3
random8,inverse,17,6,00000008
random8,inverse,17,7,000000f2
random8,inverse,17,8,00000031
random8,inverse,17,9,00000007
random8,inverse,17,10,0000006c
random8,inverse,17,11,00000015
random8,inverse,17,12,00000097
random8,inverse,17,13,0000006d
random8,inverse,17,14,0000008b
random8,inverse,17,15,000000aa
random8,inverse,17,16,0000007e
random8,inverse,17,17,000000c6
random8,inverse,17,18,0000004f
random8,inverse,17,19,0000001b
random8,inverse,17,20,000000ad
random8,inverse,17,21,0000008e
random8,inverse,17,22,000000f2
random8,inverse,17,23,000000ad
random8,inverse,17,24,00000084
random8,inverse,17,25,000000ad
random8,inverse,17,26,00000005
random8,inverse,17,27,00000054
random8,inverse,17,28,000000b1
random8,inverse,17,29,000000cf
random8,inverse,17,30,000000c3
random8,inverse,17,31,0000009b
random8,inverse,17,32,000000d0
random8,inverse,17,33,0000005f
random8,inverse,17,34,00000029
random8,inverse,17,35,000000cf
random8,inverse,17,36,0000003c
random8,inverse,17,37,0000008b
random8,inverse,17,38,000000f3
random8,inverse,17,39,000000fc
random8,inverse,17,40,00000012
random8,inverse,17,41,0000003d
random8,inverse,17,42,0000009c
random8,inverse,17,43,000000ee
random8,inverse,17,44,0000002e
random8,inverse,17,45,00000021
random8,inverse,17,46,00000061
random8,inverse,17,47,00000031
random8,inverse,17,48,0000002c
random8,inverse,17,49,000000a5
random8,inverse,17,50,0000003e
random8,inverse,17,51,00000010
random8,inverse,17,52,00000067
random8,inverse,17,53,000000f3
random8,inverse,17,54,000000ef
random8,inverse,17,55,00000098
random8,inverse,17,56,000000fc
random8,inverse,17,57,000000f8
random8,inverse,17,58,000000f0
random8,inverse,17,59,00000095
random8,inverse,17,60,000000c7
random8,inverse,17,61,0000005f
random8,inverse,17,62,0000007c
random8,inverse,17,63,00000093
random8,inverse,17,64,00000064
random8,inverse,17,65,00000096
random8,inverse,17,66,00000090
random8,inverse,17,67,000000dd
random8,inverse,17,68,0000002e
random8,inverse,17,69,000000c7
random8,inverse,17,70,000000e8
random8,inverse,17,71,00000080
random8,inverse,17,72,00000042
random8,inverse,17,73,000000df
random8,inverse,17,74,000000ff
random8,inverse,17,75,00000048
random8,inverse,17,76,0000007c
random8,inverse,17,77,0000008a
random8,inverse,17,78,00000012
random8,inverse,17,79,000000c0
random8,inverse,17,80,00000078
random8,inverse,17,81,00000033
random8,inverse,17,82,0000001d
random8,inverse,17,83,00000035
random8,inverse,17,84,00000091
random8,inverse,17,85,00000007
random8,inverse,17,86,000000dc
random8,inverse,17,87,000000b4
random8,inverse,17,88,000000e4
random8,inverse,17,89,000000f2
random8,inverse,17,90,000000ca
random8,inverse,17,91,00000006
random8,inverse,17,92,0000004d
random8,inverse,17,93,000000a0
random8,inverse,17,94,00000025
random8,inverse,17,95,000000ba
random8,inverse,17,96,00000067
random8,inverse,17,97,0000007c
random8,inverse,17,98,000000e7
random8,inverse,17,99,0000001a
random8,inverse,17,100,00000090
random8,inverse,17,101,000000b3
random8,inverse,17,102,000000cc
random8,inverse,17,103,00000033
random8,inverse,17,104,000000e2
random8,inverse,17,105,00000031
random8,inverse,17,106,00000052
random8,inverse,17,107,000000d1
random8,inverse,17,108,0000003a
random8,inverse,17,109,000000a2
random8,inverse,17,110,000000b3
random8,inverse,17,111,00000080
random8,inverse,17,112,00000033
random8,inverse,17,113,00000071
random8,inverse,17,114,000000ec
random8,inverse,17,115,0000008b
random8,inverse,17,116,0000002b
random8,inverse,17,117,000000cc
random8,inverse,17,118,000000b9
random8,inverse,17,119,000000ff
random8,inverse,17,120,0000003c
random8,inverse,17,121,0000009c
random8,inverse,17,122,00000095
random8,inverse,17,123,000000a8
random8,inverse,17,124,00000043
random8,inverse,17,125,00000090
random8,inverse,17,126,000000be
random8,inverse,17,127,00000011
random8,inverse,17,128,000000db
random8,inverse,17,129,00000013
random8,inverse,17,130,0000002e
random8,inverse,17,131,00000088
random8,inverse,17,132,00000062
random8,inverse,17,133,00000050
random8,inverse,17,134,000000a1
random8,inverse,17,135,00000017
random8,inverse,17,136,000000f2
random8,inverse,17,137,00000034
random8,inverse,17,138,00000095
random8,inverse,17,139,0000008a
random8,inverse,17,140,00000068
random8,inverse,17,141,0000006a
random8,inverse,17,142,00000044
random8,inverse,17,143,0000006f
random8,inverse,17,144,0000005f
random8,inverse,17,145,00000060
random8,inverse,17,146,000000ab
random8,inverse,17,147,00000010
random8,inverse,17,148,00000035
random8,inverse,17,149,00000040
random8,inverse,17,150,00000086
random8,inverse,17,151,0000007a
random8,inverse,17,152,00000004
random8,inverse,17,153,000000f7
random8,inverse,17,154,00000050
random8,inverse,17,155,00000079
random8,inverse,17,156,000000a9
random8,inverse,17,157,00000031
random8,inverse,17,158,00000046
random8,inverse,17,159,00000099
random8,inverse,17,160,000000bf
random8,inverse,17,161,00000059
random8,inverse,17,162,00000064
random8,inverse,17,163,00000025
random8,inverse,17,164,000000a4
random8,inverse,17,165,0000009c
random8,inverse,17,166,00000066
random8,inverse,17,167,0000002a
random8,inverse,17,168,00000072
random8,inverse,17,169,000000e6
random8,inverse,17,170,000000c8
random8,inverse,17,171,00000074
random8,inverse,17,172,00000006
random8,inverse,17,173,000000e3
random8,inverse,17,174,000000c5
random8,inverse,17,175,0000008e
random8,inverse,17,176,000000fb
random8,inverse,17,177,000000fe
random8,inverse,17,178,0000005a
random8,inverse,17,179,000000c6
random8,inverse,17,180,000000ae
random8,inverse,17,181,00000064
random8,inverse,17,182,00000043
random8,inverse,17,183,00000026
random8,inverse,17,184,0000003c
random8,inverse,17,185,00000001
random8,inverse,17,186,000000fb
random8,inverse,17,187,0000007a
random8,inverse,17,188,0000007e
random8,inverse,17,189,00000081
random8,inverse,17,190,000000bf
random8,inverse,17,191,00000050
random8,inverse,17,192,00000013
random8,inverse,17,193,0000004f
random8,inverse,17,194,0000008b
random8,inverse,17,195,000000f2
random8,inverse,17,196,00000055
random8,inverse,17,197,00000098
random8,inverse,17,198,0000001b
random8,inverse,17,199,0000006d
random8,inverse,17,200,00000062
random8,inverse,17,201,00000048
random8,inverse,17,202,000000eb
random8,inverse,17,203,0000008d
random8,inverse,17,204,00000013
random8,inverse,17,205,0000000b
random8,inverse,17,206,00000036
random8,inverse,17,207,000000de
random8,inverse,17,208,00000007
random8,inverse,17,209,0000004d
random8,inverse,17,210,000000f9
random8,inverse,17,211,000000ab
random8,inverse,17,212,00000098
random8,inverse,17,213,00000039
random8,inverse,17,214,000000ef
random8,inverse,17,215,00000001
random8,inverse,17,216,000000e3
random8,inverse,17,217,000000bc
random8,inverse,17,218,00000096
random8,inverse,17,219,000000ac
random8,inverse,17,220,000000c4
random8,inverse,17,221,00000081
random8,inverse,17,222,00000028
random8,inverse,17,223,00000037
random8,inverse,17,224,000000d7
random8,inverse,17,225,000000f6
random8,inverse,17,226,000000a2
random8,inverse,17,227,000000f0
random8,inverse,17,228,00000077
random8,inverse,17,229,00000045
random8,inverse,17,230,000000c0
random8,inverse,17,231,000000e1
random8,inverse,17,232,000000c1
random8,inverse,17,233,0000005b
random8,inverse,17,234,000000fd
random8,inverse,17,235,000000d7
random8,inverse,17,236,00000091
random8,inverse,17,237,000000e3
random8,inverse,17,238,00000097
random8,inverse,17,239,0000005d
random8,inverse,17,240,00000083
random8,inverse,17,241,0000004b
random8,inverse,17,242,00000088
random8,inverse,17,243,000000c0
random8,inverse,17,244,000000f2
random8,inverse,17,245,000000bd
random8,inverse,17,246,0000008c
random8,inverse,17,247,0000000c
random8,inverse,17,248,000000fb
random8,inverse,17,249,00000026
random8,inverse,17,250,00000021
random8,inverse,17,251,0000000d
random8,inverse,17,252,0000007a
random8,inverse,17,253,00000032
random8,inverse,17,254,00000081
random8,inverse,17,255,0000004f
random8,inverse,17,256,0000000b
random8,inverse,17,257,0000004c
random8,inverse,17,258,000000a9
random8,inverse,17,259,0000001d
random8,inverse,17,260,00000009
random8,inverse,17,261,000000a1
random8,inverse,17,262,00000055
random8,inverse,17,263,00000084
random8,inverse,17,264,00000091
random8,inverse,17,265,0000001d
random8,inverse,17,266,00000000
random8,inverse,17,267,00000050
random8,inverse,17,268,0000007f
random8,inverse,17,269,0000006c
random8,inverse,17,270,000000e7
random8,inverse,17,271,0000000c
random8,inverse,17,272,0000006f
random8,inverse,17,273,000000f9
random8,inverse,17,274,00000006
random8,inverse,17,275,00000006
random8,inverse,17,276,000000bc
random8,inverse,17,277,000000f1
random8,inverse,17,278,00000019
random8,inverse,17,279,00000048
random8,inverse,17,280,00000083
random8,inverse,17,281,00000040
random8,inverse,17,282,0000009c
random8,inverse,17,283,0000009f
random8,inverse,17,284,000000a0
random8,inverse,17,285,00000092
random8,inverse,17,286,000000ca
random8,inverse,17,287,00000096
random8,inverse,17,288,000000af
random8,inverse,17,289,00000052
random8,inverse,17,290,000000a0
random8,inverse,17,291,0000007a
random8,inverse,17,292,0000000b
random8,inverse,17,293,000000ae
random8,inverse,17,294,000000da
random8,inverse,17,295,00000057
random8,inverse,17,296,000000d1
random8,inverse,17,297,00000090
random8,inverse,17,298,000000f3
random8,inverse,17,299,000000f9
random8,inverse,17,300,000000dd
random8,inverse,17,301,000000a4
random8,inverse,17,302,00000028
random8,inverse,17,303,000000ec
random8,inverse,17,304,000000cb
random8,inverse,17,305,00000058
random8,inverse,17,306,00000075
random8,inverse,17,307,0000007b
random8,inverse,17,308,000000f6
random8,inverse,17,309,000000d6
random8,inverse,17,310,00000096
random8,inverse,17,311,000000b3
random8,inverse,17,312,0000007b
random8,inverse,17,313,0000000b
random8,inverse,17,314,00000007
random8,inverse,17,315,00000060
random8,inverse,17,316,00000036
random8,inverse,17,317,000000a2
random8,inverse,17,318,00000003
random8,inverse,17,319,0000000e
random8,inverse,17,320,000000c3
random8,inverse,17,321,00000009
random8,inverse,17,322,00000087
random8,inverse,17,323,00000008
random8,inverse,17,324,0000007d
random8,inverse,17,325,0000006a
random8,inverse,17,326,0000004f
random8,inverse,17,327,0000005b
random8,inverse,17,328,00000081
random8,inverse,17,329,000000b2
random8,inverse,17,330,000000d6
random8,inverse,17,331,000000d3
random8,inverse,17,332,000000ab
random8,inverse,17,333,0000008d
random8,inverse,17,334,00000059
random8,inverse,17,335,000000fb
random8,inverse,17,336,00000097
random8,inverse,17,337,00000066
random8,inverse,17,338,000000d4
random8,inverse,17,339,00000020
random8,inverse,17,340,000000a0
random8,inverse,17,341,0000006a
random8,inverse,17,342,00000003
random8,inverse,17,343,0000004f
random8,inverse,17,344,000000e3
random8,inverse,17,345,00000085
random8,inverse,17,346,00000061
random8,inverse,17,347,00000051
random8,inverse,17,348,0000003c
random8,inverse,17,349,00000063
random8,inverse,17,350,0000002c
random8,inverse,17,351,000000b5
random8,inverse,17,352,00000046
random8,inverse,17,353,0000006f
random8,inverse,17,354,0000005e
random8,inverse,17,355,000000c5
random8,inverse,17,356,0000005f
random8,inverse,17,357,000000d6
random8,inverse,17,358,000000b3
random8,inverse,17,359,0000008e
random8,inverse,17,360,000000a1
random8,inverse,17,361,00000084
random8,inverse,17,362,000000a9
random8,inverse,17,363,000000dc
random8,inverse,17,364,000000e9
random8,inverse,17,365,00000025
random8,inverse,17,366,0000007a
random8,inverse,17,367,0000003b
random8,inverse,17,368,000000d2
random8,inverse,17,369,00000024
random8,inverse,17,370,00000023
random8,inverse,17,371,000000f6
random8,inverse,17,372,000000ba
random8,inverse,17,373,000000af
random8,inverse,17,374,00000060
random8,inverse,17,375,0000001a
random8,inverse,17,376,000000bb
random8,inverse,17,377,000000af
random8,inverse,17,378,000000ac
random8,inverse,17,379,00000073
random8,inverse,17,380,000000b2
random8,inverse,17,381,000000d3
random8,inverse,17,382,00000045
random8,inverse,17,383,0000008c
structured8,forward,127,0,000000ad
structured8,forward,127,1,00000065
structured8,forward,127,2,0000002c
structured8,forward,127,3,000000f6
structured8,forward,127,4,000000bf
structured8,forward,127,5,00000043
structured8,forward,127,6,0000000a
structured8,forward,127,7,000000d0
structured8,forward,127,8,00000099
structured8,forward,127,9,00000029
structured8,forward,127,10,000000f0
structured8,forward,127,11,000000ba
structured8,forward,127,12,00000043
structured8,forward,127,13,0000000f
structured8,forward,127,14,000000d6
structured8,forward,127,15,0000009c
structured8,forward,127,16,00000025
structured8,forward,127,17,000000fd
structured8,forward,127,18,000000b4
structured8,forward,127,19,0000004e
structured8,forward,127,20,00000007
structured8,forward,127,21,000000db
structured8,forward,127,22,00000092
structured8,forward,127,23,00000028
structured8,forward,127,24,000000e1
structured8,forward,127,25,000000b1
structured8,forward,127,26,00000048
structured8,forward,127,27,00000002
structured8,forward,127,28,000000db
structured8,forward,127,29,00000097
structured8,forward,127,30,0000002e
structured8,forward,127,31,000000e4
structured8,forward,127,32,000000bd
structured8,forward,127,33,00000055
structured8,forward,127,34,0000001c
structured8,forward,127,35,000000c6
structured8,forward,127,36,0000008f
structured8,forward,127,37,00000033
structured8,forward,127,38,000000fa
structured8,forward,127,39,000000a0
structured8,forward,127,40,00000069
structured8,forward,127,41,00000019
structured8,forward,127,42,000000c0
structured8,forward,127,43,0000008a
structured8,forward,127,44,00000033
structured8,forward,127,45,000000ff
structured8,forward,127,46,000000a6
structured8,forward,127,47,0000006c
structured8,forward,127,48,00000015
structured8,forward,127,49,000000cd
structured8,forward,127,50,00000084
structured8,forward,127,51,0000003e
structured8,forward,127,52,000000f7
structured8,forward,127,53,000000ab
structured8,forward,127,54,00000062
structured8,forward,127,55,00000018
structured8,forward,127,56,000000d1
structured8,forward,127,57,00000081
structured8,forward,127,58,00000038
structured8,forward,127,59,000000f2
structured8,forward,127,60,000000ab
structured8,forward,127,61,00000067
structured8,forward,127,62,0000001e
structured8,forward,127,63,000000d4
structured8,forward,127,64,0000008d
structured8,forward,127,65,00000005
structured8,forward,127,66,000000cc
structured8,forward,127,67,00000096
structured8,forward,127,68,0000005f
structured8,forward,127,69,00000023
structured8,forward,127,70,000000ea
structured8,forward,127,71,000000b0
structured8,forward,127,72,00000079
structured8,forward,127,73,000000c9
structured8,forward,127,74,00000090
structured8,forward,127,75,0000005a
structured8,forward,127,76,00000023
structured8,forward,127,77,000000ef
structured8,forward,127,78,000000b6
structured8,forward,127,79,0000007c
structured8,forward,127,80,000000c5
structured8,forward,127,81,0000009d
structured8,forward,127,82,00000054
structured8,forward,127,83,0000002e
structured8,forward,127,84,000000e7
structured8,forward,127,85,000000bb
structured8,forward,127,86,00000072
structured8,forward,127,87,000000c8
structured8,forward,127,88,00000081
structured8,forward,127,89,00000051
structured8,forward,127,90,00000028
structured8,forward,127,91,000000e2
structured8,forward,127,92,000000bb
structured8,forward,127,93,00000077
structured8,forward,127,94,000000ce
structured8,forward,127,95,00000084
structured8,forward,127,96,0000005d
structured8,forward,127,97,00000035
structured8,forward,127,98,000000fc
structured8,forward,127,99,000000a6
structured8,forward,127,100,0000006f
structured8,forward,127,101,000000d3
structured8,forward,127,102,0000009a
structured8,forward,127,103,00000040
structured8,forward,127,104,00000009
structured8,forward,127,105,000000f9
structured8,forward,127,106,000000a0
structured8,forward,127,107,0000006a
structured8,forward,127,108,000000d3
structured8,forward,127,109,0000009f
structured8,forward,127,110,00000046
structured8,forward,127,111,0000000c
structured8,forward,127,112,000000f5
structured8,forward,127,113,000000ad
structured8,forward,127,114,00000064
structured8,forward,127,115,000000de
structured8,forward,127,116,00000097
structured8,forward,127,117,0000004b
structured8,forward,127,118,00000002
structured8,forward,127,119,000000f8
structured8,forward,127,120,000000b1
structured8,forward,127,121,00000061
structured8,forward,127,122,000000d8
structured8,forward,127,123,00000092
structured8,forward,127,124,0000004b
structured8,forward,127,125,00000007
structured8,forward,127,126,000000fe
structured8,forward,127,127,000000b4
structured8,forward,127,128,0000006d
structured8,forward,127,129,00000025
structured8,forward,127,130,0000006c
structured8,forward,127,131,000000b6
structured8,forward,127,132,000000ff
structured8,forward,127,133,00000003
structured8,forward,127,134,0000004a
structured8,forward,127,135,00000090
structured8,forward,127,136,000000d9
structured8,forward,127,137,00000069
structured8,forward,127,138,000000b0
structured8,forward,127,139,000000fa
structured8,forward,127,140,00000003
structured8,forward,127,141,0000004f
structured8,forward,127,142,00000096
structured8,forward,127,143,000000dc
structured8,forward,127,144,00000065
structured8,forward,127,145,000000bd
structured8,forward,127,146,000000f4
structured8,forward,127,147,0000000e
structured8,forward,127,148,00000047
structured8,forward,127,149,0000009b
structured8,forward,127,150,000000d2
structured8,forward,127,151,00000068
structured8,forward,127,152,000000a1
structured8,forward,127,153,000000f1
structured8,forward,127,154,00000008
structured8,forward,127,155,00000042
structured8,forward,127,156,0000009b
structured8,forward,127,157,000000d7
structured8,forward,127,158,0000006e
structured8,forward,127,159,000000a4
structured8,forward,127,160,000000fd
structured8,forward,127,161,00000015
structured8,forward,127,162,0000005c
structured8,forward,127,163,00000086
structured8,forward,127,164,000000cf
structured8,forward,127,165,00000073
structured8,forward,127,166,000000ba
structured8,forward,127,167,000000e0
structured8,forward,127,168,00000029
structured8,forward,127,169,00000059
structured8,forward,127,170,00000080
structured8,forward,127,171,000000ca
structured8,forward,127,172,00000073
structured8,forward,127,173,000000bf
structured8,forward,127,174,000000e6
structured8,forward,127,175,0000002c
structured8,forward,127,176,00000055
structured8,forward,127,177,0000008d
structured8,forward,127,178,000000c4
structured8,forward,127,179,0000007e
structured8,forward,127,180,000000b7
structured8,forward,127,181,000000eb
structured8,forward,127,182,00000022
structured8,forward,127,183,00000058
structured8,forward,127,184,00000091
structured8,forward,127,185,000000c1
structured8,forward,127,186,00000078
structured8,forward,127,187,000000b2
structured8,forward,127,188,000000eb
structured8,forward,127,189,00000027
structured8,forward,127,190,0000005e
structured8,forward,127,191,00000094
structured8,forward,127,192,000000cd
structured8,forward,127,193,00000045
structured8,forward,127,194,0000008c
structured8,forward,127,195,000000d6
structured8,forward,127,196,0000001f
structured8,forward,127,197,00000063
structured8,forward,127,198,000000aa
structured8,forward,127,199,000000f0
structured8,forward,127,200,00000039
structured8,forward,127,201,00000089
structured8,forward,127,202,000000d0
structured8,forward,127,203,0000001a
structured8,forward,127,204,00000063
structured8,forward,127,205,000000af
structured8,forward,127,206,000000f6
structured8,forward,127,207,0000003c
structured8,forward,127,208,00000085
structured8,forward,127,209,000000dd
structured8,forward,127,210,00000014
structured8,forward,127,211,0000006e
structured8,forward,127,212,000000a7
structured8,forward,127,213,000000fb
structured8,forward,127,214,00000032
structured8,forward,127,215,00000088
structured8,forward,127,216,000000c1
structured8,forward,127,217,00000011
structured8,forward,127,218,00000068
structured8,forward,127,219,000000a2
structured8,forward,127,220,000000fb
structured8,forward,127,221,00000037
structured8,forward,127,222,0000008e
structured8,forward,127,223,000000c4
structured8,forward,127,224,0000001d
structured8,forward,127,225,00000075
structured8,forward,127,226,000000bc
structured8,forward,127,227,000000e6
structured8,forward,127,228,0000002f
structured8,forward,127,229,00000093
structured8,forward,127,230,000000da
structured8,forward,127,231,00000000
structured8,forward,127,232,00000049
structured8,forward,127,233,000000b9
structured8,forward,127,234,000000e0
structured8,forward,127,235,0000002a
structured8,forward,127,236,00000093
structured8,forward,127,237,000000df
structured8,forward,127,238,00000006
structured8,forward,127,239,0000004c
structured8,forward,127,240,000000b5
structured8,forward,127,241,000000ed
structured8,forward,127,242,00000024
structured8,forward,127,243,0000009e
structured8,forward,127,244,000000d7
structured8,forward,127,245,0000000b
structured8,forward,127,246,00000042
structured8,forward,127,247,000000b8
structured8,forward,127,248,000000f1
structured8,forward,127,249,00000021
structured8,forward,127,250,00000098
structured8,forward,127,251,000000d2
structured8,forward,127,252,0000000b
structured8,forward,127,253,00000047
structured8,forward,127,254,000000be
structured8,forward,127,255,000000f4
structured8,forward,127,256,0000002d
structured8,forward,127,257,000000a5
structured8,forward,127,258,000000ec
structured8,forward,127,259,00000036
structured8,forward,127,260,0000007f
structured8,forward,127,261,00000083
structured8,forward,127,262,000000ca
structured8,forward,127,263,00000010
structured8,forward,127,264,00000059
structured8,forward,127,265,000000e9
structured8,forward,127,266,00000030
structured8,forward,127,267,0000007a
structured8,forward,127,268,00000083
structured8,forward,127,269,000000cf
structured8,forward,127,270,00000016
structured8,forward,127,271,0000005c
structured8,forward,127,272,000000e5
structured8,forward,127,273,0000003d
structured8,forward,127,274,00000074
structured8,forward,127,275,0000008e
structured8,forward,127,276,000000c7
structured8,forward,127,277,0000001b
structured8,forward,127,278,00000052
structured8,forward,127,279,000000e8
structured8,forward,127,280,00000021
structured8,forward,127,281,00000071
structured8,forward,127,282,00000088
structured8,forward,127,283,000000c2
structured8,forward,127,284,0000001b
structured8,forward,127,285,00000057
structured8,forward,127,286,000000ee
structured8,forward,127,287,00000024
structured8,forward,127,288,0000007d
structured8,forward,127,289,00000095
structured8,forward,127,290,000000dc
structured8,forward,127,291,00000006
structured8,forward,127,292,0000004f
structured8,forward,127,293,000000f3
structured8,forward,127,294,0000003a
structured8,forward,127,295,00000060
structured8,forward,127,296,000000a9
structured8,forward,127,297,000000d9
structured8,forward,127,298,00000000
structured8,forward,127,299,0000004a
structured8,forward,127,300,000000f3
structured8,forward,127,301,0000003f
structured8,forward,127,302,00000066
structured8,forward,127,303,000000ac
structured8,forward,127,304,000000d5
structured8,forward,127,305,0000000d
structured8,forward,127,306,00000044
structured8,forward,127,307,000000fe
structured8,forward,127,308,00000037
structured8,forward,127,309,0000006b
structured8,forward,127,310,000000a2
structured8,forward,127,311,000000d8
structured8,forward,127,312,00000011
structured8,forward,127,313,00000041
structured8,forward,127,314,000000f8
structured8,forward,127,315,00000032
structured8,forward,127,316,0000006b
structured8,forward,127,317,000000a7
structured8,forward,127,318,000000de
structured8,forward,127,319,00000014
structured8,forward,127,320,0000004d
structured8,forward,127,321,000000c5
structured8,forward,127,322,0000000c
structured8,forward,127,323,00000056
structured8,forward,127,324,0000009f
structured8,forward,127,325,000000e3
structured8,forward,127,326,0000002a
structured8,forward,127,327,00000070
structured8,forward,127,328,000000b9
structured8,forward,127,329,00000009
structured8,forward,127,330,00000050
structured8,forward,127,331,0000009a
structured8,forward,127,332,000000e3
structured8,forward,127,333,0000002f
structured8,forward,127,334,00000076
structured8,forward,127,335,000000bc
structured8,forward,127,336,00000005
structured8,forward,127,337,0000005d
structured8,forward,127,338,00000094
structured8,forward,127,339,000000ee
structured8,forward,127,340,00000027
structured8,forward,127,341,0000007b
structured8,forward,127,342,000000b2
structured8,forward,127,343,00000008
structured8,forward,127,344,00000041
structured8,forward,127,345,00000091
structured8,forward,127,346,000000e8
structured8,forward,127,347,00000022
structured8,forward,127,348,0000007b
structured8,forward,127,349,000000b7
structured8,forward,127,350,0000000e
structured8,forward,127,351,00000044
structured8,forward,127,352,0000009d
structured8,forward,127,353,000000f5
structured8,forward,127,354,0000003c
structured8,forward,127,355,00000066
structured8,forward,127,356,000000af
structured8,forward,127,357,00000013
structured8,forward,127,358,0000005a
structured8,forward,127,359,00000080
structured8,forward,127,360,000000c9
structured8,forward,127,361,00000039
structured8,forward,127,362,00000060
structured8,forward,127,363,000000aa
structured8,forward,127,364,00000013
structured8,forward,127,365,0000005f
structured8,forward,127,366,00000086
structured8,forward,127,367,000000cc
structured8,forward,127,368,00000035
structured8,forward,127,369,0000006d
structured8,forward,127,370,000000a4
structured8,forward,127,371,0000001e
structured8,forward,127,372,00000057
structured8,forward,127,373,0000008b
structured8,forward,127,374,000000c2
structured8,forward,127,375,00000038
structured8,forward,127,376,00000071
structured8,forward,127,377,000000a1
structured8,forward,127,378,00000018
structured8,forward,127,379,00000052
structured8,forward,127,380,0000008b
structured8,forward,127,381,000000c7
structured8,forward,127,382,0000003e
structured8,forward,127,383,00000074
structured8,inverse,127,0,0000006c
structured8,inverse,127,1,000000b6
structured8,inverse,127,2,000000ff
structured8,inverse,127,3,00000003
structured8,inverse,127,4,0000004a
structured8,inverse,127,5,00000090
structured8,inverse,127,6,000000d9
structured8,inverse,127,7,00000069
structured8,inverse,127,8,000000b0
structured8,inverse,127,9,000000fa
structured8,inverse,127,10,00000003
structured8,inverse,127,11,0000004f
structured8,inverse,127,12,00000096
structured8,inverse,127,13,000000dc
structured8,inverse,127,14,00000065
structured8,inverse,127,15,000000bd
structured8,inverse,127,16,000000f4
structured8,inverse,127,17,0000000e
structured8,inverse,127,18,00000047
structured8,inverse,127,19,0000009b
structured8,inverse,127,20,000000d2
structured8,inverse,127,21,00000068
structured8,inverse,127,22,000000a1
structured8,inverse,127,23,000000f1
structured8,inverse,127,24,00000008
structured8,inverse,127,25,00000042
structured8,inverse,127,26,0000009b
structured8,inverse,127,27,000000d7
structured8,inverse,127,28,0000006e
structured8,inverse,127,29,000000a4
structured8,inverse,127,30,000000fd
structured8,inverse,127,31,00000015
structured8,inverse,127,32,0000005c
structured8,inverse,127,33,00000086
structured8,inverse,127,34,000000cf
structured8,inverse,127,35,00000073
structured8,inverse,127,36,000000ba
structured8,inverse,127,37,000000e0
structured8,inverse,127,38,00000029
structured8,inverse,127,39,00000059
structured8,inverse,127,40,00000080
structured8,inverse,127,41,000000ca
structured8,inverse,127,42,00000073
structured8,inverse,127,43,000000bf
structured8,inverse,127,44,000000e6
structured8,inverse,127,45,0000002c
structured8,inverse,127,46,00000055
structured8,inverse,127,47,0000008d
structured8,inverse,127,48,000000c4
structured8,inverse,127,49,0000007e
structured8,inverse,127,50,000000b7
structured8,inverse,127,51,000000eb
structured8,inverse,127,52,00000022
structured8,inverse,127,53,00000058
structured8,inverse,127,54,00000091
structured8,inverse,127,55,000000c1
structured8,inverse,127,56,00000078
structured8,inverse,127,57,000000b2
structured8,inverse,127,58,000000eb
structured8,inverse,127,59,00000027
structured8,inverse,127,60,0000005e
structured8,inverse,127,61,00000094
structured8,inverse,127,62,000000cd
structured8,inverse,127,63,00000045
structured8,inverse,127,64,0000008c
structured8,inverse,127,65,000000d6
structured8,inverse,127,66,0000001f
structured8,inverse,127,67,00000063
structured8,inverse,127,68,000000aa
structured8,inverse,127,69,000000f0
structured8,inverse,127,70,00000039
structured8,inverse,127,71,00000089
structured8,inverse,127,72,000000d0
structured8,inverse,127,73,0000001a
structured8,inverse,127,74,00000063
structured8,inverse,127,75,000000af
structured8,inverse,127,76,000000f6
structured8,inverse,127,77,0000003c
structured8,inverse,127,78,00000085
structured8,inverse,127,79,000000dd
structured8,inverse,127,80,00000014
structured8,inverse,127,81,0000006e
structured8,inverse,127,82,000000a7
structured8,inverse,127,83,000000fb
structured8,inverse,127,84,00000032
structured8,inverse,127,85,00000088
structured8,inverse,127,86,000000c1
structured8,inverse,127,87,00000011
structured8,inverse,127,88,00000068
structured8,inverse,127,89,000000a2
structured8,inverse,127,90,000000fb
structured8,inverse,127,91,00000037
structured8,inverse,127,92,0000008e
structured8,inverse,127,93,000000c4
structured8,inverse,127,94,0000001d
structured8,inverse,127,95,00000075
structured8,inverse,127,96,000000bc
structured8,inverse,127,97,000000e6
structured8,inverse,127,98,0000002f
structured8,inverse,127,99,00000093
structured8,inverse,127,100,000000da
structured8,inverse,127,101,00000000
structured8,inverse,127,102,00000049
structured8,inverse,127,103,000000b9
structured8,inverse,127,104,000000e0
structured8,inverse,127,105,0000002a
structured8,inverse,127,106,00000093
structured8,inverse,127,107,000000df
structured8,inverse,127,108,00000006
structured8,inverse,127,109,0000004c
structured8,inverse,127,110,000000b5
structured8,inverse,127,111,000000ed
structured8,inverse,127,112,00000024
structured8,inverse,127,113,0000009e
structured8,inverse,127,114,000000d7
structured8,inverse,127,115,0000000b
structured8,inverse,127,116,00000042
structured8,inverse,127,117,000000b8
structured8,inverse,127,118,000000f1
structured8,inverse,127,119,00000021
structured8,inverse,127,120,00000098
structured8,inverse,127,121,000000d2
structured8,inverse,127,122,0000000b
structured8,inverse,127,123,00000047
structured8,inverse,127,124,000000be
structured8,inverse,127,125,000000f4
structured8,inverse,127,126,0000002d
structured8,inverse,127,127,000000a5
structured8,inverse,127,128,000000ec
structured8,inverse,127,129,00000036
structured8,inverse,127,130,0000007f
structured8,inverse,127,131,00000083
structured8,inverse,127,132,000000ca
structured8,inverse,127,133,00000010
structured8,inverse,127,134,00000059
structured8,inverse,127,135,000000e9
structured8,inverse,127,136,00000030
structured8,inverse,127,137,0000007a
structured8,inverse,127,138,00000083
structured8,inverse,127,139,000000cf
structured8,inverse,127,140,00000016
structured8,inverse,127,141,0000005c
structured8,inverse,127,142,000000e5
structured8,inverse,127,143,0000003d
structured8,inverse,127,144,00000074
structured8,inverse,127,145,0000008e
structured8,inverse,127,146,000000c7
structured8,inverse,127,147,0000001b
structured8,inverse,127,148,00000052
structured8,inverse,127,149,000000e8
structured8,inverse,127,150,00000021
structured8,inverse,127,151,00000071
structured8,inverse,127,152,00000088
structured8,inverse,127,153,000000c2
structured8,inverse,127,154,0000001b
structured8,inverse,127,155,00000057
structured8,inverse,127,156,000000ee
structured8,inverse,127,157,00000024
structured8,inverse,127,158,0000007d
structured8,inverse,127,159,00000095
structured8,inverse,127,160,000000dc
structured8,inverse,127,161,00000006
structured8,inverse,127,162,0000004f
structured8,inverse,127,163,000000f3
structured8,inverse,127,164,0000003a
structured8,inverse,127,165,00000060
structured8,inverse,127,166,000000a9
structured8,inverse,127,167,000000d9
structured8,inverse,127,168,00000000
structured8,inverse,127,169,0000004a
structured8,inverse,127,170,000000f3
structured8,inverse,127,171,0000003f
structured8,inverse,127,172,00000066
structured8,inverse,127,173,000000ac
structured8,inverse,127,174,000000d5
structured8,inverse,127,175,0000000d
structured8,inverse,127,176,00000044
structured8,inverse,127,177,000000fe
structured8,inverse,127,178,00000037
structured8,inverse,127,179,0000006b
structured8,inverse,127,180,000000a2
structured8,inverse,127,181,000000d8
structured8,inverse,127,182,00000011
structured8,inverse,127,183,00000041
structured8,inverse,127,184,000000f8
structured8,inverse,127,185,00000032
structured8,inverse,127,186,0000006b
structured8,inverse,127,187,000000a7
structured8,inverse,127,188,000000de
structured8,inverse,127,189,00000014
structured8,inverse,127,190,0000004d
structured8,inverse,127,191,000000c5
structured8,inverse,127,192,0000000c
structured8,inverse,127,193,00000056
structured8,inverse,127,194,0000009f
structured8,inverse,127,195,000000e3
structured8,inverse,127,196,0000002a
structured8,inverse,127,197,00000070
structured8,inverse,127,198,000000b9
structured8,inverse,127,199,00000009
structured8,inverse,127,200,00000050
structured8,inverse,127,201,0000009a
structured8,inverse,127,202,000000e3
structured8,inverse,127,203,0000002f
structured8,inverse,127,204,00000076
structured8,inverse,127,205,000000bc
structured8,inverse,127,206,00000005
structured8,inverse,127,207,0000005d
structured8,inverse,127,208,00000094
structured8,inverse,127,209,000000ee
structured8,inverse,127,210,00000027
structured8,inverse,127,211,0000007b
structured8,inverse,127,212,000000b2
structured8,inverse,127,213,00000008
structured8,inverse,127,214,00000041
structured8,inverse,127,215,00000091
structured8,inverse,127,216,000000e8
structured8,inverse,127,217,00000022
structured8,inverse,127,218,0000007b
structured8,inverse,127,219,000000b7
structured8,inverse,127,220,0000000e
structured8,inverse,127,221,00000044
structured8,inverse,127,222,0000009d
structured8,inverse,127,223,000000f5
structured8,inverse,127,224,0000003c
structured8,inverse,127,225,00000066
structured8,inverse,127,226,000000af
structured8,inverse,127,227,00000013
structured8,inverse,127,228,0000005a
structured8,inverse,127,229,00000080
structured8,inverse,127,230,000000c9
structured8,inverse,127,231,00000039
structured8,inverse,127,232,00000060
structured8,inverse,127,233,000000aa
structured8,inverse,127,234,00000013
structured8,inverse,127,235,0000005f
structured8,inverse,127,236,00000086
structured8,inverse,127,237,000000cc
structured8,inverse,127,238,00000035
structured8,inverse,127,239,0000006d
structured8,inverse,127,240,000000a4
structured8,inverse,127,241,0000001e
structured8,inverse,127,242,00000057
structured8,inverse,127,243,0000008b
structured8,inverse,127,244,000000c2
structured8,inverse,127,245,00000038
structured8,inverse,127,246,00000071
structured8,inverse,127,247,000000a1
structured8,inverse,127,248,00000018
structured8,inverse,127,249,00000052
structured8,inverse,127,250,0000008b
structured8,inverse,127,251,000000c7
structured8,inverse,127,252,0000003e
structured8,inverse,127,253,00000074
structured8,inverse,127,254,000000ad
structured8,inverse,127,255,00000065
structured8,inverse,127,256,0000002c
structured8,inverse,127,257,000000f6
structured8,inverse,127,258,000000bf
structured8,inverse,127,259,00000043
structured8,inverse,127,260,0000000a
structured8,inverse,127,261,000000d0
structured8,inverse,127,262,00000099
structured8,inverse,127,263,00000029
structured8,inverse,127,264,000000f0
structured8,inverse,127,265,000000ba
structured8,inverse,127,266,00000043
structured8,inverse,127,267,0000000f
structured8,inverse,127,268,000000d6
structured8,inverse,127,269,0000009c
structured8,inverse,127,270,00000025
structured8,inverse,127,271,000000fd
structured8,inverse,127,272,000000b4
structured8,inverse,127,273,0000004e
structured8,inverse,127,274,00000007
structured8,inverse,127,275,000000db
structured8,inverse,127,276,00000092
structured8,inverse,127,277,00000028
structured8,inverse,127,278,000000e1
structured8,inverse,127,279,000000b1
structured8,inverse,127,280,00000048
structured8,inverse,127,281,00000002
structured8,inverse,127,282,000000db
structured8,inverse,127,283,00000097
structured8,inverse,127,284,0000002e
structured8,inverse,127,285,000000e4
structured8,inverse,127,286,000000bd
structured8,inverse,127,287,00000055
structured8,inverse,127,288,0000001c
structured8,inverse,127,289,000000c6
structured8,inverse,127,290,0000008f
structured8,inverse,127,291,00000033
structured8,inverse,127,292,000000fa
structured8,inverse,127,293,000000a0
structured8,inverse,127,294,00000069
structured8,inverse,127,295,00000019
structured8,inverse,127,296,000000c0
structured8,inverse,127,297,0000008a
structured8,inverse,127,298,00000033
structured8,inverse,127,299,000000ff
structured8,inverse,127,300,000000a6
structured8,inverse,127,301,0000006c
structured8,inverse,127,302,00000015
structured8,inverse,127,303,000000cd
structured8,inverse,127,304,00000084
structured8,inverse,127,305,0000003e
structured8,inverse,127,306,000000f7
structured8,inverse,127,307,000000ab
structured8,inverse,127,308,00000062
structured8,inverse,127,309,00000018
structured8,inverse,127,310,000000d1
structured8,inverse,127,311,00000081
structured8,inverse,127,312,00000038
structured8,inverse,127,313,000000f2
structured8,inverse,127,314,000000ab
structured8,inverse,127,315,00000067
structured8,inverse,127,316,0000001e
structured8,inverse,127,317,000000d4
structured8,inverse,127,318,0000008d
structured8,inverse,127,319,00000005
structured8,inverse,127,320,000000cc
structured8,inverse,127,321,00000096
structured8,inverse,127,322,0000005f
structured8,inverse,127,323,00000023
structured8,inverse,127,324,000000ea
structured8,inverse,127,325,000000b0
structured8,inverse,127,326,00000079
structured8,inverse,127,327,000000c9
structured8,inverse,127,328,00000090
structured8,inverse,127,329,0000005a
structured8,inverse,127,330,00000023
structured8,inverse,127,331,000000ef
structured8,inverse,127,332,000000b6
structured8,inverse,127,333,0000007c
structured8,inverse,127,334,000000c5
structured8,inverse,127,335,0000009d
structured8,inverse,127,336,00000054
structured8,inverse,127,337,0000002e
structured8,inverse,127,338,000000e7
structured8,inverse,127,339,000000bb
structured8,inverse,127,340,00000072
structured8,inverse,127,341,000000c8
structured8,inverse,127,342,00000081
structured8,inverse,127,343,00000051
structured8,inverse,127,344,00000028
structured8,inverse,127,345,000000e2
structured8,inverse,127,346,000000bb
structured8,inverse,127,347,00000077
structured8,inverse,127,348,000000ce
structured8,inverse,127,349,00000084
structured8,inverse,127,350,0000005d
structured8,inverse,127,351,00000035
structured8,inverse,127,352,000000fc
structured8,inverse,127,353,000000a6
structured8,inverse,127,354,0000006f
structured8,inverse,127,355,000000d3
structured8,inverse,127,356,0000009a
structured8,inverse,127,357,00000040
structured8,inverse,127,358,00000009
structured8,inverse,127,359,000000f9
structured8,inverse,127,360,000000a0
structured8,inverse,127,361,0000006a
structured8,inverse,127,362,000000d3
structured8,inverse,127,363,0000009f
structured8,inverse,127,364,00000046
structured8,inverse,127,365,0000000c
structured8,inverse,127,366,000000f5
structured8,inverse,127,367,000000ad
structured8,inverse,127,368,00000064
structured8,inverse,127,369,000000de
structured8,inverse,127,370,00000097
structured8,inverse,127,371,0000004b
structured8,inverse,127,372,00000002
structured8,inverse,127,373,000000f8
structured8,inverse,127,374,000000b1
structured8,inverse,127,375,00000061
structured8,inverse,127,376,000000d8
structured8,inverse,127,377,00000092
structured8,inverse,127,378,0000004b
structured8,inverse,127,379,00000007
structured8,inverse,127,380,000000fe
structured8,inverse,127,381,000000b4
structured8,inverse,127,382,0000006d
structured8,inverse,127,383,00000025
random8,forward,127,0,0000005f
random8,forward,127,1,00000060
random8,forward,127,2,000000ab
random8,forward,127,3,00000010
random8,forward,127,4,00000035
random8,forward,127,5,00000040
random8,forward,127,6,00000086
random8,forward,127,7,0000007a
random8,forward,127,8,00000004
random8,forward,127,9,000000f7
random8,forward,127,10,00000050
random8,forward,127,11,00000079
random8,forward,127,12,000000a9
random8,forward,127,13,00000031
random8,forward,127,14,00000046
random8,forward,127,15,00000099
random8,forward,127,16,000000bf
random8,forward,127,17,00000059
random8,forward,127,18,00000064
random8,forward,127,19,00000025
random8,forward,127,20,000000a4
random8,forward,127,21,0000009c
random8,forward,127,22,00000066
random8,forward,127,23,0000002a
random8,forward,127,24,00000072
random8,forward,127,25,000000e6
random8,forward,127,26,000000c8
random8,forward,127,27,00000074
random8,forward,127,28,00000006
random8,forward,127,29,000000e3
random8,forward,127,30,000000c5
random8,forward,127,31,0000008e
random8,forward,127,32,000000fb
random8,forward,127,33,000000fe
random8,forward,127,34,0000005a
random8,forward,127,35,000000c6
random8,forward,127,36,000000ae
random8,forward,127,37,00000064
random8,forward,127,38,00000043
random8,forward,127,39,00000026
random8,forward,127,40,0000003c
random8,forward,127,41,00000001
random8,forward,127,42,000000fb
random8,forward,127,43,0000007a
random8,forward,127,44,0000007e
random8,forward,127,45,00000081
random8,forward,127,46,000000bf
random8,forward,127,47,00000050
random8,forward,127,48,00000013
random8,forward,127,49,0000004f
random8,forward,127,50,0000008b
random8,forward,127,51,000000f2
random8,forward,127,52,00000055
random8,forward,127,53,00000098
random8,forward,127,54,0000001b
random8,forward,127,55,0000006d
random8,forward,127,56,00000062
random8,forward,127,57,00000048
random8,forward,127,58,000000eb
random8,forward,127,59,0000008d
random8,forward,127,60,00000013
random8,forward,127,61,0000000b
random8,forward,127,62,00000036
random8,forward,127,63,000000de
random8,forward,127,64,00000007
random8,forward,127,65,0000004d
random8,forward,127,66,000000f9
random8,forward,127,67,000000ab
random8,forward,127,68,00000098
random8,forward,127,69,00000039
random8,forward,127,70,000000ef
random8,forward,127,71,00000001
random8,forward,127,72,000000e3
random8,forward,127,73,000000bc
random8,forward,127,74,00000096
random8,forward,127,75,000000ac
random8,forward,127,76,000000c4
random8,forward,127,77,00000081
random8,forward,127,78,00000028
random8,forward,127,79,00000037
random8,forward,127,80,000000d7
random8,forward,127,81,000000f6
random8,forward,127,82,000000a2
random8,forward,127,83,000000f0
random8,forward,127,84,00000077
random8,forward,127,85,00000045
random8,forward,127,86,000000c0
random8,forward,127,87,000000e1
random8,forward,127,88,000000c1
random8,forward,127,89,0000005b
random8,forward,127,90,000000fd
random8,forward,127,91,000000d7
random8,forward,127,92,00000091
random8,forward,127,93,000000e3
random8,forward,127,94,00000097
random8,forward,127,95,0000005d
random8,forward,127,96,00000083
random8,forward,127,97,0000004b
random8,forward,127,98,00000088
random8,forward,127,99,000000c0
random8,forward,127,100,000000f2
random8,forward,127,101,000000bd
random8,forward,127,102,0000008c
random8,forward,127,103,0000000c
random8,forward,127,104,000000fb
random8,forward,127,105,00000026
random8,forward,127,106,00000021
random8,forward,127,107,0000000d
random8,forward,127,108,0000007a
random8,forward,127,109,00000032
random8,forward,127,110,00000081
random8,forward,127,111,0000004f
random8,forward,127,112,0000000b
random8,forward,127,113,0000004c
random8,forward,127,114,000000a9
random8,forward,127,115,0000001d
random8,forward,127,116,00000009
random8,forward,127,117,000000a1
random8,forward,127,118,00000055
random8,forward,127,119,00000084
random8,forward,127,120,00000091
random8,forward,127,121,0000001d
random8,forward,127,122,00000000
random8,forward,127,123,00000050
random8,forward,127,124,0000007f
random8,forward,127,125,0000006c
random8,forward,127,126,000000e7
random8,forward,127,127,0000000c
random8,forward,127,128,0000006f
random8,forward,127,129,000000f9
random8,forward,127,130,00000006
random8,forward,127,131,00000006
random8,forward,127,132,000000bc
random8,forward,127,133,000000f1
random8,forward,127,134,00000019
random8,forward,127,135,00000048
random8,forward,127,136,00000083
random8,forward,127,137,00000040
random8,forward,127,138,0000009c
random8,forward,127,139,0000009f
random8,forward,127,140,000000a0
random8,forward,127,141,00000092
random8,forward,127,142,000000ca
random8,forward,127,143,00000096
random8,forward,127,144,000000af
random8,forward,127,145,00000052
random8,forward,127,146,000000a0
random8,forward,127,147,0000007a
random8,forward,127,148,0000000b
random8,forward,127,149,000000ae
random8,forward,127,150,000000da
random8,forward,127,151,00000057
random8,forward,127,152,000000d1
random8,forward,127,153,00000090
random8,forward,127,154,000000f3
random8,forward,127,155,000000f9
random8,forward,127,156,000000dd
random8,forward,127,157,000000a4
random8,forward,127,158,00000028
random8,forward,127,159,000000ec
random8,forward,127,160,000000cb
random8,forward,127,161,00000058
random8,forward,127,162,00000075
random8,forward,127,163,0000007b
random8,forward,127,164,000000f6
random8,forward,127,165,000000d6
random8,forward,127,166,00000096
random8,forward,127,167,000000b3
random8,forward,127,168,0000007b
random8,forward,127,169,0000000b
random8,forward,127,170,00000007
random8,forward,127,171,00000060
random8,forward,127,172,00000036
random8,forward,127,173,000000a2
random8,forward,127,174,00000003
random8,forward,127,175,0000000e
random8,forward,127,176,000000c3
random8,forward,127,177,00000009
random8,forward,127,178,00000087
random8,forward,127,179,00000008
random8,forward,127,180,0000007d
random8,forward,127,181,0000006a
random8,forward,127,182,0000004f
random8,forward,127,183,0000005b
random8,forward,127,184,00000081
random8,forward,127,185,000000b2
random8,forward,127,186,000000d6
random8,forward,127,187,000000d3
random8,forward,127,188,000000ab
random8,forward,127,189,0000008d
random8,forward,127,190,00000059
random8,forward,127,191,000000fb
random8,forward,127,192,00000097
random8,forward,127,193,00000066
random8,forward,127,194,000000d4
random8,forward,127,195,00000020
random8,forward,127,196,000000a0
random8,forward,127,197,0000006a
random8,forward,127,198,00000003
random8,forward,127,199,0000004f
random8,forward,127,200,000000e3
random8,forward,127,201,00000085
random8,forward,127,202,00000061
random8,forward,127,203,00000051
random8,forward,127,204,0000003c
random8,forward,127,205,00000063
random8,forward,127,206,0000002c
random8,forward,127,207,000000b5
random8,forward,127,208,00000046
random8,forward,127,209,0000006f
random8,forward,127,210,0000005e
random8,forward,127,211,000000c5
random8,forward,127,212,0000005f
random8,forward,127,213,000000d6
random8,forward,127,214,000000b3
random8,forward,127,215,0000008e
random8,forward,127,216,000000a1
random8,forward,127,217,00000084
random8,forward,127,218,000000a9
random8,forward,127,219,000000dc
random8,forward,127,220,000000e9
random8,forward,127,221,00000025
random8,forward,127,222,0000007a
random8,forward,127,223,0000003b
random8,forward,127,224,000000d2
random8,forward,127,225,00000024
random8,forward,127,226,00000023
random8,forward,127,227,000000f6
random8,forward,127,228,000000ba
random8,forward,127,229,000000af
random8,forward,127,230,00000060
random8,forward,127,231,0000001a
random8,forward,127,232,000000bb
random8,forward,127,233,000000af
random8,forward,127,234,000000ac
random8,forward,127,235,00000073
random8,forward,127,236,000000b2
random8,forward,127,237,000000d3
random8,forward,127,238,00000045
random8,forward,127,239,0000008c
random8,forward,127,240,0000003a
random8,forward,127,241,00000086
random8,forward,127,242,00000025
random8,forward,127,243,000000b3
random8,forward,127,244,000000b1
random8,forward,127,245,000000f3
random8,forward,127,246,00000008
random8,forward,127,247,000000f2
random8,forward,127,248,00000031
random8,forward,127,249,00000007
random8,forward,127,250,0000006c
random8,forward,127,251,00000015
random8,forward,127,252,00000097
random8,forward,127,253,0000006d
random8,forward,127,254,0000008b
random8,forward,127,255,000000aa
random8,forward,127,256,0000007e
random8,forward,127,257,000000c6
random8,forward,127,258,0000004f
random8,forward,127,259,0000001b
random8,forward,127,260,000000ad
random8,forward,127,261,0000008e
random8,forward,127,262,000000f2
random8,forward,127,263,000000ad
random8,forward,127,264,00000084
random8,forward,127,265,000000ad
random8,forward,127,266,00000005
random8,forward,127,267,00000054
random8,forward,127,268,000000b1
random8,forward,127,269,000000cf
random8,forward,127,270,000000c3
random8,forward,127,271,0000009b
random8,forward,127,272,000000d0
random8,forward,127,273,0000005f
random8,forward,127,274,00000029
random8,forward,127,275,000000cf
random8,forward,127,276,0000003c
random8,forward,127,277,0000008b
random8,forward,127,278,000000f3
random8,forward,127,279,000000fc
random8,forward,127,280,00000012
random8,forward,127,281,0000003d
random8,forward,127,282,0000009c
random8,forward,127,283,000000ee
random8,forward,127,284,0000002e
random8,forward,127,285,00000021
random8,forward,127,286,00000061
random8,forward,127,287,00000031
random8,forward,127,288,0000002c
random8,forward,127,289,000000a5
random8,forward,127,290,0000003e
random8,forward,127,291,00000010
random8,forward,127,292,00000067
random8,forward,127,293,000000f3
random8,forward,127,294,000000ef
random8,forward,127,295,00000098
random8,forward,127,296,000000fc
random8,forward,127,297,000000f8
random8,forward,127,298,000000f0
random8,forward,127,299,00000095
random8,forward,127,300,000000c7
random8,forward,127,301,0000005f
random8,forward,127,302,0000007c
random8,forward,127,303,00000093
random8,forward,127,304,00000064
random8,forward,127,305,00000096
random8,forward,127,306,00000090
random8,forward,127,307,000000dd
random8,forward,127,308,0000002e
random8,forward,127,309,000000c7
random8,forward,127,310,000000e8
random8,forward,127,311,00000080
random8,forward,127,312,00000042
random8,forward,127,313,000000df
random8,forward,127,314,000000ff
random8,forward,127,315,00000048
random8,forward,127,316,0000007c
random8,forward,127,317,0000008a
random8,forward,127,318,00000012
random8,forward,127,319,000000c0
random8,forward,127,320,00000078
random8,forward,127,321,00000033
random8,forward,127,322,0000001d
random8,forward,127,323,00000035
random8,forward,127,324,00000091
random8,forward,127,325,00000007
random8,forward,127,326,000000dc
random8,forward,127,327,000000b4
random8,forward,127,328,000000e4
random8,forward,127,329,000000f2
random8,forward,127,330,000000ca
random8,forward,127,331,00000006
random8,forward,127,332,0000004d
random8,forward,127,333,000000a0
random8,forward,127,334,00000025
random8,forward,127,335,000000ba
random8,forward,127,336,00000067
random8,forward,127,337,0000007c
random8,forward,127,338,000000e7
random8,forward,127,339,0000001a
random8,forward,127,340,00000090
random8,forward,127,341,000000b3
random8,forward,127,342,000000cc
random8,forward,127,343,00000033
random8,forward,127,344,000000e2
random8,forward,127,345,00000031
random8,forward,127,346,00000052
random8,forward,127,347,000000d1
random8,forward,127,348,0000003a
random8,forward,127,349,000000a2
random8,forward,127,350,000000b3
random8,forward,127,351,00000080
random8,forward,127,352,00000033
random8,forward,127,353,00000071
random8,forward,127,354,000000ec
random8,forward,127,355,0000008b
random8,forward,127,356,0000002b
random8,forward,127,357,000000cc
random8,forward,127,358,000000b9
random8,forward,127,359,000000ff
random8,forward,127,360,0000003c
random8,forward,127,361,0000009c
random8,forward,127,362,00000095
random8,forward,127,363,000000a8
random8,forward,127,364,00000043
random8,forward,127,365,00000090
random8,forward,127,366,000000be
random8,forward,127,367,00000011
random8,forward,127,368,000000db
random8,forward,127,369,00000013
random8,forward,127,370,0000002e
random8,forward,127,371,00000088
random8,forward,127,372,00000062
random8,forward,127,373,00000050
random8,forward,127,374,000000a1
random8,forward,127,375,00000017
random8,forward,127,376,000000f2
random8,forward,127,377,00000034
random8,forward,127,378,00000095
random8,forward,127,379,0000008a
random8,forward,127,380,00000068
random8,forward,127,381,0000006a
random8,forward,127,382,00000044
random8,forward,127,383,0000006f
random8,inverse,127,0,00000006
random8,inverse,127,1,00000006
random8,inverse,127,2,000000bc
random8,inverse,127,3,000000f1
random8,inverse,127,4,00000019
random8,inverse,127,5,00000048
random8,inverse,127,6,00000083
random8,inverse,127,7,00000040
random8,inverse,127,8,0000009c
random8,inverse,127,9,0000009f
random8,inverse,127,10,000000a0
random8,inverse,127,11,00000092
random8,inverse,127,12,000000ca
random8,inverse,127,13,00000096
random8,inverse,127,14,000000af
random8,inverse,127,15,00000052
random8,inverse,127,16,000000a0
random8,inverse,127,17,0000007a
random8,inverse,127,18,0000000b
random8,inverse,127,19,000000ae
random8,inverse,127,20,000000da
random8,inverse,127,21,00000057
random8,inverse,127,22,000000d1
random8,inverse,127,23,00000090
random8,inverse,127,24,000000f3
random8,inverse,127,25,000000f9
random8,inverse,127,26,000000dd
random8,inverse,127,27,000000a4
random8,inverse,127,28,00000028
random8,inverse,127,29,000000ec
random8,inverse,127,30,000000cb
random8,inverse,127,31,00000058
random8,inverse,127,32,00000075
random8,inverse,127,33,0000007b
random8,inverse,127,34,000000f6
random8,inverse,127,35,000000d6
random8,inverse,127,36,00000096
random8,inverse,127,37,000000b3
random8,inverse,127,38,0000007b
random8,inverse,127,39,0000000b
random8,inverse,127,40,00000007
random8,inverse,127,41,00000060
random8,inverse,127,42,00000036
random8,inverse,127,43,000000a2
random8,inverse,127,44,00000003
random8,inverse,127,45,0000000e
random8,inverse,127,46,000000c3
random8,inverse,127,47,00000009
random8,inverse,127,48,00000087
random8,inverse,127,49,00000008
random8,inverse,127,50,0000007d
random8,inverse,127,51,0000006a
random8,inverse,127,52,0000004f
random8,inverse,127,53,0000005b
random8,inverse,127,54,00000081
random8,inverse,127,55,000000b2
random8,inverse,127,56,000000d6
random8,inverse,127,57,000000d3
random8,inverse,127,58,000000ab
random8,inverse,127,59,0000008d
random8,inverse,127,60,00000059
random8,inverse,127,61,000000fb
random8,inverse,127,62,00000097
random8,inverse,127,63,00000066
random8,inverse,127,64,000000d4
random8,inverse,127,65,00000020
random8,inverse,127,66,000000a0
random8,inverse,127,67,0000006a
random8,inverse,127,68,00000003
random8,inverse,127,69,0000004f
random8,inverse,127,70,000000e3
random8,inverse,127,71,00000085
random8,inverse,127,72,00000061
random8,inverse,127,73,00000051
random8,inverse,127,74,0000003c
random8,inverse,127,75,00000063
random8,inverse,127,76,0000002c
random8,inverse,127,77,000000b5
random8,inverse,127,78,00000046
random8,inverse,127,79,0000006f
random8,inverse,127,80,0000005e
random8,inverse,127,81,000000c5
random8,inverse,127,82,0000005f
random8,inverse,127,83,000000d6
random8,inverse,127,84,000000b3
random8,inverse,127,85,0000008e
random8,inverse,127,86,000000a1
random8,inverse,127,87,00000084
random8,inverse,127,88,000000a9
random8,inverse,127,89,000000dc
random8,inverse,127,90,000000e9
random8,inverse,127,91,00000025
random8,inverse,127,92,0000007a
random8,inverse,127,93,0000003b
random8,inverse,127,94,000000d2
random8,inverse,127,95,00000024
random8,inverse,127,96,00000023
random8,inverse,127,97,000000f6
random8,inverse,127,98,000000ba
random8,inverse,127,99,000000af
random8,inverse,127,100,00000060
random8,inverse,127,101,0000001a
random8,inverse,127,102,000000bb
random8,inverse,127,103,000000af
random8,inverse,127,104,000000ac
random8,inverse,127,105,00000073
random8,inverse,127,106,000000b2
random8,inverse,127,107,000000d3
random8,inverse,127,108,00000045
random8,inverse,127,109,0000008c
random8,inverse,127,110,0000003a
random8,inverse,127,111,00000086
random8,inverse,127,112,00000025
random8,inverse,127,113,000000b3
random8,inverse,127,114,000000b1
random8,inverse,127,115,000000f3
random8,inverse,127,116,00000008
random8,inverse,127,117,000000f2
random8,inverse,127,118,00000031
random8,inverse,127,119,00000007
random8,inverse,127,120,0000006c
random8,inverse,127,121,00000015
random8,inverse,127,122,00000097
random8,inverse,127,123,0000006d
random8,inverse,127,124,0000008b
random8,inverse,127,125,000000aa
random8,inverse,127,126,0000007e
random8,inverse,127,127,000000c6
random8,inverse,127,128,0000004f
random8,inverse,127,129,0000001b
random8,inverse,127,130,000000ad
random8,inverse,127,131,0000008e
random8,inverse,127,132,000000f2
random8,inverse,127,133,000000ad
random8,inverse,127,134,00000084
random8,inverse,127,135,000000ad
random8,inverse,127,136,00000005
random8,inverse,127,137,00000054
random8,inverse,127,138,000000b1
random8,inverse,127,139,000000cf
random8,inverse,127,140,000000c3
random8,inverse,127,141,0000009b
random8,inverse,127,142,000000d0
random8,inverse,127,143,0000005f
random8,inverse,127,144,00000029
random8,inverse,127,145,000000cf
random8,inverse,127,146,0000003c
random8,inverse,127,147,0000008b
random8,inverse,127,148,000000f3
random8,inverse,127,149,000000fc
random8,inverse,127,150,00000012
random8,inverse,127,151,0000003d
random8,inverse,127,152,0000009c
random8,inverse,127,153,000000ee
random8,inverse,127,154,0000002e
random8,inverse,127,155,00000021
random8,inverse,127,156,00000061
random8,inverse,127,157,00000031
random8,inverse,127,158,0000002c
random8,inverse,127,159,000000a5
random8,inverse,127,160,0000003e
random8,inverse,127,161,00000010
random8,inverse,127,162,00000067
random8,inverse,127,163,000000f3
random8,inverse,127,164,000000ef
random8,inverse,127,165,00000098
random8,inverse,127,166,000000fc
random8,inverse,127,167,000000f8
random8,inverse,127,168,000000f0
random8,inverse,127,169,00000095
random8,inverse,127,170,000000c7
random8,inverse,127,171,0000005f
random8,inverse,127,172,0000007c
random8,inverse,127,173,00000093
random8,inverse,127,174,00000064
random8,inverse,127,175,00000096
random8,inverse,127,176,00000090
random8,inverse,127,177,000000dd
random8,inverse,127,178,0000002e
random8,inverse,127,179,000000c7
random8,inverse,127,180,000000e8
random8,inverse,127,181,00000080
random8,inverse,127,182,00000042
random8,inverse,127,183,000000df
random8,inverse,127,184,000000ff
random8,inverse,127,185,00000048
random8,inverse,127,186,0000007c
random8,inverse,127,187,0000008a
random8,inverse,127,188,00000012
random8,inverse,127,189,000000c0
random8,inverse,127,190,00000078
random8,inverse,127,191,00000033
random8,inverse,127,192,0000001d
random8,inverse,127,193,00000035
random8,inverse,127,194,00000091
random8,inverse,127,195,00000007
random8,inverse,127,196,000000dc
random8,inverse,127,197,000000b4
random8,inverse,127,198,000000e4
random8,inverse,127,199,000000f2
random8,inverse,127,200,000000ca
random8,inverse,127,201,00000006
random8,inverse,127,202,0000004d
random8,inverse,127,203,000000a0
random8,inverse,127,204,00000025
random8,inverse,127,205,000000ba
random8,inverse,127,206,00000067
random8,inverse,127,207,0000007c
random8,inverse,127,208,000000e7
random8,inverse,127,209,0000001a
random8,inverse,127,210,00000090
random8,inverse,127,211,000000b3
random8,inverse,127,212,000000cc
random8,inverse,127,213,00000033
random8,inverse,127,214,000000e2
random8,inverse,127,215,00000031
random8,inverse,127,216,00000052
random8,inverse,127,217,000000d1
random8,inverse,127,218,0000003a
random8,inverse,127,219,000000a2
random8,inverse,127,220,000000b3
random8,inverse,127,221,00000080
random8,inverse,127,222,00000033
random8,inverse,127,223,00000071
random8,inverse,127,224,000000ec
random8,inverse,127,225,0000008b
random8,inverse,127,226,0000002b
random8,inverse,127,227,000000cc
random8,inverse,127,228,000000b9
random8,inverse,127,229,000000ff
random8,inverse,127,230,0000003c
random8,inverse,127,231,0000009c
random8,inverse,127,232,00000095
random8,inverse,127,233,000000a8
random8,inverse,127,234,00000043
random8,inverse,127,235,00000090
random8,inverse,127,236,000000be
random8,inverse,127,237,00000011
random8,inverse,127,238,000000db
random8,inverse,127,239,00000013
random8,inverse,127,240,0000002e
random8,inverse,127,241,00000088
random8,inverse,127,242,00000062
random8,inverse,127,243,00000050
random8,inverse,127,244,000000a1
random8,inverse,127,245,00000017
random8,inverse,127,246,000000f2
random8,inverse,127,247,00000034
random8,inverse,127,248,00000095
random8,inverse,127,249,0000008a
random8,inverse,127,250,00000068
random8,inverse,127,251,0000006a
random8,inverse,127,252,00000044
random8,inverse,127,253,0000006f
random8,inverse,127,254,0000005f
random8,inverse,127,255,00000060
random8,inverse,127,256,000000ab
random8,inverse,127,257,00000010
random8,inverse,127,258,00000035
random8,inverse,127,259,00000040
random8,inverse,127,260,00000086
random8,inverse,127,261,0000007a
random8,inverse,127,262,00000004
random8,inverse,127,263,000000f7
random8,inverse,127,264,00000050
random8,inverse,127,265,00000079
random8,inverse,127,266,000000a9
random8,inverse,127,267,00000031
random8,inverse,127,268,00000046
random8,inverse,127,269,00000099
random8,inverse,127,270,000000bf
random8,inverse,127,271,00000059
random8,inverse,127,272,00000064
random8,inverse,127,273,00000025
random8,inverse,127,274,000000a4
random8,inverse,127,275,0000009c
random8,inverse,127,276,00000066
random8,inverse,127,277,0000002a
random8,inverse,127,278,00000072
random8,inverse,127,279,000000e6
random8,inverse,127,280,000000c8
random8,inverse,127,281,00000074
random8,inverse,127,282,00000006
random8,inverse,127,283,000000e3
random8,inverse,127,284,000000c5
random8,inverse,127,285,0000008e
random8,inverse,127,286,000000fb
random8,inverse,127,287,000000fe
random8,inverse,127,288,0000005a
random8,inverse,127,289,000000c6
random8,inverse,127,290,000000ae
random8,inverse,127,291,00000064
random8,inverse,127,292,00000043
random8,inverse,127,293,00000026
random8,inverse,127,294,0000003c
random8,inverse,127,295,00000001
random8,inverse,127,296,000000fb
random8,inverse,127,297,0000007a
random8,inverse,127,298,0000007e
random8,inverse,127,299,00000081
random8,inverse,127,300,000000bf
random8,inverse,127,301,00000050
random8,inverse,127,302,00000013
random8,inverse,127,303,0000004f
random8,inverse,127,304,0000008b
random8,inverse,127,305,000000f2
random8,inverse,127,306,00000055
random8,inverse,127,307,00000098
random8,inverse,127,308,0000001b
random8,inverse,127,309,0000006d
random8,inverse,127,310,00000062
random8,inverse,127,311,00000048
random8,inverse,127,312,000000eb
random8,inverse,127,313,0000008d
random8,inverse,127,314,00000013
random8,inverse,127,315,0000000b
random8,inverse,127,316,00000036
random8,inverse,127,317,000000de
random8,inverse,127,318,00000007
random8,inverse,127,319,0000004d
random8,inverse,127,320,000000f9
random8,inverse,127,321,000000ab
random8,inverse,127,322,00000098
random8,inverse,127,323,00000039
random8,inverse,127,324,000000ef
random8,inverse,127,325,00000001
random8,inverse,127,326,000000e3
random8,inverse,127,327,000000bc
random8,inverse,127,328,00000096
random8,inverse,127,329,000000ac
random8,inverse,127,330,000000c4
random8,inverse,127,331,00000081
random8,inverse,127,332,00000028
random8,inverse,127,333,00000037
random8,inverse,127,334,000000d7
random8,inverse,127,335,000000f6
random8,inverse,127,336,000000a2
random8,inverse,127,337,000000f0
random8,inverse,127,338,00000077
random8,inverse,127,339,00000045
random8,inverse,127,340,000000c0
random8,inverse,127,341,000000e1
random8,inverse,127,342,000000c1
random8,inverse,127,343,0000005b
random8,inverse,127,344,000000fd
random8,inverse,127,345,000000d7
random8,inverse,127,346,00000091
random8,inverse,127,347,000000e3
random8,inverse,127,348,00000097
random8,inverse,127,349,0000005d
random8,inverse,127,350,00000083
random8,inverse,127,351,0000004b
random8,inverse,127,352,00000088
random8,inverse,127,353,000000c0
random8,inverse,127,354,000000f2
random8,inverse,127,355,000000bd
random8,inverse,127,356,0000008c
random8,inverse,127,357,0000000c
random8,inverse,127,358,000000fb
random8,inverse,127,359,00000026
random8,inverse,127,360,00000021
random8,inverse,127,361,0000000d
random8,inverse,127,362,0000007a
random8,inverse,127,363,00000032
random8,inverse,127,364,00000081
random8,inverse,127,365,0000004f
random8,inverse,127,366,0000000b
random8,inverse,127,367,0000004c
random8,inverse,127,368,000000a9
random8,inverse,127,369,0000001d
random8,inverse,127,370,00000009
random8,inverse,127,371,000000a1
random8,inverse,127,372,00000055
random8,inverse,127,373,00000084
random8,inverse,127,374,00000091
random8,inverse,127,375,0000001d
random8,inverse,127,376,00000000
random8,inverse,127,377,00000050
random8,inverse,127,378,0000007f
random8,inverse,127,379,0000006c
random8,inverse,127,380,000000e7
random8,inverse,127,381,0000000c
random8,inverse,127,382,0000006f
random8,inverse,127,383,000000f9
structured8,forward,191,0,0000008d
structured8,forward,191,1,00000005
structured8,forward,191,2,000000cc
structured8,forward,191,3,00000096
structured8,forward,191,4,0000005f
structured8,forward,191,5,00000023
structured8,forward,191,6,000000ea
structured8,forward,191,7,000000b0
structured8,forward,191,8,00000079
structured8,forward,191,9,000000c9
structured8,forward,191,10,00000090
structured8,forward,191,11,0000005a
structured8,forward,191,12,00000023
structured8,forward,191,13,000000ef
structured8,forward,191,14,000000b6
structured8,forward,191,15,0000007c
structured8,forward,191,16,000000c5
structured8,forward,191,17,0000009d
structured8,forward,191,18,00000054
structured8,forward,191,19,0000002e
structured8,forward,191,20,000000e7
structured8,forward,191,21,000000bb
structured8,forward,191,22,00000072
structured8,forward,191,23,000000c8
structured8,forward,191,24,00000081
structured8,forward,191,25,00000051
structured8,forward,191,26,00000028
structured8,forward,191,27,000000e2
structured8,forward,191,28,000000bb
structured8,forward,191,29,00000077
structured8,forward,191,30,000000ce
structured8,forward,191,31,00000084
structured8,forward,191,32,0000005d
structured8,forward,191,33,00000035
structured8,forward,191,34,000000fc
structured8,forward,191,35,000000a6
structured8,forward,191,36,0000006f
structured8,forward,191,37,000000d3
structured8,forward,191,38,0000009a
structured8,forward,191,39,00000040
structured8,forward,191,40,00000009
structured8,forward,191,41,000000f9
structured8,forward,191,42,000000a0
structured8,forward,191,43,0000006a
structured8,forward,191,44,000000d3
structured8,forward,191,45,0000009f
structured8,forward,191,46,00000046
structured8,forward,191,47,0000000c
structured8,forward,191,48,000000f5
structured8,forward,191,49,000000ad
structured8,forward,191,50,00000064
structured8,forward,191,51,000000de
structured8,forward,191,52,00000097
structured8,forward,191,53,0000004b
structured8,forward,191,54,00000002
structured8,forward,191,55,000000f8
structured8,forward,191,56,000000b1
structured8,forward,191,57,00000061
structured8,forward,191,58,000000d8
structured8,forward,191,59,00000092
structured8,forward,191,60,0000004b
structured8,forward,191,61,00000007
structured8,forward,191,62,000000fe
structured8,forward,191,63,000000b4
structured8,forward,191,64,0000006d
structured8,forward,191,65,00000025
structured8,forward,191,66,0000006c
structured8,forward,191,67,000000b6
structured8,forward,191,68,000000ff
structured8,forward,191,69,00000003
structured8,forward,191,70,0000004a
structured8,forward,191,71,00000090
structured8,forward,191,72,000000d9
structured8,forward,191,73,00000069
structured8,forward,191,74,000000b0
structured8,forward,191,75,000000fa
structured8,forward,191,76,00000003
structured8,forward,191,77,0000004f
structured8,forward,191,78,00000096
structured8,forward,191,79,000000dc
structured8,forward,191,80,00000065
structured8,forward,191,81,000000bd
structured8,forward,191,82,000000f4
structured8,forward,191,83,0000000e
structured8,forward,191,84,00000047
structured8,forward,191,85,0000009b
structured8,forward,191,86,000000d2
structured8,forward,191,87,00000068
structured8,forward,191,88,000000a1
structured8,forward,191,89,000000f1
structured8,forward,191,90,00000008
structured8,forward,191,91,00000042
structured8,forward,191,92,0000009b
structured8,forward,191,93,000000d7
structured8,forward,191,94,0000006e
structured8,forward,191,95,000000a4
structured8,forward,191,96,000000fd
structured8,forward,191,97,00000015
structured8,forward,191,98,0000005c
structured8,forward,191,99,00000086
structured8,forward,191,100,000000cf
structured8,forward,191,101,00000073
structured8,forward,191,102,000000ba
structured8,forward,191,103,000000e0
structured8,forward,191,104,00000029
structured8,forward,191,105,00000059
structured8,forward,191,106,00000080
structured8,forward,191,107,000000ca
structured8,forward,191,108,00000073
structured8,forward,191,109,000000bf
structured8,forward,191,110,000000e6
structured8,forward,191,111,0000002c
structured8,forward,191,112,00000055
structured8,forward,191,113,0000008d
structured8,forward,191,114,000000c4
structured8,forward,191,115,0000007e
structured8,forward,191,116,000000b7
structured8,forward,191,117,000000eb
structured8,forward,191,118,00000022
structured8,forward,191,119,00000058
structured8,forward,191,120,00000091
structured8,forward,191,121,000000c1
structured8,forward,191,122,00000078
structured8,forward,191,123,000000b2
structured8,forward,191,124,000000eb
structured8,forward,191,125,00000027
structured8,forward,191,126,0000005e
structured8,forward,191,127,00000094
structured8,forward,191,128,000000cd
structured8,forward,191,129,00000045
structured8,forward,191,130,0000008c
structured8,forward,191,131,000000d6
structured8,forward,191,132,0000001f
structured8,forward,191,133,00000063
structured8,forward,191,134,000000aa
structured8,forward,191,135,000000f0
structured8,forward,191,136,00000039
structured8,forward,191,137,00000089
structured8,forward,191,138,000000d0
structured8,forward,191,139,0000001a
structured8,forward,191,140,00000063
structured8,forward,191,141,000000af
structured8,forward,191,142,000000f6
structured8,forward,191,143,0000003c
structured8,forward,191,144,00000085
structured8,forward,191,145,000000dd
structured8,forward,191,146,00000014
structured8,forward,191,147,0000006e
structured8,forward,191,148,000000a7
structured8,forward,191,149,000000fb
structured8,forward,191,150,00000032
structured8,forward,191,151,00000088
structured8,forward,191,152,000000c1
structured8,forward,191,153,00000011
structured8,forward,191,154,00000068
structured8,forward,191,155,000000a2
structured8,forward,191,156,000000fb
structured8,forward,191,157,00000037
structured8,forward,191,158,0000008e
structured8,forward,191,159,000000c4
structured8,forward,191,160,0000001d
structured8,forward,191,161,00000075
structured8,forward,191,162,000000bc
structured8,forward,191,163,000000e6
structured8,forward,191,164,0000002f
structured8,forward,191,165,00000093
structured8,forward,191,166,000000da
structured8,forward,191,167,00000000
structured8,forward,191,168,00000049
structured8,forward,191,169,000000b9
structured8,forward,191,170,000000e0
structured8,forward,191,171,0000002a
structured8,forward,191,172,00000093
structured8,forward,191,173,000000df
structured8,forward,191,174,00000006
structured8,forward,191,175,0000004c
structured8,forward,191,176,000000b5
structured8,forward,191,177,000000ed
structured8,forward,191,178,00000024
structured8,forward,191,179,0000009e
structured8,forward,191,180,000000d7
structured8,forward,191,181,0000000b
structured8,forward,191,182,00000042
structured8,forward,191,183,000000b8
structured8,forward,191,184,000000f1
structured8,forward,191,185,00000021
structured8,forward,191,186,00000098
structured8,forward,191,187,000000d2
structured8,forward,191,188,0000000b
structured8,forward,191,189,00000047
structured8,forward,191,190,000000be
structured8,forward,191,191,000000f4
structured8,forward,191,192,0000002d
structured8,forward,191,193,000000a5
structured8,forward,191,194,000000ec
structured8,forward,191,195,00000036
structured8,forward,191,196,0000007f
structured8,forward,191,197,00000083
structured8,forward,191,198,000000ca
structured8,forward,191,199,00000010
structured8,forward,191,200,00000059
structured8,forward,191,201,000000e9
structured8,forward,191,202,00000030
structured8,forward,191,203,0000007a
structured8,forward,191,204,00000083
structured8,forward,191,205,000000cf
structured8,forward,191,206,00000016
structured8,forward,191,207,0000005c
structured8,forward,191,208,000000e5
structured8,forward,191,209,0000003d
structured8,forward,191,210,00000074
structured8,forward,191,211,0000008e
structured8,forward,191,212,000000c7
structured8,forward,191,213,0000001b
structured8,forward,191,214,00000052
structured8,forward,191,215,000000e8
structured8,forward,191,216,00000021
structured8,forward,191,217,00000071
structured8,forward,191,218,00000088
structured8,forward,191,219,000000c2
structured8,forward,191,220,0000001b
structured8,forward,191,221,00000057
structured8,forward,191,222,000000ee
structured8,forward,191,223,00000024
structured8,forward,191,224,0000007d
structured8,forward,191,225,00000095
structured8,forward,191,226,000000dc
structured8,forward,191,227,00000006
structured8,forward,191,228,0000004f
structured8,forward,191,229,000000f3
structured8,forward,191,230,0000003a
structured8,forward,191,231,00000060
structured8,forward,191,232,000000a9
structured8,forward,191,233,000000d9
structured8,forward,191,234,00000000
structured8,forward,191,235,0000004a
structured8,forward,191,236,000000f3
structured8,forward,191,237,0000003f
structured8,forward,191,238,00000066
structured8,forward,191,239,000000ac
structured8,forward,191,240,000000d5
structured8,forward,191,241,0000000d
structured8,forward,191,242,00000044
structured8,forward,191,243,000000fe
structured8,forward,191,244,00000037
structured8,forward,191,245,0000006b
structured8,forward,191,246,000000a2
structured8,forward,191,247,000000d8
structured8,forward,191,248,00000011
structured8,forward,191,249,00000041
structured8,forward,191,250,000000f8
structured8,forward,191,251,00000032
structured8,forward,191,252,0000006b
structured8,forward,191,253,000000a7
structured8,forward,191,254,000000de
structured8,forward,191,255,00000014
structured8,forward,191,256,0000004d
structured8,forward,191,257,000000c5
structured8,forward,191,258,0000000c
structured8,forward,191,259,00000056
structured8,forward,191,260,0000009f
structured8,forward,191,261,000000e3
structured8,forward,191,262,0000002a
structured8,forward,191,263,00000070
structured8,forward,191,264,000000b9
structured8,forward,191,265,00000009
structured8,forward,191,266,00000050
structured8,forward,191,267,0000009a
structured8,forward,191,268,000000e3
structured8,forward,191,269,0000002f
structured8,forward,191,270,00000076
structured8,forward,191,271,000000bc
structured8,forward,191,272,00000005
structured8,forward,191,273,0000005d
structured8,forward,191,274,00000094
structured8,forward,191,275,000000ee
structured8,forward,191,276,00000027
structured8,forward,191,277,0000007b
structured8,forward,191,278,000000b2
structured8,forward,191,279,00000008
structured8,forward,191,280,00000041
structured8,forward,191,281,00000091
structured8,forward,191,282,000000e8
structured8,forward,191,283,00000022
structured8,forward,191,284,0000007b
structured8,forward,191,285,000000b7
structured8,forward,191,286,0000000e
structured8,forward,191,287,00000044
structured8,forward,191,288,0000009d
structured8,forward,191,289,000000f5
structured8,forward,191,290,0000003c
structured8,forward,191,291,00000066
structured8,forward,191,292,000000af
structured8,forward,191,293,00000013
structured8,forward,191,294,0000005a
structured8,forward,191,295,00000080
structured8,forward,191,296,000000c9
structured8,forward,191,297,00000039
structured8,forward,191,298,00000060
structured8,forward,191,299,000000aa
structured8,forward,191,300,00000013
structured8,forward,191,301,0000005f
structured8,forward,191,302,00000086
structured8,forward,191,303,000000cc
structured8,forward,191,304,00000035
structured8,forward,191,305,0000006d
structured8,forward,191,306,000000a4
structured8,forward,191,307,0000001e
structured8,forward,191,308,00000057
structured8,forward,191,309,0000008b
structured8,forward,191,310,000000c2
structured8,forward,191,311,00000038
structured8,forward,191,312,00000071
structured8,forward,191,313,000000a1
structured8,forward,191,314,00000018
structured8,forward,191,315,00000052
structured8,forward,191,316,0000008b
structured8,forward,191,317,000000c7
structured8,forward,191,318,0000003e
structured8,forward,191,319,00000074
structured8,forward,191,320,000000ad
structured8,forward,191,321,00000065
structured8,forward,191,322,0000002c
structured8,forward,191,323,000000f6
structured8,forward,191,324,000000bf
structured8,forward,191,325,00000043
structured8,forward,191,326,0000000a
structured8,forward,191,327,000000d0
structured8,forward,191,328,00000099
structured8,forward,191,329,00000029
structured8,forward,191,330,000000f0
structured8,forward,191,331,000000ba
structured8,forward,191,332,00000043
structured8,forward,191,333,0000000f
structured8,forward,191,334,000000d6
structured8,forward,191,335,0000009c
structured8,forward,191,336,00000025
structured8,forward,191,337,000000fd
structured8,forward,191,338,000000b4
structured8,forward,191,339,0000004e
structured8,forward,191,340,00000007
structured8,forward,191,341,000000db
structured8,forward,191,342,00000092
structured8,forward,191,343,00000028
structured8,forward,191,344,000000e1
structured8,forward,191,345,000000b1
structured8,forward,191,346,00000048
structured8,forward,191,347,00000002
structured8,forward,191,348,000000db
structured8,forward,191,349,00000097
structured8,forward,191,350,0000002e
structured8,forward,191,351,000000e4
structured8,forward,191,352,000000bd
structured8,forward,191,353,00000055
structured8,forward,191,354,0000001c
structured8,forward,191,355,000000c6
structured8,forward,191,356,0000008f
structured8,forward,191,357,00000033
structured8,forward,191,358,000000fa
structured8,forward,191,359,000000a0
structured8,forward,191,360,00000069
structured8,forward,191,361,00000019
structured8,forward,191,362,000000c0
structured8,forward,191,363,0000008a
structured8,forward,191,364,00000033
structured8,forward,191,365,000000ff
structured8,forward,191,366,000000a6
structured8,forward,191,367,0000006c
structured8,forward,191,368,00000015
structured8,forward,191,369,000000cd
structured8,forward,191,370,00000084
structured8,forward,191,371,0000003e
structured8,forward,191,372,000000f7
structured8,forward,191,373,000000ab
structured8,forward,191,374,00000062
structured8,forward,191,375,00000018
structured8,forward,191,376,000000d1
structured8,forward,191,377,00000081
structured8,forward,191,378,00000038
structured8,forward,191,379,000000f2
structured8,forward,191,380,000000ab
structured8,forward,191,381,00000067
structured8,forward,191,382,0000001e
structured8,forward,191,383,000000d4
structured8,inverse,191,0,000000cc
structured8,inverse,191,1,00000096
structured8,inverse,191,2,0000005f
structured8,inverse,191,3,00000023
structured8,inverse,191,4,000000ea
structured8,inverse,191,5,000000b0
structured8,inverse,191,6,00000079
structured8,inverse,191,7,000000c9
structured8,inverse,191,8,00000090
structured8,inverse,191,9,0000005a
structured8,inverse,191,10,00000023
structured8,inverse,191,11,000000ef
structured8,inverse,191,12,000000b6
structured8,inverse,191,13,0000007c
structured8,inverse,191,14,000000c5
structured8,inverse,191,15,0000009d
structured8,inverse,191,16,00000054
structured8,inverse,191,17,0000002e
structured8,inverse,191,18,000000e7
structured8,inverse,191,19,000000bb
structured8,inverse,191,20,00000072
structured8,inverse,191,21,000000c8
structured8,inverse,191,22,00000081
structured8,inverse,191,23,00000051
structured8,inverse,191,24,00000028
structured8,inverse,191,25,000000e2
structured8,inverse,191,26,000000bb
structured8,inverse,191,27,00000077
structured8,inverse,191,28,000000ce
structured8,inverse,191,29,00000084
structured8,inverse,191,30,0000005d
structured8,inverse,191,31,00000035
structured8,inverse,191,32,000000fc
structured8,inverse,191,33,000000a6
structured8,inverse,191,34,0000006f
structured8,inverse,191,35,000000d3
structured8,inverse,191,36,0000009a
structured8,inverse,191,37,00000040
structured8,inverse,191,38,00000009
structured8,inverse,191,39,000000f9
structured8,inverse,191,40,000000a0
structured8,inverse,191,41,0000006a
structured8,inverse,191,42,000000d3
structured8,inverse,191,43,0000009f
structured8,inverse,191,44,00000046
structured8,inverse,191,45,0000000c
structured8,inverse,191,46,000000f5
structured8,inverse,191,47,000000ad
structured8,inverse,191,48,00000064
structured8,inverse,191,49,000000de
structured8,inverse,191,50,00000097
structured8,inverse,191,51,0000004b
structured8,inverse,191,52,00000002
structured8,inverse,191,53,000000f8
structured8,inverse,191,54,000000b1
structured8,inverse,191,55,00000061
structured8,inverse,191,56,000000d8
structured8,inverse,191,57,00000092
structured8,inverse,191,58,0000004b
structured8,inverse,191,59,00000007
structured8,inverse,191,60,000000fe
structured8,inverse,191,61,000000b4
structured8,inverse,191,62,0000006d
structured8,inverse,191,63,00000025
structured8,inverse,191,64,0000006c
structured8,inverse,191,65,000000b6
structured8,inverse,191,66,000000ff
structured8,inverse,191,67,00000003
structured8,inverse,191,68,0000004a
structured8,inverse,191,69,00000090
structured8,inverse,191,70,000000d9
structured8,inverse,191,71,00000069
structured8,inverse,191,72,000000b0
structured8,inverse,191,73,000000fa
structured8,inverse,191,74,00000003
structured8,inverse,191,75,0000004f
structured8,inverse,191,76,00000096
structured8,inverse,191,77,000000dc
structured8,inverse,191,78,00000065
structured8,inverse,191,79,000000bd
structured8,inverse,191,80,000000f4
structured8,inverse,191,81,0000000e
structured8,inverse,191,82,00000047
structured8,inverse,191,83,0000009b
structured8,inverse,191,84,000000d2
structured8,inverse,191,85,00000068
structured8,inverse,191,86,000000a1
structured8,inverse,191,87,000000f1
structured8,inverse,191,88,00000008
structured8,inverse,191,89,00000042
structured8,inverse,191,90,0000009b
structured8,inverse,191,91,000000d7
structured8,inverse,191,92,0000006e
structured8,inverse,191,93,000000a4
structured8,inverse,191,94,000000fd
structured8,inverse,191,95,00000015
structured8,inverse,191,96,0000005c
structured8,inverse,191,97,00000086
structured8,inverse,191,98,000000cf
structured8,inverse,191,99,00000073
structured8,inverse,191,100,000000ba
structured8,inverse,191,101,000000e0
structured8,inverse,191,102,00000029
structured8,inverse,191,103,00000059
structured8,inverse,191,104,00000080
structured8,inverse,191,105,000000ca
structured8,inverse,191,106,00000073
structured8,inverse,191,107,000000bf
structured8,inverse,191,108,000000e6
structured8,inverse,191,109,0000002c
structured8,inverse,191,110,00000055
structured8,inverse,191,111,0000008d
structured8,inverse,191,112,000000c4
structured8,inverse,191,113,0000007e
structured8,inverse,191,114,000000b7
structured8,inverse,191,115,000000eb
structured8,inverse,191,116,00000022
structured8,inverse,191,117,00000058
structured8,inverse,191,118,00000091
structured8,inverse,191,119,000000c1
structured8,inverse,191,120,00000078
structured8,inverse,191,121,000000b2
structured8,inverse,191,122,000000eb
structured8,inverse,191,123,00000027
structured8,inverse,191,124,0000005e
structured8,inverse,191,125,00000094
structured8,inverse,191,126,000000cd
structured8,inverse,191,127,00000045
structured8,inverse,191,128,0000008c
structured8,inverse,191,129,000000d6
structured8,inverse,191,130,0000001f
structured8,inverse,191,131,00000063
structured8,inverse,191,132,000000aa
structured8,inverse,191,133,000000f0
structured8,inverse,191,134,00000039
structured8,inverse,191,135,00000089
structured8,inverse,191,136,000000d0
structured8,inverse,191,137,0000001a
structured8,inverse,191,138,00000063
structured8,inverse,191,139,000000af
structured8,inverse,191,140,000000f6
structured8,inverse,191,141,0000003c
structured8,inverse,191,142,00000085
structured8,inverse,191,143,000000dd
structured8,inverse,191,144,00000014
structured8,inverse,191,145,0000006e
structured8,inverse,191,146,000000a7
structured8,inverse,191,147,000000fb
structured8,inverse,191,148,00000032
structured8,inverse,191,149,00000088
structured8,inverse,191,150,000000c1
structured8,inverse,191,151,00000011
structured8,inverse,191,152,00000068
structured8,inverse,191,153,000000a2
structured8,inverse,191,154,000000fb
structured8,inverse,191,155,00000037
structured8,inverse,191,156,0000008e
structured8,inverse,191,157,000000c4
structured8,inverse,191,158,0000001d
structured8,inverse,191,159,00000075
structured8,inverse,191,160,000000bc
structured8,inverse,191,161,000000e6
structured8,inverse,191,162,0000002f
structured8,inverse,191,163,00000093
structured8,inverse,191,164,000000da
structured8,inverse,191,165,00000000
structured8,inverse,191,166,00000049
structured8,inverse,191,167,000000b9
structured8,inverse,191,168,000000e0
structured8,inverse,191,169,0000002a
structured8,inverse,191,170,00000093
structured8,inverse,191,171,000000df
structured8,inverse,191,172,00000006
structured8,inverse,191,173,0000004c
structured8,inverse,191,174,000000b5
structured8,inverse,191,175,000000ed
structured8,inverse,191,176,00000024
structured8,inverse,191,177,0000009e
structured8,inverse,191,178,000000d7
structured8,inverse,191,179,0000000b
structured8,inverse,191,180,00000042
structured8,inverse,191,181,000000b8
structured8,inverse,191,182,000000f1
structured8,inverse,191,183,00000021
structured8,inverse,191,184,00000098
structured8,inverse,191,185,000000d2
structured8,inverse,191,186,0000000b
structured8,inverse,191,187,00000047
structured8,inverse,191,188,000000be
structured8,inverse,191,189,000000f4
structured8,inverse,191,190,0000002d
structured8,inverse,191,191,000000a5
structured8,inverse,191,192,000000ec
structured8,inverse,191,193,00000036
structured8,inverse,191,194,0000007f
structured8,inverse,191,195,00000083
structured8,inverse,191,196,000000ca
structured8,inverse,191,197,00000010
structured8,inverse,191,198,00000059
structured8,inverse,191,199,000000e9
structured8,inverse,191,200,00000030
structured8,inverse,191,201,0000007a
structured8,inverse,191,202,00000083
structured8,inverse,191,203,000000cf
structured8,inverse,191,204,00000016
structured8,inverse,191,205,0000005c
structured8,inverse,191,206,000000e5
structured8,inverse,191,207,0000003d
structured8,inverse,191,208,00000074
structured8,inverse,191,209,0000008e
structured8,inverse,191,210,000000c7
structured8,inverse,191,211,0000001b
structured8,inverse,191,212,00000052
structured8,inverse,191,213,000000e8
structured8,inverse,191,214,00000021
structured8,inverse,191,215,00000071
structured8,inverse,191,216,00000088
structured8,inverse,191,217,000000c2
structured8,inverse,191,218,0000001b
structured8,inverse,191,219,00000057
structured8,inverse,191,220,000000ee
structured8,inverse,191,221,00000024
structured8,inverse,191,222,0000007d
structured8,inverse,191,223,00000095
structured8,inverse,191,224,000000dc
structured8,inverse,191,225,00000006
structured8,inverse,191,226,0000004f
structured8,inverse,191,227,000000f3
structured8,inverse,191,228,0000003a
structured8,inverse,191,229,00000060
structured8,inverse,191,230,000000a9
structured8,inverse,191,231,000000d9
structured8,inverse,191,232,00000000
structured8,inverse,191,233,0000004a
structured8,inverse,191,234,000000f3
structured8,inverse,191,235,0000003f
structured8,inverse,191,236,00000066
structured8,inverse,191,237,000000ac
structured8,inverse,191,238,000000d5
structured8,inverse,191,239,0000000d
structured8,inverse,191,240,00000044
structured8,inverse,191,241,000000fe
structured8,inverse,191,242,00000037
structured8,inverse,191,243,0000006b
structured8,inverse,191,244,000000a2
structured8,inverse,191,245,000000d8
structured8,inverse,191,246,00000011
structured8,inverse,191,247,00000041
structured8,inverse,191,248,000000f8
structured8,inverse,191,249,00000032
structured8,inverse,191,250,0000006b
structured8,inverse,191,251,000000a7
structured8,inverse,191,252,000000de
structured8,inverse,191,253,00000014
structured8,inverse,191,254,0000004d
structured8,inverse,191,255,000000c5
structured8,inverse,191,256,0000000c
structured8,inverse,191,257,00000056
structured8,inverse,191,258,0000009f
structured8,inverse,191,259,000000e3
structured8,inverse,191,260,0000002a
structured8,inverse,191,261,00000070
structured8,inverse,191,262,000000b9
structured8,inverse,191,263,00000009
structured8,inverse,191,264,00000050
structured8,inverse,191,265,0000009a
structured8,inverse,191,266,000000e3
structured8,inverse,191,267,0000002f
structured8,inverse,191,268,00000076
structured8,inverse,191,269,000000bc
structured8,inverse,191,270,00000005
structured8,inverse,191,271,0000005d
structured8,inverse,191,272,00000094
structured8,inverse,191,273,000000ee
structured8,inverse,191,274,00000027
structured8,inverse,191,275,0000007b
structured8,inverse,191,276,000000b2
structured8,inverse,191,277,00000008
structured8,inverse,191,278,00000041
structured8,inverse,191,279,00000091
structured8,inverse,191,280,000000e8
structured8,inverse,191,281,00000022
structured8,inverse,191,282,0000007b
structured8,inverse,191,283,000000b7
structured8,inverse,191,284,0000000e
structured8,inverse,191,285,00000044
structured8,inverse,191,286,0000009d
structured8,inverse,191,287,000000f5
structured8,inverse,191,288,0000003c
structured8,inverse,191,289,00000066
structured8,inverse,191,290,000000af
structured8,inverse,191,291,00000013
structured8,inverse,191,292,0000005a
structured8,inverse,191,293,00000080
structured8,inverse,191,294,000000c9
structured8,inverse,191,295,00000039
structured8,inverse,191,296,00000060
structured8,inverse,191,297,000000aa
structured8,inverse,191,298,00000013
structured8,inverse,191,299,0000005f
structured8,inverse,191,300,00000086
structured8,inverse,191,301,000000cc
structured8,inverse,191,302,00000035
structured8,inverse,191,303,0000006d
structured8,inverse,191,304,000000a4
structured8,inverse,191,305,0000001e
structured8,inverse,191,306,00000057
structured8,inverse,191,307,0000008b
structured8,inverse,191,308,000000c2
structured8,inverse,191,309,00000038
structured8,inverse,191,310,00000071
structured8,inverse,191,311,000000a1
structured8,inverse,191,312,00000018
structured8,inverse,191,313,00000052
structured8,inverse,191,314,0000008b
structured8,inverse,191,315,000000c7
structured8,inverse,191,316,0000003e
structured8,inverse,191,317,00000074
structured8,inverse,191,318,000000ad
structured8,inverse,191,319,00000065
structured8,inverse,191,320,0000002c
structured8,inverse,191,321,000000f6
structured8,inverse,191,322,000000bf
structured8,inverse,191,323,00000043
structured8,inverse,191,324,0000000a
structured8,inverse,191,325,000000d0
structured8,inverse,191,326,00000099
structured8,inverse,191,327,00000029
structured8,inverse,191,328,000000f0
structured8,inverse,191,329,000000ba
structured8,inverse,191,330,00000043
structured8,inverse,191,331,0000000f
structured8,inverse,191,332,000000d6
structured8,inverse,191,333,0000009c
structured8,inverse,191,334,00000025
structured8,inverse,191,335,000000fd
structured8,inverse,191,336,000000b4
structured8,inverse,191,337,0000004e
structured8,inverse,191,338,00000007
structured8,inverse,191,339,000000db
structured8,inverse,191,340,00000092
structured8,inverse,191,341,00000028
structured8,inverse,191,342,000000e1
structured8,inverse,191,343,000000b1
structured8,inverse,191,344,00000048
structured8,inverse,191,345,00000002
structured8,inverse,191,346,000000db
structured8,inverse,191,347,00000097
structured8,inverse,191,348,0000002e
structured8,inverse,191,349,000000e4
structured8,inverse,191,350,000000bd
structured8,inverse,191,351,00000055
structured8,inverse,191,352,0000001c
structured8,inverse,191,353,000000c6
structured8,inverse,191,354,0000008f
structured8,inverse,191,355,00000033
structured8,inverse,191,356,000000fa
structured8,inverse,191,357,000000a0
structured8,inverse,191,358,00000069
structured8,inverse,191,359,00000019
structured8,inverse,191,360,000000c0
structured8,inverse,191,361,0000008a
structured8,inverse,191,362,00000033
structured8,inverse,191,363,000000ff
structured8,inverse,191,364,000000a6
structured8,inverse,191,365,0000006c
structured8,inverse,191,366,00000015
structured8,inverse,191,367,000000cd
structured8,inverse,191,368,00000084
structured8,inverse,191,369,0000003e
structured8,inverse,191,370,000000f7
structured8,inverse,191,371,000000ab
structured8,inverse,191,372,00000062
structured8,inverse,191,373,00000018
structured8,inverse,191,374,000000d1
structured8,inverse,191,375,00000081
structured8,inverse,191,376,00000038
structured8,inverse,191,377,000000f2
structured8,inverse,191,378,000000ab
structured8,inverse,191,379,00000067
structured8,inverse,191,380,0000001e
structured8,inverse,191,381,000000d4
structured8,inverse,191,382,0000008d
structured8,inverse,191,383,00000005
random8,forward,191,0,00000007
random8,forward,191,1,0000004d
random8,forward,191,2,000000f9
random8,forward,191,3,000000ab
random8,forward,191,4,00000098
random8,forward,191,5,00000039
random8,forward,191,6,000000ef
random8,forward,191,7,00000001
random8,forward,191,8,000000e3
random8,forward,191,9,000000bc
random8,forward,191,10,00000096
random8,forward,191,11,000000ac
random8,forward,191,12,000000c4
random8,forward,191,13,00000081
random8,forward,191,14,00000028
random8,forward,191,15,00000037
random8,forward,191,16,000000d7
random8,forward,191,17,000000f6
random8,forward,191,18,000000a2
random8,forward,191,19,000000f0
random8,forward,191,20,00000077
random8,forward,191,21,00000045
random8,forward,191,22,000000c0
random8,forward,191,23,000000e1
random8,forward,191,24,000000c1
random8,forward,191,25,0000005b
random8,forward,191,26,000000fd
random8,forward,191,27,000000d7
random8,forward,191,28,00000091
random8,forward,191,29,000000e3
random8,forward,191,30,00000097
random8,forward,191,31,0000005d
random8,forward,191,32,00000083
random8,forward,191,33,0000004b
random8,forward,191,34,00000088
random8,forward,191,35,000000c0
random8,forward,191,36,000000f2
random8,forward,191,37,000000bd
random8,forward,191,38,0000008c
random8,forward,191,39,0000000c
random8,forward,191,40,000000fb
random8,forward,191,41,00000026
random8,forward,191,42,00000021
random8,forward,191,43,0000000d
random8,forward,191,44,0000007a
random8,forward,191,45,00000032
random8,forward,191,46,00000081
random8,forward,191,47,0000004f
random8,forward,191,48,0000000b
random8,forward,191,49,0000004c
random8,forward,191,50,000000a9
random8,forward,191,51,0000001d
random8,forward,191,52,00000009
random8,forward,191,53,000000a1
random8,forward,191,54,00000055
random8,forward,191,55,00000084
random8,forward,191,56,00000091
random8,forward,191,57,0000001d
random8,forward,191,58,00000000
random8,forward,191,59,00000050
random8,forward,191,60,0000007f
random8,forward,191,61,0000006c
random8,forward,191,62,000000e7
random8,forward,191,63,0000000c
random8,forward,191,64,0000006f
random8,forward,191,65,000000f9
random8,forward,191,66,00000006
random8,forward,191,67,00000006
random8,forward,191,68,000000bc
random8,forward,191,69,000000f1
random8,forward,191,70,00000019
random8,forward,191,71,00000048
random8,forward,191,72,00000083
random8,forward,191,73,00000040
random8,forward,191,74,0000009c
random8,forward,191,75,0000009f
random8,forward,191,76,000000a0
random8,forward,191,77,00000092
random8,forward,191,78,000000ca
random8,forward,191,79,00000096
random8,forward,191,80,000000af
random8,forward,191,81,00000052
random8,forward,191,82,000000a0
random8,forward,191,83,0000007a
random8,forward,191,84,0000000b
random8,forward,191,85,000000ae
random8,forward,191,86,000000da
random8,forward,191,87,00000057
random8,forward,191,88,000000d1
random8,forward,191,89,00000090
random8,forward,191,90,000000f3
random8,forward,191,91,000000f9
random8,forward,191,92,000000dd
random8,forward,191,93,000000a4
random8,forward,191,94,00000028
random8,forward,191,95,000000ec
random8,forward,191,96,000000cb
random8,forward,191,97,00000058
random8,forward,191,98,00000075
random8,forward,191,99,0000007b
random8,forward,191,100,000000f6
random8,forward,191,101,000000d6
random8,forward,191,102,00000096
random8,forward,191,103,000000b3
random8,forward,191,104,0000007b
random8,forward,191,105,0000000b
random8,forward,191,106,00000007
random8,forward,191,107,00000060
random8,forward,191,108,00000036
random8,forward,191,109,000000a2
random8,forward,191,110,00000003
random8,forward,191,111,0000000e
random8,forward,191,112,000000c3
random8,forward,191,113,00000009
random8,forward,191,114,00000087
random8,forward,191,115,00000008
random8,forward,191,116,0000007d
random8,forward,191,117,0000006a
random8,forward,191,118,0000004f
random8,forward,191,119,0000005b
random8,forward,191,120,00000081
random8,forward,191,121,000000b2
random8,forward,191,122,000000d6
random8,forward,191,123,000000d3
random8,forward,191,124,000000ab
random8,forward,191,125,0000008d
random8,forward,191,126,00000059
random8,forward,191,127,000000fb
random8,forward,191,128,00000097
random8,forward,191,129,00000066
random8,forward,191,130,000000d4
random8,forward,191,131,00000020
random8,forward,191,132,000000a0
random8,forward,191,133,0000006a
random8,forward,191,134,00000003
random8,forward,191,135,0000004f
random8,forward,191,136,000000e3
random8,forward,191,137,00000085
random8,forward,191,138,00000061
random8,forward,191,139,00000051
random8,forward,191,140,0000003c
random8,forward,191,141,00000063
random8,forward,191,142,0000002c
random8,forward,191,143,000000b5
random8,forward,191,144,00000046
random8,forward,191,145,0000006f
random8,forward,191,146,0000005e
random8,forward,191,147,000000c5
random8,forward,191,148,0000005f
random8,forward,191,149,000000d6
random8,forward,191,150,000000b3
random8,forward,191,151,0000008e
random8,forward,191,152,000000a1
random8,forward,191,153,00000084
random8,forward,191,154,000000a9
random8,forward,191,155,000000dc
random8,forward,191,156,000000e9
random8,forward,191,157,00000025
random8,forward,191,158,0000007a
random8,forward,191,159,0000003b
random8,forward,191,160,000000d2
random8,forward,191,161,00000024
random8,forward,191,162,00000023
random8,forward,191,163,000000f6
random8,forward,191,164,000000ba
random8,forward,191,165,000000af
random8,forward,191,166,00000060
random8,forward,191,167,0000001a
random8,forward,191,168,000000bb
random8,forward,191,169,000000af
random8,forward,191,170,000000ac
random8,forward,191,171,00000073
random8,forward,191,172,000000b2
random8,forward,191,173,000000d3
random8,forward,191,174,00000045
random8,forward,191,175,0000008c
random8,forward,191,176,0000003a
random8,forward,191,177,00000086
random8,forward,191,178,00000025
random8,forward,191,179,000000b3
random8,forward,191,180,000000b1
random8,forward,191,181,000000f3
random8,forward,191,182,00000008
random8,forward,191,183,000000f2
random8,forward,191,184,00000031
random8,forward,191,185,00000007
random8,forward,191,186,0000006c
random8,forward,191,187,00000015
random8,forward,191,188,00000097
random8,forward,191,189,0000006d
random8,forward,191,190,0000008b
random8,forward,191,191,000000aa
random8,forward,191,192,0000007e
random8,forward,191,193,000000c6
random8,forward,191,194,0000004f
random8,forward,191,195,0000001b
random8,forward,191,196,000000ad
random8,forward,191,197,0000008e
random8,forward,191,198,000000f2
random8,forward,191,199,000000ad
random8,forward,191,200,00000084
random8,forward,191,201,000000ad
random8,forward,191,202,00000005
random8,forward,191,203,00000054
random8,forward,191,204,000000b1
random8,forward,191,205,000000cf
random8,forward,191,206,000000c3
random8,forward,191,207,0000009b
random8,forward,191,208,000000d0
random8,forward,191,209,0000005f
random8,forward,191,210,00000029
random8,forward,191,211,000000cf
random8,forward,191,212,0000003c
random8,forward,191,213,0000008b
random8,forward,191,214,000000f3
random8,forward,191,215,000000fc
random8,forward,191,216,00000012
random8,forward,191,217,0000003d
random8,forward,191,218,0000009c
random8,forward,191,219,000000ee
random8,forward,191,220,0000002e
random8,forward,191,221,00000021
random8,forward,191,222,00000061
random8,forward,191,223,00000031
random8,forward,191,224,0000002c
random8,forward,191,225,000000a5
random8,forward,191,226,0000003e
random8,forward,191,227,00000010
random8,forward,191,228,00000067
random8,forward,191,229,000000f3
random8,forward,191,230,000000ef
random8,forward,191,231,00000098
random8,forward,191,232,000000fc
random8,forward,191,233,000000f8
random8,forward,191,234,000000f0
random8,forward,191,235,00000095
random8,forward,191,236,000000c7
random8,forward,191,237,0000005f
random8,forward,191,238,0000007c
random8,forward,191,239,00000093
random8,forward,191,240,00000064
random8,forward,191,241,00000096
random8,forward,191,242,00000090
random8,forward,191,243,000000dd
random8,forward,191,244,0000002e
random8,forward,191,245,000000c7
random8,forward,191,246,000000e8
random8,forward,191,247,00000080
random8,forward,191,248,00000042
random8,forward,191,249,000000df
random8,forward,191,250,000000ff
random8,forward,191,251,00000048
random8,forward,191,252,0000007c
random8,forward,191,253,0000008a
random8,forward,191,254,00000012
random8,forward,191,255,000000c0
random8,forward,191,256,00000078
random8,forward,191,257,00000033
random8,forward,191,258,0000001d
random8,forward,191,259,00000035
random8,forward,191,260,00000091
random8,forward,191,261,00000007
random8,forward,191,262,000000dc
random8,forward,191,263,000000b4
random8,forward,191,264,000000e4
random8,forward,191,265,000000f2
random8,forward,191,266,000000ca
random8,forward,191,267,00000006
random8,forward,191,268,0000004d
random8,forward,191,269,000000a0
random8,forward,191,270,00000025
random8,forward,191,271,000000ba
random8,forward,191,272,00000067
random8,forward,191,273,0000007c
random8,forward,191,274,000000e7
random8,forward,191,275,0000001a
random8,forward,191,276,00000090
random8,forward,191,277,000000b3
random8,forward,191,278,000000cc
random8,forward,191,279,00000033
random8,forward,191,280,000000e2
random8,forward,191,281,00000031
random8,forward,191,282,00000052
random8,forward,191,283,000000d1
random8,forward,191,284,0000003a
random8,forward,191,285,000000a2
random8,forward,191,286,000000b3
random8,forward,191,287,00000080
random8,forward,191,288,00000033
random8,forward,191,289,00000071
random8,forward,191,290,000000ec
random8,forward,191,291,0000008b
random8,forward,191,292,0000002b
random8,forward,191,293,000000cc
random8,forward,191,294,000000b9
random8,forward,191,295,000000ff
random8,forward,191,296,0000003c
random8,forward,191,297,0000009c
random8,forward,191,298,00000095
random8,forward,191,299,000000a8
random8,forward,191,300,00000043
random8,forward,191,301,00000090
random8,forward,191,302,000000be
random8,forward,191,303,00000011
random8,forward,191,304,000000db
random8,forward,191,305,00000013
random8,forward,191,306,0000002e
random8,forward,191,307,00000088
random8,forward,191,308,00000062
random8,forward,191,309,00000050
random8,forward,191,310,000000a1
random8,forward,191,311,00000017
random8,forward,191,312,000000f2
random8,forward,191,313,00000034
random8,forward,191,314,00000095
random8,forward,191,315,0000008a
random8,forward,191,316,00000068
random8,forward,191,317,0000006a
random8,forward,191,318,00000044
random8,forward,191,319,0000006f
random8,forward,191,320,0000005f
random8,forward,191,321,00000060
random8,forward,191,322,000000ab
random8,forward,191,323,00000010
random8,forward,191,324,00000035
random8,forward,191,325,00000040
random8,forward,191,326,00000086
random8,forward,191,327,0000007a
random8,forward,191,328,00000004
random8,forward,191,329,000000f7
random8,forward,191,330,00000050
random8,forward,191,331,00000079
random8,forward,191,332,000000a9
random8,forward,191,333,00000031
random8,forward,191,334,00000046
random8,forward,191,335,00000099
random8,forward,191,336,000000bf
random8,forward,191,337,00000059
random8,forward,191,338,00000064
random8,forward,191,339,00000025
random8,forward,191,340,000000a4
random8,forward,191,341,0000009c
random8,forward,191,342,00000066
random8,forward,191,343,0000002a
random8,forward,191,344,00000072
random8,forward,191,345,000000e6
random8,forward,191,346,000000c8
random8,forward,191,347,00000074
random8,forward,191,348,00000006
random8,forward,191,349,000000e3
random8,forward,191,350,000000c5
random8,forward,191,351,0000008e
random8,forward,191,352,000000fb
random8,forward,191,353,000000fe
random8,forward,191,354,0000005a
random8,forward,191,355,000000c6
random8,forward,191,356,000000ae
random8,forward,191,357,00000064
random8,forward,191,358,00000043
random8,forward,191,359,00000026
random8,forward,191,360,0000003c
random8,forward,191,361,00000001
random8,forward,191,362,000000fb
random8,forward,191,363,0000007a
random8,forward,191,364,0000007e
random8,forward,191,365,00000081
random8,forward,191,366,000000bf
random8,forward,191,367,00000050
random8,forward,191,368,00000013
random8,forward,191,369,0000004f
random8,forward,191,370,0000008b
random8,forward,191,371,000000f2
random8,forward,191,372,00000055
random8,forward,191,373,00000098
random8,forward,191,374,0000001b
random8,forward,191,375,0000006d
random8,forward,191,376,00000062
random8,forward,191,377,00000048
random8,forward,191,378,000000eb
random8,forward,191,379,0000008d
random8,forward,191,380,00000013
random8,forward,191,381,0000000b
random8,forward,191,382,00000036
random8,forward,191,383,000000de
random8,inverse,191,0,000000f9
random8,inverse,191,1,000000ab
random8,inverse,191,2,00000098
random8,inverse,191,3,00000039
random8,inverse,191,4,000000ef
random8,inverse,191,5,00000001
random8,inverse,191,6,000000e3
random8,inverse,191,7,000000bc
random8,inverse,191,8,00000096
random8,inverse,191,9,000000ac
random8,inverse,191,10,000000c4
random8,inverse,191,11,00000081
random8,inverse,191,12,00000028
random8,inverse,191,13,00000037
random8,inverse,191,14,000000d7
random8,inverse,191,15,000000f6
random8,inverse,191,16,000000a2
random8,inverse,191,17,000000f0
random8,inverse,191,18,00000077
random8,inverse,191,19,00000045
random8,inverse,191,20,000000c0
random8,inverse,191,21,000000e1
random8,inverse,191,22,000000c1
random8,inverse,191,23,0000005b
random8,inverse,191,24,000000fd
random8,inverse,191,25,000000d7
random8,inverse,191,26,00000091
random8,inverse,191,27,000000e3
random8,inverse,191,28,00000097
random8,inverse,191,29,0000005d
random8,inverse,191,30,00000083
random8,inverse,191,31,0000004b
random8,inverse,191,32,00000088
random8,inverse,191,33,000000c0
random8,inverse,191,34,000000f2
random8,inverse,191,35,000000bd
random8,inverse,191,36,0000008c
random8,inverse,191,37,0000000c
random8,inverse,191,38,000000fb
random8,inverse,191,39,00000026
random8,inverse,191,40,00000021
random8,inverse,191,41,0000000d
random8,inverse,191,42,0000007a
random8,inverse,191,43,00000032
random8,inverse,191,44,00000081
random8,inverse,191,45,0000004f
random8,inverse,191,46,0000000b
random8,inverse,191,47,0000004c
random8,inverse,191,48,000000a9
random8,inverse,191,49,0000001d
random8,inverse,191,50,00000009
random8,inverse,191,51,000000a1
random8,inverse,191,52,00000055
random8,inverse,191,53,00000084
random8,inverse,191,54,00000091
random8,inverse,191,55,0000001d
random8,inverse,191,56,00000000
random8,inverse,191,57,00000050
random8,inverse,191,58,0000007f
random8,inverse,191,59,0000006c
random8,inverse,191,60,000000e7
random8,inverse,191,61,0000000c
random8,inverse,191,62,0000006f
random8,inverse,191,63,000000f9
random8,inverse,191,64,00000006
random8,inverse,191,65,00000006
random8,inverse,191,66,000000bc
random8,inverse,191,67,000000f1
random8,inverse,191,68,00000019
random8,inverse,191,69,00000048
random8,inverse,191,70,00000083
random8,inverse,191,71,00000040
random8,inverse,191,72,0000009c
random8,inverse,191,73,0000009f
random8,inverse,191,74,000000a0
random8,inverse,191,75,00000092
random8,inverse,191,76,000000ca
random8,inverse,191,77,00000096
random8,inverse,191,78,000000af
random8,inverse,191,79,00000052
random8,inverse,191,80,000000a0
random8,inverse,191,81,0000007a
random8,inverse,191,82,0000000b
random8,inverse,191,83,000000ae
random8,inverse,191,84,000000da
random8,inverse,191,85,00000057
random8,inverse,191,86,000000d1
random8,inverse,191,87,00000090
random8,inverse,191,88,000000f3
random8,inverse,191,89,000000f9
random8,inverse,191,90,000000dd
random8,inverse,191,91,000000a4
random8,inverse,191,92,00000028
random8,inverse,191,93,000000ec
random8,inverse,191,94,000000cb
random8,inverse,191,95,00000058
random8,inverse,191,96,00000075
random8,inverse,191,97,0000007b
random8,inverse,191,98,000000f6
random8,inverse,191,99,000000d6
random8,inverse,191,100,00000096
random8,inverse,191,101,000000b3
random8,inverse,191,102,0000007b
random8,inverse,191,103,0000000b
random8,inverse,191,104,00000007
random8,inverse,191,105,00000060
random8,inverse,191,106,00000036
random8,inverse,191,107,000000a2
random8,inverse,191,108,00000003
random8,inverse,191,109,0000000e
random8,inverse,191,110,000000c3
random8,inverse,191,111,00000009
random8,inverse,191,112,00000087
random8,inverse,191,113,00000008
random8,inverse,191,114,0000007d
random8,inverse,191,115,0000006a
random8,inverse,191,116,0000004f
random8,inverse,191,117,0000005b
random8,inverse,191,118,00000081
random8,inverse,191,119,000000b2
random8,inverse,191,120,000000d6
random8,inverse,191,121,000000d3
random8,inverse,191,122,000000ab
random8,inverse,191,123,0000008d
random8,inverse,191,124,00000059
random8,inverse,191,125,000000fb
random8,inverse,191,126,00000097
random8,inverse,191,127,00000066
random8,inverse,191,128,000000d4
random8,inverse,191,129,00000020
random8,inverse,191,130,000000a0
random8,inverse,191,131,0000006a
random8,inverse,191,132,00000003
random8,inverse,191,133,0000004f
random8,inverse,191,134,000000e3
random8,inverse,191,135,00000085
random8,inverse,191,136,00000061
random8,inverse,191,137,00000051
random8,inverse,191,138,0000003c
random8,inverse,191,139,00000063
random8,inverse,191,140,0000002c
random8,inverse,191,141,000000b5
random8,inverse,191,142,00000046
random8,inverse,191,143,0000006f
random8,inverse,191,144,0000005e
random8,inverse,191,145,000000c5
random8,inverse,191,146,0000005f
random8,inverse,191,147,000000d6
random8,inverse,191,148,000000b3
random8,inverse,191,149,0000008e
random8,inverse,191,150,000000a1
random8,inverse,191,151,00000084
random8,inverse,191,152,000000a9
random8,inverse,191,153,000000dc
random8,inverse,191,154,000000e9
random8,inverse,191,155,00000025
random8,inverse,191,156,0000007a
random8,inverse,191,157,0000003b
random8,inverse,191,158,000000d2
random8,inverse,191,159,00000024
random8,inverse,191,160,00000023
random8,inverse,191,161,000000f6
random8,inverse,191,162,000000ba
random8,inverse,191,163,000000af
random8,inverse,191,164,00000060
random8,inverse,191,165,0000001a
random8,inverse,191,166,000000bb
random8,inverse,191,167,000000af
random8,inverse,191,168,000000ac
random8,inverse,191,169,00000073
random8,inverse,191,170,000000b2
random8,inverse,191,171,000000d3
random8,inverse,191,172,00000045
random8,inverse,191,173,0000008c
random8,inverse,191,174,0000003a
random8,inverse,191,175,00000086
random8,inverse,191,176,00000025
random8,inverse,191,177,000000b3
random8,inverse,191,178,000000b1
random8,inverse,191,179,000000f3
random8,inverse,191,180,00000008
random8,inverse,191,181,000000f2
random8,inverse,191,182,00000031
random8,inverse,191,183,00000007
random8,inverse,191,184,0000006c
random8,inverse,191,185,00000015
random8,inverse,191,186,00000097
random8,inverse,191,187,0000006d
random8,inverse,191,188,0000008b
random8,inverse,191,189,000000aa
random8,inverse,191,190,0000007e
random8,inverse,191,191,000000c6
random8,inverse,191,192,0000004f
random8,inverse,191,193,0000001b
random8,inverse,191,194,000000ad
random8,inverse,191,195,0000008e
random8,inverse,191,196,000000f2
random8,inverse,191,197,000000ad
random8,inverse,191,198,00000084
random8,inverse,191,199,000000ad
random8,inverse,191,200,00000005
random8,inverse,191,201,00000054
random8,inverse,191,202,000000b1
random8,inverse,191,203,000000cf
random8,inverse,191,204,000000c3
random8,inverse,191,205,0000009b
random8,inverse,191,206,000000d0
random8,inverse,191,207,0000005f
random8,inverse,191,208,00000029
random8,inverse,191,209,000000cf
random8,inverse,191,210,0000003c
random8,inverse,191,211,0000008b
random8,inverse,191,212,000000f3
random8,inverse,191,213,000000fc
random8,inverse,191,214,00000012
random8,inverse,191,215,0000003d
random8,inverse,191,216,0000009c
random8,inverse,191,217,000000ee
random8,inverse,191,218,0000002e
random8,inverse,191,219,00000021
random8,inverse,191,220,00000061
random8,inverse,191,221,00000031
random8,inverse,191,222,0000002c
random8,inverse,191,223,000000a5
random8,inverse,191,224,0000003e
random8,inverse,191,225,00000010
random8,inverse,191,226,00000067
random8,inverse,191,227,000000f3
random8,inverse,191,228,000000ef
random8,inverse,191,229,00000098
random8,inverse,191,230,000000fc
random8,inverse,191,231,000000f8
random8,inverse,191,232,000000f0
random8,inverse,191,233,00000095
random8,inverse,191,234,000000c7
random8,inverse,191,235,0000005f
random8,inverse,191,236,0000007c
random8,inverse,191,237,00000093
random8,inverse,191,238,00000064
random8,inverse,191,239,00000096
random8,inverse,191,240,00000090
random8,inverse,191,241,000000dd
random8,inverse,191,242,0000002e
random8,inverse,191,243,000000c7
random8,inverse,191,244,000000e8
random8,inverse,191,245,00000080
random8,inverse,191,246,00000042
random8,inverse,191,247,000000df
random8,inverse,191,248,000000ff
random8,inverse,191,249,00000048
random8,inverse,191,250,0000007c
random8,inverse,191,251,0000008a
random8,inverse,191,252,00000012
random8,inverse,191,253,000000c0
random8,inverse,191,254,00000078
random8,inverse,191,255,00000033
random8,inverse,191,256,0000001d
random8,inverse,191,257,00000035
random8,inverse,191,258,00000091
random8,inverse,191,259,00000007
random8,inverse,191,260,000000dc
random8,inverse,191,261,000000b4
random8,inverse,191,262,000000e4
random8,inverse,191,263,000000f2
random8,inverse,191,264,000000ca
random8,inverse,191,265,00000006
random8,inverse,191,266,0000004d
random8,inverse,191,267,000000a0
random8,inverse,191,268,00000025
random8,inverse,191,269,000000ba
random8,inverse,191,270,00000067
random8,inverse,191,271,0000007c
random8,inverse,191,272,000000e7
random8,inverse,191,273,0000001a
random8,inverse,191,274,00000090
random8,inverse,191,275,000000b3
random8,inverse,191,276,000000cc
random8,inverse,191,277,00000033
random8,inverse,191,278,000000e2
random8,inverse,191,279,00000031
random8,inverse,191,280,00000052
random8,inverse,191,281,000000d1
random8,inverse,191,282,0000003a
random8,inverse,191,283,000000a2
random8,inverse,191,284,000000b3
random8,inverse,191,285,00000080
random8,inverse,191,286,00000033
random8,inverse,191,287,00000071
random8,inverse,191,288,000000ec
random8,inverse,191,289,0000008b
random8,inverse,191,290,0000002b
random8,inverse,191,291,000000cc
random8,inverse,191,292,000000b9
random8,inverse,191,293,000000ff
random8,inverse,191,294,0000003c
random8,inverse,191,295,0000009c
random8,inverse,191,296,00000095
random8,inverse,191,297,000000a8
random8,inverse,191,298,00000043
random8,inverse,191,299,00000090
random8,inverse,191,300,000000be
random8,inverse,191,301,00000011
random8,inverse,191,302,000000db
random8,inverse,191,303,00000013
random8,inverse,191,304,0000002e
random8,inverse,191,305,00000088
random8,inverse,191,306,00000062
random8,inverse,191,307,00000050
random8,inverse,191,308,000000a1
random8,inverse,191,309,00000017
random8,inverse,191,310,000000f2
random8,inverse,191,311,00000034
random8,inverse,191,312,00000095
random8,inverse,191,313,0000008a
random8,inverse,191,314,00000068
random8,inverse,191,315,0000006a
random8,inverse,191,316,00000044
random8,inverse,191,317,0000006f
random8,inverse,191,318,0000005f
random8,inverse,191,319,00000060
random8,inverse,191,320,000000ab
random8,inverse,191,321,00000010
random8,inverse,191,322,00000035
random8,inverse,191,323,00000040
random8,inverse,191,324,00000086
random8,inverse,191,325,0000007a
random8,inverse,191,326,00000004
random8,inverse,191,327,000000f7
random8,inverse,191,328,00000050
random8,inverse,191,329,00000079
random8,inverse,191,330,000000a9
random8,inverse,191,331,00000031
random8,inverse,191,332,00000046
random8,inverse,191,333,00000099
random8,inverse,191,334,000000bf
random8,inverse,191,335,00000059
random8,inverse,191,336,00000064
random8,inverse,191,337,00000025
random8,inverse,191,338,000000a4
random8,inverse,191,339,0000009c
random8,inverse,191,340,00000066
random8,inverse,191,341,0000002a
random8,inverse,191,342,00000072
random8,inverse,191,343,000000e6
random8,inverse,191,344,000000c8
random8,inverse,191,345,00000074
random8,inverse,191,346,00000006
random8,inverse,191,347,000000e3
random8,inverse,191,348,000000c5
random8,inverse,191,349,0000008e
random8,inverse,191,350,000000fb
random8,inverse,191,351,000000fe
random8,inverse,191,352,0000005a
random8,inverse,191,353,000000c6
random8,inverse,191,354,000000ae
random8,inverse,191,355,00000064
random8,inverse,191,356,00000043
random8,inverse,191,357,00000026
random8,inverse,191,358,0000003c
random8,inverse,191,359,00000001
random8,inverse,191,360,000000fb
random8,inverse,191,361,0000007a
random8,inverse,191,362,0000007e
random8,inverse,191,363,00000081
random8,inverse,191,364,000000bf
random8,inverse,191,365,00000050
random8,inverse,191,366,00000013
random8,inverse,191,367,0000004f
random8,inverse,191,368,0000008b
random8,inverse,191,369,000000f2
random8,inverse,191,370,00000055
random8,inverse,191,371,00000098
random8,inverse,191,372,0000001b
random8,inverse,191,373,0000006d
random8,inverse,191,374,00000062
random8,inverse,191,375,00000048
random8,inverse,191,376,000000eb
random8,inverse,191,377,0000008d
random8,inverse,191,378,00000013
random8,inverse,191,379,0000000b
random8,inverse,191,380,00000036
random8,inverse,191,381,000000de
random8,inverse,191,382,00000007
random8,inverse,191,383,0000004d
structured8,forward,255,0,0000006d
structured8,forward,255,1,00000025
structured8,forward,255,2,0000006c
structured8,forward,255,3,000000b6
structured8,forward,255,4,000000ff
structured8,forward,255,5,00000003
structured8,forward,255,6,0000004a
structured8,forward,255,7,00000090
structured8,forward,255,8,000000d9
structured8,forward,255,9,00000069
structured8,forward,255,10,000000b0
structured8,forward,255,11,000000fa
structured8,forward,255,12,00000003
structured8,forward,255,13,0000004f
structured8,forward,255,14,00000096
structured8,forward,255,15,000000dc
structured8,forward,255,16,00000065
structured8,forward,255,17,000000bd
structured8,forward,255,18,000000f4
structured8,forward,255,19,0000000e
structured8,forward,255,20,00000047
structured8,forward,255,21,0000009b
structured8,forward,255,22,000000d2
structured8,forward,255,23,00000068
structured8,forward,255,24,000000a1
structured8,forward,255,25,000000f1
structured8,forward,255,26,00000008
structured8,forward,255,27,00000042
structured8,forward,255,28,0000009b
structured8,forward,255,29,000000d7
structured8,forward,255,30,0000006e
structured8,forward,255,31,000000a4
structured8,forward,255,32,000000fd
structured8,forward,255,33,00000015
structured8,forward,255,34,0000005c
structured8,forward,255,35,00000086
structured8,forward,255,36,000000cf
structured8,forward,255,37,00000073
structured8,forward,255,38,000000ba
structured8,forward,255,39,000000e0
structured8,forward,255,40,00000029
structured8,forward,255,41,00000059
structured8,forward,255,42,00000080
structured8,forward,255,43,000000ca
structured8,forward,255,44,00000073
structured8,forward,255,45,000000bf
structured8,forward,255,46,000000e6
structured8,forward,255,47,0000002c
structured8,forward,255,48,00000055
structured8,forward,255,49,0000008d
structured8,forward,255,50,000000c4
structured8,forward,255,51,0000007e
structured8,forward,255,52,000000b7
structured8,forward,255,53,000000eb
structured8,forward,255,54,00000022
structured8,forward,255,55,00000058
structured8,forward,255,56,00000091
structured8,forward,255,57,000000c1
structured8,forward,255,58,00000078
structured8,forward,255,59,000000b2
structured8,forward,255,60,000000eb
structured8,forward,255,61,00000027
structured8,forward,255,62,0000005e
structured8,forward,255,63,00000094
structured8,forward,255,64,000000cd
structured8,forward,255,65,00000045
structured8,forward,255,66,0000008c
structured8,forward,255,67,000000d6
structured8,forward,255,68,0000001f
structured8,forward,255,69,00000063
structured8,forward,255,70,000000aa
structured8,forward,255,71,000000f0
structured8,forward,255,72,00000039
structured8,forward,255,73,00000089
structured8,forward,255,74,000000d0
structured8,forward,255,75,0000001a
structured8,forward,255,76,00000063
structured8,forward,255,77,000000af
structured8,forward,255,78,000000f6
structured8,forward,255,79,0000003c
structured8,forward,255,80,00000085
structured8,forward,255,81,000000dd
structured8,forward,255,82,00000014
structured8,forward,255,83,0000006e
structured8,forward,255,84,000000a7
structured8,forward,255,85,000000fb
structured8,forward,255,86,00000032
structured8,forward,255,87,00000088
structured8,forward,255,88,000000c1
structured8,forward,255,89,00000011
structured8,forward,255,90,00000068
structured8,forward,255,91,000000a2
structured8,forward,255,92,000000fb
structured8,forward,255,93,00000037
structured8,forward,255,94,0000008e
structured8,forward,255,95,000000c4
structured8,forward,255,96,0000001d
structured8,forward,255,97,00000075
structured8,forward,255,98,000000bc
structured8,forward,255,99,000000e6
structured8,forward,255,100,0000002f
structured8,forward,255,101,00000093
structured8,forward,255,102,000000da
structured8,forward,255,103,00000000
structured8,forward,255,104,00000049
structured8,forward,255,105,000000b9
structured8,forward,255,106,000000e0
structured8,forward,255,107,0000002a
structured8,forward,255,108,00000093
structured8,forward,255,109,000000df
structured8,forward,255,110,00000006
structured8,forward,255,111,0000004c
structured8,forward,255,112,000000b5
structured8,forward,255,113,000000ed
structured8,forward,255,114,00000024
structured8,forward,255,115,0000009e
structured8,forward,255,116,000000d7
structured8,forward,255,117,0000000b
structured8,forward,255,118,00000042
structured8,forward,255,119,000000b8
structured8,forward,255,120,000000f1
structured8,forward,255,121,00000021
structured8,forward,255,122,00000098
structured8,forward,255,123,000000d2
structured8,forward,255,124,0000000b
structured8,forward,255,125,00000047
structured8,forward,255,126,000000be
structured8,forward,255,127,000000f4
structured8,forward,255,128,0000002d
structured8,forward,255,129,000000a5
structured8,forward,255,130,000000ec
structured8,forward,255,131,00000036
structured8,forward,255,132,0000007f
structured8,forward,255,133,00000083
structured8,forward,255,134,000000ca
structured8,forward,255,135,00000010
structured8,forward,255,136,00000059
structured8,forward,255,137,000000e9
structured8,forward,255,138,00000030
structured8,forward,255,139,0000007a
structured8,forward,255,140,00000083
structured8,forward,255,141,000000cf
structured8,forward,255,142,00000016
structured8,forward,255,143,0000005c
structured8,forward,255,144,000000e5
structured8,forward,255,145,0000003d
structured8,forward,255,146,00000074
structured8,forward,255,147,0000008e
structured8,forward,255,148,000000c7
structured8,forward,255,149,0000001b
structured8,forward,255,150,00000052
structured8,forward,255,151,000000e8
structured8,forward,255,152,00000021
structured8,forward,255,153,00000071
structured8,forward,255,154,00000088
structured8,forward,255,155,000000c2
structured8,forward,255,156,0000001b
structured8,forward,255,157,00000057
structured8,forward,255,158,000000ee
structured8,forward,255,159,00000024
structured8,forward,255,160,0000007d
structured8,forward,255,161,00000095
structured8,forward,255,162,000000dc
structured8,forward,255,163,00000006
structured8,forward,255,164,0000004f
structured8,forward,255,165,000000f3
structured8,forward,255,166,0000003a
structured8,forward,255,167,00000060
structured8,forward,255,168,000000a9
structured8,forward,255,169,000000d9
structured8,forward,255,170,00000000
structured8,forward,255,171,0000004a
structured8,forward,255,172,000000f3
structured8,forward,255,173,0000003f
structured8,forward,255,174,00000066
structured8,forward,255,175,000000ac
structured8,forward,255,176,000000d5
structured8,forward,255,177,0000000d
structured8,forward,255,178,00000044
structured8,forward,255,179,000000fe
structured8,forward,255,180,00000037
structured8,forward,255,181,0000006b
structured8,forward,255,182,000000a2
structured8,forward,255,183,000000d8
structured8,forward,255,184,00000011
structured8,forward,255,185,00000041
structured8,forward,255,186,000000f8
structured8,forward,255,187,00000032
structured8,forward,255,188,0000006b
structured8,forward,255,189,000000a7
structured8,forward,255,190,000000de
structured8,forward,255,191,00000014
structured8,forward,255,192,0000004d
structured8,forward,255,193,000000c5
structured8,forward,255,194,0000000c
structured8,forward,255,195,00000056
structured8,forward,255,196,0000009f
structured8,forward,255,197,000000e3
structured8,forward,255,198,0000002a
structured8,forward,255,199,00000070
structured8,forward,255,200,000000b9
structured8,forward,255,201,00000009
structured8,forward,255,202,00000050
structured8,forward,255,203,0000009a
structured8,forward,255,204,000000e3
structured8,forward,255,205,0000002f
structured8,forward,255,206,00000076
structured8,forward,255,207,000000bc
structured8,forward,255,208,00000005
structured8,forward,255,209,0000005d
structured8,forward,255,210,00000094
structured8,forward,255,211,000000ee
structured8,forward,255,212,00000027
structured8,forward,255,213,0000007b
structured8,forward,255,214,000000b2
structured8,forward,255,215,00000008
structured8,forward,255,216,00000041
structured8,forward,255,217,00000091
structured8,forward,255,218,000000e8
structured8,forward,255,219,00000022
structured8,forward,255,220,0000007b
structured8,forward,255,221,000000b7
structured8,forward,255,222,0000000e
structured8,forward,255,223,00000044
structured8,forward,255,224,0000009d
structured8,forward,255,225,000000f5
structured8,forward,255,226,0000003c
structured8,forward,255,227,00000066
structured8,forward,255,228,000000af
structured8,forward,255,229,00000013
structured8,forward,255,230,0000005a
structured8,forward,255,231,00000080
structured8,forward,255,232,000000c9
structured8,forward,255,233,00000039
structured8,forward,255,234,00000060
structured8,forward,255,235,000000aa
structured8,forward,255,236,00000013
structured8,forward,255,237,0000005f
structured8,forward,255,238,00000086
structured8,forward,255,239,000000cc
structured8,forward,255,240,00000035
structured8,forward,255,241,0000006d
structured8,forward,255,242,000000a4
structured8,forward,255,243,0000001e
structured8,forward,255,244,00000057
structured8,forward,255,245,0000008b
structured8,forward,255,246,000000c2
structured8,forward,255,247,00000038
structured8,forward,255,248,00000071
structured8,forward,255,249,000000a1
structured8,forward,255,250,00000018
structured8,forward,255,251,00000052
structured8,forward,255,252,0000008b
structured8,forward,255,253,000000c7
structured8,forward,255,254,0000003e
structured8,forward,255,255,00000074
structured8,forward,255,256,000000ad
structured8,forward,255,257,00000065
structured8,forward,255,258,0000002c
structured8,forward,255,259,000000f6
structured8,forward,255,260,000000bf
structured8,forward,255,261,00000043
structured8,forward,255,262,0000000a
structured8,forward,255,263,000000d0
structured8,forward,255,264,00000099
structured8,forward,255,265,00000029
structured8,forward,255,266,000000f0
structured8,forward,255,267,000000ba
structured8,forward,255,268,00000043
structured8,forward,255,269,0000000f
structured8,forward,255,270,000000d6
structured8,forward,255,271,0000009c
structured8,forward,255,272,00000025
structured8,forward,255,273,000000fd
structured8,forward,255,274,000000b4
structured8,forward,255,275,0000004e
structured8,forward,255,276,00000007
structured8,forward,255,277,000000db
structured8,forward,255,278,00000092
structured8,forward,255,279,00000028
structured8,forward,255,280,000000e1
structured8,forward,255,281,000000b1
structured8,forward,255,282,00000048
structured8,forward,255,283,00000002
structured8,forward,255,284,000000db
structured8,forward,255,285,00000097
structured8,forward,255,286,0000002e
structured8,forward,255,287,000000e4
structured8,forward,255,288,000000bd
structured8,forward,255,289,00000055
structured8,forward,255,290,0000001c
structured8,forward,255,291,000000c6
structured8,forward,255,292,0000008f
structured8,forward,255,293,00000033
structured8,forward,255,294,000000fa
structured8,forward,255,295,000000a0
structured8,forward,255,296,00000069
structured8,forward,255,297,00000019
structured8,forward,255,298,000000c0
structured8,forward,255,299,0000008a
structured8,forward,255,300,00000033
structured8,forward,255,301,000000ff
structured8,forward,255,302,000000a6
structured8,forward,255,303,0000006c
structured8,forward,255,304,00000015
structured8,forward,255,305,000000cd
structured8,forward,255,306,00000084
structured8,forward,255,307,0000003e
structured8,forward,255,308,000000f7
structured8,forward,255,309,000000ab
structured8,forward,255,310,00000062
structured8,forward,255,311,00000018
structured8,forward,255,312,000000d1
structured8,forward,255,313,00000081
structured8,forward,255,314,00000038
structured8,forward,255,315,000000f2
structured8,forward,255,316,000000ab
structured8,forward,255,317,00000067
structured8,forward,255,318,0000001e
structured8,forward,255,319,000000d4
structured8,forward,255,320,0000008d
structured8,forward,255,321,00000005
structured8,forward,255,322,000000cc
structured8,forward,255,323,00000096
structured8,forward,255,324,0000005f
structured8,forward,255,325,00000023
structured8,forward,255,326,000000ea
structured8,forward,255,327,000000b0
structured8,forward,255,328,00000079
structured8,forward,255,329,000000c9
structured8,forward,255,330,00000090
structured8,forward,255,331,0000005a
structured8,forward,255,332,00000023
structured8,forward,255,333,000000ef
structured8,forward,255,334,000000b6
structured8,forward,255,335,0000007c
structured8,forward,255,336,000000c5
structured8,forward,255,337,0000009d
structured8,forward,255,338,00000054
structured8,forward,255,339,0000002e
structured8,forward,255,340,000000e7
structured8,forward,255,341,000000bb
structured8,forward,255,342,00000072
structured8,forward,255,343,000000c8
structured8,forward,255,344,00000081
structured8,forward,255,345,00000051
structured8,forward,255,346,00000028
structured8,forward,255,347,000000e2
structured8,forward,255,348,000000bb
structured8,forward,255,349,00000077
structured8,forward,255,350,000000ce
structured8,forward,255,351,00000084
structured8,forward,255,352,0000005d
structured8,forward,255,353,00000035
structured8,forward,255,354,000000fc
structured8,forward,255,355,000000a6
structured8,forward,255,356,0000006f
structured8,forward,255,357,000000d3
structured8,forward,255,358,0000009a
structured8,forward,255,359,00000040
structured8,forward,255,360,00000009
structured8,forward,255,361,000000f9
structured8,forward,255,362,000000a0
structured8,forward,255,363,0000006a
structured8,forward,255,364,000000d3
structured8,forward,255,365,0000009f
structured8,forward,255,366,00000046
structured8,forward,255,367,0000000c
structured8,forward,255,368,000000f5
structured8,forward,255,369,000000ad
structured8,forward,255,370,00000064
structured8,forward,255,371,000000de
structured8,forward,255,372,00000097
structured8,forward,255,373,0000004b
structured8,forward,255,374,00000002
structured8,forward,255,375,000000f8
structured8,forward,255,376,000000b1
structured8,forward,255,377,00000061
structured8,forward,255,378,000000d8
structured8,forward,255,379,00000092
structured8,forward,255,380,0000004b
structured8,forward,255,381,00000007
structured8,forward,255,382,000000fe
structured8,forward,255,383,000000b4
structured8,inverse,255,0,0000002c
structured8,inverse,255,1,000000f6
structured8,inverse,255,2,000000bf
structured8,inverse,255,3,00000043
structured8,inverse,255,4,0000000a
structured8,inverse,255,5,000000d0
structured8,inverse,255,6,00000099
structured8,inverse,255,7,00000029
structured8,inverse,255,8,000000f0
structured8,inverse,255,9,000000ba
structured8,inverse,255,10,00000043
structured8,inverse,255,11,0000000f
structured8,inverse,255,12,000000d6
structured8,inverse,255,13,0000009c
structured8,inverse,255,14,00000025
structured8,inverse,255,15,000000fd
structured8,inverse,255,16,000000b4
structured8,inverse,255,17,0000004e
structured8,inverse,255,18,00000007
structured8,inverse,255,19,000000db
structured8,inverse,255,20,00000092
structured8,inverse,255,21,00000028
structured8,inverse,255,22,000000e1
structured8,inverse,255,23,000000b1
structured8,inverse,255,24,00000048
structured8,inverse,255,25,00000002
structured8,inverse,255,26,000000db
structured8,inverse,255,27,00000097
structured8,inverse,255,28,0000002e
structured8,inverse,255,29,000000e4
structured8,inverse,255,30,000000bd
structured8,inverse,255,31,00000055
structured8,inverse,255,32,0000001c
structured8,inverse,255,33,000000c6
structured8,inverse,255,34,0000008f
structured8,inverse,255,35,00000033
structured8,inverse,255,36,000000fa
structured8,inverse,255,37,000000a0
structured8,inverse,255,38,00000069
structured8,inverse,255,39,00000019
structured8,inverse,255,40,000000c0
structured8,inverse,255,41,0000008a
structured8,inverse,255,42,00000033
structured8,inverse,255,43,000000ff
structured8,inverse,255,44,000000a6
structured8,inverse,255,45,0000006c
structured8,inverse,255,46,00000015
structured8,inverse,255,47,000000cd
structured8,inverse,255,48,00000084
structured8,inverse,255,49,0000003e
structured8,inverse,255,50,000000f7
structured8,inverse,255,51,000000ab
structured8,inverse,255,52,00000062
structured8,inverse,255,53,00000018
structured8,inverse,255,54,000000d1
structured8,inverse,255,55,00000081
structured8,inverse,255,56,00000038
structured8,inverse,255,57,000000f2
structured8,inverse,255,58,000000ab
structured8,inverse,255,59,00000067
structured8,inverse,255,60,0000001e
structured8,inverse,255,61,000000d4
structured8,inverse,255,62,0000008d
structured8,inverse,255,63,00000005
structured8,inverse,255,64,000000cc
structured8,inverse,255,65,00000096
structured8,inverse,255,66,0000005f
structured8,inverse,255,67,00000023
structured8,inverse,255,68,000000ea
structured8,inverse,255,69,000000b0
structured8,inverse,255,70,00000079
structured8,inverse,255,71,000000c9
structured8,inverse,255,72,00000090
structured8,inverse,255,73,0000005a
structured8,inverse,255,74,00000023
structured8,inverse,255,75,000000ef
structured8,inverse,255,76,000000b6
structured8,inverse,255,77,0000007c
structured8,inverse,255,78,000000c5
structured8,inverse,255,79,0000009d
structured8,inverse,255,80,00000054
structured8,inverse,255,81,0000002e
structured8,inverse,255,82,000000e7
structured8,inverse,255,83,000000bb
structured8,inverse,255,84,00000072
structured8,inverse,255,85,000000c8
structured8,inverse,255,86,00000081
structured8,inverse,255,87,00000051
structured8,inverse,255,88,00000028
structured8,inverse,255,89,000000e2
structured8,inverse,255,90,000000bb
structured8,inverse,255,91,00000077
structured8,inverse,255,92,000000ce
structured8,inverse,255,93,00000084
structured8,inverse,255,94,0000005d
structured8,inverse,255,95,00000035
structured8,inverse,255,96,000000fc
structured8,inverse,255,97,000000a6
structured8,inverse,255,98,0000006f
structured8,inverse,255,99,000000d3
structured8,inverse,255,100,0000009a
structured8,inverse,255,101,00000040
structured8,inverse,255,102,00000009
structured8,inverse,255,103,000000f9
structured8,inverse,255,104,000000a0
structured8,inverse,255,105,0000006a
structured8,inverse,255,106,000000d3
structured8,inverse,255,107,0000009f
structured8,inverse,255,108,00000046
structured8,inverse,255,109,0000000c
structured8,inverse,255,110,000000f5
structured8,inverse,255,111,000000ad
structured8,inverse,255,112,00000064
structured8,inverse,255,113,000000de
structured8,inverse,255,114,00000097
structured8,inverse,255,115,0000004b
structured8,inverse,255,116,00000002
structured8,inverse,255,117,000000f8
structured8,inverse,255,118,000000b1
structured8,inverse,255,119,00000061
structured8,inverse,255,120,000000d8
structured8,inverse,255,121,00000092
structured8,inverse,255,122,0000004b
structured8,inverse,255,123,00000007
structured8,inverse,255,124,000000fe
structured8,inverse,255,125,000000b4
structured8,inverse,255,126,0000006d
structured8,inverse,255,127,00000025
structured8,inverse,255,128,0000006c
structured8,inverse,255,129,000000b6
structured8,inverse,255,130,000000ff
structured8,inverse,255,131,00000003
structured8,inverse,255,132,0000004a
structured8,inverse,255,133,00000090
structured8,inverse,255,134,000000d9
structured8,inverse,255,135,00000069
structured8,inverse,255,136,000000b0
structured8,inverse,255,137,000000fa
structured8,inverse,255,138,00000003
structured8,inverse,255,139,0000004f
structured8,inverse,255,140,00000096
structured8,inverse,255,141,000000dc
structured8,inverse,255,142,00000065
structured8,inverse,255,143,000000bd
structured8,inverse,255,144,000000f4
structured8,inverse,255,145,0000000e
structured8,inverse,255,146,00000047
structured8,inverse,255,147,0000009b
structured8,inverse,255,148,000000d2
structured8,inverse,255,149,00000068
structured8,inverse,255,150,000000a1
structured8,inverse,255,151,000000f1
structured8,inverse,255,152,00000008
structured8,inverse,255,153,00000042
structured8,inverse,255,154,0000009b
structured8,inverse,255,155,000000d7
structured8,inverse,255,156,0000006e
structured8,inverse,255,157,000000a4
structured8,inverse,255,158,000000fd
structured8,inverse,255,159,00000015
structured8,inverse,255,160,0000005c
structured8,inverse,255,161,00000086
structured8,inverse,255,162,000000cf
structured8,inverse,255,163,00000073
structured8,inverse,255,164,000000ba
structured8,inverse,255,165,000000e0
structured8,inverse,255,166,00000029
structured8,inverse,255,167,00000059
structured8,inverse,255,168,00000080
structured8,inverse,255,169,000000ca
structured8,inverse,255,170,00000073
structured8,inverse,255,171,000000bf
structured8,inverse,255,172,000000e6
structured8,inverse,255,173,0000002c
structured8,inverse,255,174,00000055
structured8,inverse,255,175,0000008d
structured8,inverse,255,176,000000c4
structured8,inverse,255,177,0000007e
structured8,inverse,255,178,000000b7
structured8,inverse,255,179,000000eb
structured8,inverse,255,180,00000022
structured8,inverse,255,181,00000058
structured8,inverse,255,182,00000091
structured8,inverse,255,183,000000c1
structured8,inverse,255,184,00000078
structured8,inverse,255,185,000000b2
structured8,inverse,255,186,000000eb
structured8,inverse,255,187,00000027
structured8,inverse,255,188,0000005e
structured8,inverse,255,189,00000094
structured8,inverse,255,190,000000cd
structured8,inverse,255,191,00000045
structured8,inverse,255,192,0000008c
structured8,inverse,255,193,000000d6
structured8,inverse,255,194,0000001f
structured8,inverse,255,195,00000063
structured8,inverse,255,196,000000aa
structured8,inverse,255,197,000000f0
structured8,inverse,255,198,00000039
structured8,inverse,255,199,00000089
structured8,inverse,255,200,000000d0
structured8,inverse,255,201,0000001a
structured8,inverse,255,202,00000063
structured8,inverse,255,203,000000af
structured8,inverse,255,204,000000f6
structured8,inverse,255,205,0000003c
structured8,inverse,255,206,00000085
structured8,inverse,255,207,000000dd
structured8,inverse,255,208,00000014
structured8,inverse,255,209,0000006e
structured8,inverse,255,210,000000a7
structured8,inverse,255,211,000000fb
structured8,inverse,255,212,00000032
structured8,inverse,255,213,00000088
structured8,inverse,255,214,000000c1
structured8,inverse,255,215,00000011
structured8,inverse,255,216,00000068
structured8,inverse,255,217,000000a2
structured8,inverse,255,218,000000fb
structured8,inverse,255,219,00000037
structured8,inverse,255,220,0000008e
structured8,inverse,255,221,000000c4
structured8,inverse,255,222,0000001d
structured8,inverse,255,223,00000075
structured8,inverse,255,224,000000bc
structured8,inverse,255,225,000000e6
structured8,inverse,255,226,0000002f
structured8,inverse,255,227,00000093
structured8,inverse,255,228,000000da
structured8,inverse,255,229,00000000
structured8,inverse,255,230,00000049
structured8,inverse,255,231,000000b9
structured8,inverse,255,232,000000e0
structured8,inverse,255,233,0000002a
structured8,inverse,255,234,00000093
structured8,inverse,255,235,000000df
structured8,inverse,255,236,00000006
structured8,inverse,255,237,0000004c
structured8,inverse,255,238,000000b5
structured8,inverse,255,239,000000ed
structured8,inverse,255,240,00000024
structured8,inverse,255,241,0000009e
structured8,inverse,255,242,000000d7
structured8,inverse,255,243,0000000b
structured8,inverse,255,244,00000042
structured8,inverse,255,245,000000b8
structured8,inverse,255,246,000000f1
structured8,inverse,255,247,00000021
structured8,inverse,255,248,00000098
structured8,inverse,255,249,000000d2
structured8,inverse,255,250,0000000b
structured8,inverse,255,251,00000047
structured8,inverse,255,252,000000be
structured8,inverse,255,253,000000f4
structured8,inverse,255,254,0000002d
structured8,inverse,255,255,000000a5
structured8,inverse,255,256,000000ec
structured8,inverse,255,257,00000036
structured8,inverse,255,258,0000007f
structured8,inverse,255,259,00000083
structured8,inverse,255,260,000000ca
structured8,inverse,255,261,00000010
structured8,inverse,255,262,00000059
structured8,inverse,255,263,000000e9
structured8,inverse,255,264,00000030
structured8,inverse,255,265,0000007a
structured8,inverse,255,266,00000083
structured8,inverse,255,267,000000cf
structured8,inverse,255,268,00000016
structured8,inverse,255,269,0000005c
structured8,inverse,255,270,000000e5
structured8,inverse,255,271,0000003d
structured8,inverse,255,272,00000074
structured8,inverse,255,273,0000008e
structured8,inverse,255,274,000000c7
structured8,inverse,255,275,0000001b
structured8,inverse,255,276,00000052
structured8,inverse,255,277,000000e8
structured8,inverse,255,278,00000021
structured8,inverse,255,279,00000071
structured8,inverse,255,280,00000088
structured8,inverse,255,281,000000c2
structured8,inverse,255,282,0000001b
structured8,inverse,255,283,00000057
structured8,inverse,255,284,000000ee
structured8,inverse,255,285,00000024
structured8,inverse,255,286,0000007d
structured8,inverse,255,287,00000095
structured8,inverse,255,288,000000dc
structured8,inverse,255,289,00000006
structured8,inverse,255,290,0000004f
structured8,inverse,255,291,000000f3
structured8,inverse,255,292,0000003a
structured8,inverse,255,293,00000060
structured8,inverse,255,294,000000a9
structured8,inverse,255,295,000000d9
structured8,inverse,255,296,00000000
structured8,inverse,255,297,0000004a
structured8,inverse,255,298,000000f3
structured8,inverse,255,299,0000003f
structured8,inverse,255,300,00000066
structured8,inverse,255,301,000000ac
structured8,inverse,255,302,000000d5
structured8,inverse,255,303,0000000d
structured8,inverse,255,304,00000044
structured8,inverse,255,305,000000fe
structured8,inverse,255,306,00000037
structured8,inverse,255,307,0000006b
structured8,inverse,255,308,000000a2
structured8,inverse,255,309,000000d8
structured8,inverse,255,310,00000011
structured8,inverse,255,311,00000041
structured8,inverse,255,312,000000f8
structured8,inverse,255,313,00000032
structured8,inverse,255,314,0000006b
structured8,inverse,255,315,000000a7
structured8,inverse,255,316,000000de
structured8,inverse,255,317,00000014
structured8,inverse,255,318,0000004d
structured8,inverse,255,319,000000c5
structured8,inverse,255,320,0000000c
structured8,inverse,255,321,00000056
structured8,inverse,255,322,0000009f
structured8,inverse,255,323,000000e3
structured8,inverse,255,324,0000002a
structured8,inverse,255,325,00000070
structured8,inverse,255,326,000000b9
structured8,inverse,255,327,00000009
structured8,inverse,255,328,00000050
structured8,inverse,255,329,0000009a
structured8,inverse,255,330,000000e3
structured8,inverse,255,331,0000002f
structured8,inverse,255,332,00000076
structured8,inverse,255,333,000000bc
structured8,inverse,255,334,00000005
structured8,inverse,255,335,0000005d
structured8,inverse,255,336,00000094
structured8,inverse,255,337,000000ee
structured8,inverse,255,338,00000027
structured8,inverse,255,339,0000007b
structured8,inverse,255,340,000000b2
structured8,inverse,255,341,00000008
structured8,inverse,255,342,00000041
structured8,inverse,255,343,00000091
structured8,inverse,255,344,000000e8
structured8,inverse,255,345,00000022
structured8,inverse,255,346,0000007b
structured8,inverse,255,347,000000b7
structured8,inverse,255,348,0000000e
structured8,inverse,255,349,00000044
structured8,inverse,255,350,0000009d
structured8,inverse,255,351,000000f5
structured8,inverse,255,352,0000003c
structured8,inverse,255,353,00000066
structured8,inverse,255,354,000000af
structured8,inverse,255,355,00000013
structured8,inverse,255,356,0000005a
structured8,inverse,255,357,00000080
structured8,inverse,255,358,000000c9
structured8,inverse,255,359,00000039
structured8,inverse,255,360,00000060
structured8,inverse,255,361,000000aa
structured8,inverse,255,362,00000013
structured8,inverse,255,363,0000005f
structured8,inverse,255,364,00000086
structured8,inverse,255,365,000000cc
structured8,inverse,255,366,00000035
structured8,inverse,255,367,0000006d
structured8,inverse,255,368,000000a4
structured8,inverse,255,369,0000001e
structured8,inverse,255,370,00000057
structured8,inverse,255,371,0000008b
structured8,inverse,255,372,000000c2
structured8,inverse,255,373,00000038
structured8,inverse,255,374,00000071
structured8,inverse,255,375,000000a1
structured8,inverse,255,376,00000018
structured8,inverse,255,377,00000052
structured8,inverse,255,378,0000008b
structured8,inverse,255,379,000000c7
structured8,inverse,255,380,0000003e
structured8,inverse,255,381,00000074
structured8,inverse,255,382,000000ad
structured8,inverse,255,383,00000065
random8,forward,255,0,0000006f
random8,forward,255,1,000000f9
random8,forward,255,2,00000006
random8,forward,255,3,00000006
random8,forward,255,4,000000bc
random8,forward,255,5,000000f1
random8,forward,255,6,00000019
random8,forward,255,7,00000048
random8,forward,255,8,00000083
random8,forward,255,9,00000040
random8,forward,255,10,0000009c
random8,forward,255,11,0000009f
random8,forward,255,12,000000a0
random8,forward,255,13,00000092
random8,forward,255,14,000000ca
random8,forward,255,15,00000096
random8,forward,255,16,000000af
random8,forward,255,17,00000052
random8,forward,255,18,000000a0
random8,forward,255,19,0000007a
random8,forward,255,20,0000000b
random8,forward,255,21,000000ae
random8,forward,255,22,000000da
random8,forward,255,23,00000057
random8,forward,255,24,000000d1
random8,forward,255,25,00000090
random8,forward,255,26,000000f3
random8,forward,255,27,000000f9
random8,forward,255,28,000000dd
random8,forward,255,29,000000a4
random8,forward,255,30,00000028
random8,forward,255,31,000000ec
random8,forward,255,32,000000cb
random8,forward,255,33,00000058
random8,forward,255,34,00000075
random8,forward,255,35,0000007b
random8,forward,255,36,000000f6
random8,forward,255,37,000000d6
random8,forward,255,38,00000096
random8,forward,255,39,000000b3
random8,forward,255,40,0000007b
random8,forward,255,41,0000000b
random8,forward,255,42,00000007
random8,forward,255,43,00000060
random8,forward,255,44,00000036
random8,forward,255,45,000000a2
random8,forward,255,46,00000003
random8,forward,255,47,0000000e
random8,forward,255,48,000000c3
random8,forward,255,49,00000009
random8,forward,255,50,00000087
random8,forward,255,51,00000008
random8,forward,255,52,0000007d
random8,forward,255,53,0000006a
random8,forward,255,54,0000004f
random8,forward,255,55,0000005b
random8,forward,255,56,00000081
random8,forward,255,57,000000b2
random8,forward,255,58,000000d6
random8,forward,255,59,000000d3
random8,forward,255,60,000000ab
random8,forward,255,61,0000008d
random8,forward,255,62,00000059
random8,forward,255,63,000000fb
random8,forward,255,64,00000097
random8,forward,255,65,00000066
random8,forward,255,66,000000d4
random8,forward,255,67,00000020
random8,forward,255,68,000000a0
random8,forward,255,69,0000006a
random8,forward,255,70,00000003
random8,forward,255,71,0000004f
random8,forward,255,72,000000e3
random8,forward,255,73,00000085
random8,forward,255,74,00000061
random8,forward,255,75,00000051
random8,forward,255,76,0000003c
random8,forward,255,77,00000063
random8,forward,255,78,0000002c
random8,forward,255,79,000000b5
random8,forward,255,80,00000046
random8,forward,255,81,0000006f
random8,forward,255,82,0000005e
random8,forward,255,83,000000c5
random8,forward,255,84,0000005f
random8,forward,255,85,000000d6
random8,forward,255,86,000000b3
random8,forward,255,87,0000008e
random8,forward,255,88,000000a1
random8,forward,255,89,00000084
random8,forward,255,90,000000a9
random8,forward,255,91,000000dc
random8,forward,255,92,000000e9
random8,forward,255,93,00000025
random8,forward,255,94,0000007a
random8,forward,255,95,0000003b
random8,forward,255,96,000000d2
random8,forward,255,97,00000024
random8,forward,255,98,00000023
random8,forward,255,99,000000f6
random8,forward,255,100,000000ba
random8,forward,255,101,000000af
random8,forward,255,102,00000060
random8,forward,255,103,0000001a
random8,forward,255,104,000000bb
random8,forward,255,105,000000af
random8,forward,255,106,000000ac
random8,forward,255,107,00000073
random8,forward,255,108,000000b2
random8,forward,255,109,000000d3
random8,forward,255,110,00000045
random8,forward,255,111,0000008c
random8,forward,255,112,0000003a
random8,forward,255,113,00000086
random8,forward,255,114,00000025
random8,forward,255,115,000000b3
random8,forward,255,116,000000b1
random8,forward,255,117,000000f3
random8,forward,255,118,00000008
random8,forward,255,119,000000f2
random8,forward,255,120,00000031
random8,forward,255,121,00000007
random8,forward,255,122,0000006c
random8,forward,255,123,00000015
random8,forward,255,124,00000097
random8,forward,255,125,0000006d
random8,forward,255,126,0000008b
random8,forward,255,127,000000aa
random8,forward,255,128,0000007e
random8,forward,255,129,000000c6
random8,forward,255,130,0000004f
random8,forward,255,131,0000001b
random8,forward,255,132,000000ad
random8,forward,255,133,0000008e
random8,forward,255,134,000000f2
random8,forward,255,135,000000ad
random8,forward,255,136,00000084
random8,forward,255,137,000000ad
random8,forward,255,138,00000005
random8,forward,255,139,00000054
random8,forward,255,140,000000b1
random8,forward,255,141,000000cf
random8,forward,255,142,000000c3
random8,forward,255,143,0000009b
random8,forward,255,144,000000d0
random8,forward,255,145,0000005f
random8,forward,255,146,00000029
random8,forward,255,147,000000cf
random8,forward,255,148,0000003c
random8,forward,255,149,0000008b
random8,forward,255,150,000000f3
random8,forward,255,151,000000fc
random8,forward,255,152,00000012
random8,forward,255,153,0000003d
random8,forward,255,154,0000009c
random8,forward,255,155,000000ee
random8,forward,255,156,0000002e
random8,forward,255,157,00000021
random8,forward,255,158,00000061
random8,forward,255,159,00000031
random8,forward,255,160,0000002c
random8,forward,255,161,000000a5
random8,forward,255,162,0000003e
random8,forward,255,163,00000010
random8,forward,255,164,00000067
random8,forward,255,165,000000f3
random8,forward,255,166,000000ef
random8,forward,255,167,00000098
random8,forward,255,168,000000fc
random8,forward,255,169,000000f8
random8,forward,255,170,000000f0
random8,forward,255,171,00000095
random8,forward,255,172,000000c7
random8,forward,255,173,0000005f
random8,forward,255,174,0000007c
random8,forward,255,175,00000093
random8,forward,255,176,00000064
random8,forward,255,177,00000096
random8,forward,255,178,00000090
random8,forward,255,179,000000dd
random8,forward,255,180,0000002e
random8,forward,255,181,000000c7
random8,forward,255,182,000000e8
random8,forward,255,183,00000080
random8,forward,255,184,00000042
random8,forward,255,185,000000df
random8,forward,255,186,000000ff
random8,forward,255,187,00000048
random8,forward,255,188,0000007c
random8,forward,255,189,0000008a
random8,forward,255,190,00000012
random8,forward,255,191,000000c0
random8,forward,255,192,00000078
random8,forward,255,193,00000033
random8,forward,255,194,0000001d
random8,forward,255,195,00000035
random8,forward,255,196,00000091
random8,forward,255,197,00000007
random8,forward,255,198,000000dc
random8,forward,255,199,000000b4
random8,forward,255,200,000000e4
random8,forward,255,201,000000f2
random8,forward,255,202,000000ca
random8,forward,255,203,00000006
random8,forward,255,204,0000004d
random8,forward,255,205,000000a0
random8,forward,255,206,00000025
random8,forward,255,207,000000ba
random8,forward,255,208,00000067
random8,forward,255,209,0000007c
random8,forward,255,210,000000e7
random8,forward,255,211,0000001a
random8,forward,255,212,00000090
random8,forward,255,213,000000b3
random8,forward,255,214,000000cc
random8,forward,255,215,00000033
random8,forward,255,216,000000e2
random8,forward,255,217,00000031
random8,forward,255,218,00000052
random8,forward,255,219,000000d1
random8,forward,255,220,0000003a
random8,forward,255,221,000000a2
random8,forward,255,222,000000b3
random8,forward,255,223,00000080
random8,forward,255,224,00000033
random8,forward,255,225,00000071
random8,forward,255,226,000000ec
random8,forward,255,227,0000008b
random8,forward,255,228,0000002b
random8,forward,255,229,000000cc
random8,forward,255,230,000000b9
random8,forward,255,231,000000ff
random8,forward,255,232,0000003c
random8,forward,255,233,0000009c
random8,forward,255,234,00000095
random8,forward,255,235,000000a8
random8,forward,255,236,00000043
random8,forward,255,237,00000090
random8,forward,255,238,000000be
random8,forward,255,239,00000011
random8,forward,255,240,000000db
random8,forward,255,241,00000013
random8,forward,255,242,0000002e
random8,forward,255,243,00000088
random8,forward,255,244,00000062
random8,forward,255,245,00000050
random8,forward,255,246,000000a1
random8,forward,255,247,00000017
random8,forward,255,248,000000f2
random8,forward,255,249,00000034
random8,forward,255,250,00000095
random8,forward,255,251,0000008a
random8,forward,255,252,00000068
random8,forward,255,253,0000006a
random8,forward,255,254,00000044
random8,forward,255,255,0000006f
random8,forward,255,256,0000005f
random8,forward,255,257,00000060
random8,forward,255,258,000000ab
random8,forward,255,259,00000010
random8,forward,255,260,00000035
random8,forward,255,261,00000040
random8,forward,255,262,00000086
random8,forward,255,263,0000007a
random8,forward,255,264,00000004
random8,forward,255,265,000000f7
random8,forward,255,266,00000050
random8,forward,255,267,00000079
random8,forward,255,268,000000a9
random8,forward,255,269,00000031
random8,forward,255,270,00000046
random8,forward,255,271,00000099
random8,forward,255,272,000000bf
random8,forward,255,273,00000059
random8,forward,255,274,00000064
random8,forward,255,275,00000025
random8,forward,255,276,000000a4
random8,forward,255,277,0000009c
random8,forward,255,278,00000066
random8,forward,255,279,0000002a
random8,forward,255,280,00000072
random8,forward,255,281,000000e6
random8,forward,255,282,000000c8
random8,forward,255,283,00000074
random8,forward,255,284,00000006
random8,forward,255,285,000000e3
random8,forward,255,286,000000c5
random8,forward,255,287,0000008e
random8,forward,255,288,000000fb
random8,forward,255,289,000000fe
random8,forward,255,290,0000005a
random8,forward,255,291,000000c6
random8,forward,255,292,000000ae
random8,forward,255,293,00000064
random8,forward,255,294,00000043
random8,forward,255,295,00000026
random8,forward,255,296,0000003c
random8,forward,255,297,00000001
random8,forward,255,298,000000fb
random8,forward,255,299,0000007a
random8,forward,255,300,0000007e
random8,forward,255,301,00000081
random8,forward,255,302,000000bf
random8,forward,255,303,00000050
random8,forward,255,304,00000013
random8,forward,255,305,0000004f
random8,forward,255,306,0000008b
random8,forward,255,307,000000f2
random8,forward,255,308,00000055
random8,forward,255,309,00000098
random8,forward,255,310,0000001b
random8,forward,255,311,0000006d
random8,forward,255,312,00000062
random8,forward,255,313,00000048
random8,forward,255,314,000000eb
random8,forward,255,315,0000008d
random8,forward,255,316,00000013
random8,forward,255,317,0000000b
random8,forward,255,318,00000036
random8,forward,255,319,000000de
random8,forward,255,320,00000007
random8,forward,255,321,0000004d
random8,forward,255,322,000000f9
random8,forward,255,323,000000ab
random8,forward,255,324,00000098
random8,forward,255,325,00000039
random8,forward,255,326,000000ef
random8,forward,255,327,00000001
random8,forward,255,328,000000e3
random8,forward,255,329,000000bc
random8,forward,255,330,00000096
random8,forward,255,331,000000ac
random8,forward,255,332,000000c4
random8,forward,255,333,00000081
random8,forward,255,334,00000028
random8,forward,255,335,00000037
random8,forward,255,336,000000d7
random8,forward,255,337,000000f6
random8,forward,255,338,000000a2
random8,forward,255,339,000000f0
random8,forward,255,340,00000077
random8,forward,255,341,00000045
random8,forward,255,342,000000c0
random8,forward,255,343,000000e1
random8,forward,255,344,000000c1
random8,forward,255,345,0000005b
random8,forward,255,346,000000fd
random8,forward,255,347,000000d7
random8,forward,255,348,00000091
random8,forward,255,349,000000e3
random8,forward,255,350,00000097
random8,forward,255,351,0000005d
random8,forward,255,352,00000083
random8,forward,255,353,0000004b
random8,forward,255,354,00000088
random8,forward,255,355,000000c0
random8,forward,255,356,000000f2
random8,forward,255,357,000000bd
random8,forward,255,358,0000008c
random8,forward,255,359,0000000c
random8,forward,255,360,000000fb
random8,forward,255,361,00000026
random8,forward,255,362,00000021
random8,forward,255,363,0000000d
random8,forward,255,364,0000007a
random8,forward,255,365,00000032
random8,forward,255,366,00000081
random8,forward,255,367,0000004f
random8,forward,255,368,0000000b
random8,forward,255,369,0000004c
random8,forward,255,370,000000a9
random8,forward,255,371,0000001d
random8,forward,255,372,00000009
random8,forward,255,373,000000a1
random8,forward,255,374,00000055
random8,forward,255,375,00000084
random8,forward,255,376,00000091
random8,forward,255,377,0000001d
random8,forward,255,378,00000000
random8,forward,255,379,00000050
random8,forward,255,380,0000007f
random8,forward,255,381,0000006c
random8,forward,255,382,000000e7
random8,forward,255,383,0000000c
random8,inverse,255,0,000000ab
random8,inverse,255,1,00000010
random8,inverse,255,2,00000035
random8,inverse,255,3,00000040
random8,inverse,255,4,00000086
random8,inverse,255,5,0000007a
random8,inverse,255,6,00000004
random8,inverse,255,7,000000f7
random8,inverse,255,8,00000050
random8,inverse,255,9,00000079
random8,inverse,255,10,000000a9
random8,inverse,255,11,00000031
random8,inverse,255,12,00000046
random8,inverse,255,13,00000099
random8,inverse,255,14,000000bf
random8,inverse,255,15,00000059
random8,inverse,255,16,00000064
random8,inverse,255,17,00000025
random8,inverse,255,18,000000a4
random8,inverse,255,19,0000009c
random8,inverse,255,20,00000066
random8,inverse,255,21,0000002a
random8,inverse,255,22,00000072
random8,inverse,255,23,000000e6
random8,inverse,255,24,000000c8
random8,inverse,255,25,00000074
random8,inverse,255,26,00000006
random8,inverse,255,27,000000e3
random8,inverse,255,28,000000c5
random8,inverse,255,29,0000008e
random8,inverse,255,30,000000fb
random8,inverse,255,31,000000fe
random8,inverse,255,32,0000005a
random8,inverse,255,33,000000c6
random8,inverse,255,34,000000ae
random8,inverse,255,35,00000064
random8,inverse,255,36,00000043
random8,inverse,255,37,00000026
random8,inverse,255,38,0000003c
random8,inverse,255,39,00000001
random8,inverse,255,40,000000fb
random8,inverse,255,41,0000007a
random8,inverse,255,42,0000007e
random8,inverse,255,43,00000081
random8,inverse,255,44,000000bf
random8,inverse,255,45,00000050
random8,inverse,255,46,00000013
random8,inverse,255,47,0000004f
random8,inverse,255,48,0000008b
random8,inverse,255,49,000000f2
random8,inverse,255,50,00000055
random8,inverse,255,51,00000098
random8,inverse,255,52,0000001b
random8,inverse,255,53,0000006d
random8,inverse,255,54,00000062
random8,inverse,255,55,00000048
random8,inverse,255,56,000000eb
random8,inverse,255,57,0000008d
random8,inverse,255,58,00000013
random8,inverse,255,59,0000000b
random8,inverse,255,60,00000036
random8,inverse,255,61,000000de
random8,inverse,255,62,00000007
random8,inverse,255,63,0000004d
random8,inverse,255,64,000000f9
random8,inverse,255,65,000000ab
random8,inverse,255,66,00000098
random8,inverse,255,67,00000039
random8,inverse,255,68,000000ef
random8,inverse,255,69,00000001
random8,inverse,255,70,000000e3
random8,inverse,255,71,000000bc
random8,inverse,255,72,00000096
random8,inverse,255,73,000000ac
random8,inverse,255,74,000000c4
random8,inverse,255,75,00000081
random8,inverse,255,76,00000028
random8,inverse,255,77,00000037
random8,inverse,255,78,000000d7
random8,inverse,255,79,000000f6
random8,inverse,255,80,000000a2
random8,inverse,255,81,000000f0
random8,inverse,255,82,00000077
random8,inverse,255,83,00000045
random8,inverse,255,84,000000c0
random8,inverse,255,85,000000e1
random8,inverse,255,86,000000c1
random8,inverse,255,87,0000005b
random8,inverse,255,88,000000fd
random8,inverse,255,89,000000d7
random8,inverse,255,90,00000091
random8,inverse,255,91,000000e3
random8,inverse,255,92,00000097
random8,inverse,255,93,0000005d
random8,inverse,255,94,00000083
random8,inverse,255,95,0000004b
random8,inverse,255,96,00000088
random8,inverse,255,97,000000c0
random8,inverse,255,98,000000f2
random8,inverse,255,99,000000bd
random8,inverse,255,100,0000008c
random8,inverse,255,101,0000000c
random8,inverse,255,102,000000fb
random8,inverse,255,103,00000026
random8,inverse,255,104,00000021
random8,inverse,255,105,0000000d
random8,inverse,255,106,0000007a
random8,inverse,255,107,00000032
random8,inverse,255,108,00000081
random8,inverse,255,109,0000004f
random8,inverse,255,110,0000000b
random8,inverse,255,111,0000004c
random8,inverse,255,112,000000a9
random8,inverse,255,113,0000001d
random8,inverse,255,114,00000009
random8,inverse,255,115,000000a1
random8,inverse,255,116,00000055
random8,inverse,255,117,00000084
random8,inverse,255,118,00000091
random8,inverse,255,119,0000001d
random8,inverse,255,120,00000000
random8,inverse,255,121,00000050
random8,inverse,255,122,0000007f
random8,inverse,255,123,0000006c
random8,inverse,255,124,000000e7
random8,inverse,255,125,0000000c
random8,inverse,255,126,0000006f
random8,inverse,255,127,000000f9
random8,inverse,255,128,00000006
random8,inverse,255,129,00000006
random8,inverse,255,130,000000bc
random8,inverse,255,131,000000f1
random8,inverse,255,132,00000019
random8,inverse,255,133,00000048
random8,inverse,255,134,00000083
random8,inverse,255,135,00000040
random8,inverse,255,136,0000009c
random8,inverse,255,137,0000009f
random8,inverse,255,138,000000a0
random8,inverse,255,139,00000092
random8,inverse,255,140,000000ca
random8,inverse,255,141,00000096
random8,inverse,255,142,000000af
random8,inverse,255,143,00000052
random8,inverse,255,144,000000a0
random8,inverse,255,145,0000007a
random8,inverse,255,146,0000000b
random8,inverse,255,147,000000ae
random8,inverse,255,148,000000da
random8,inverse,255,149,00000057
random8,inverse,255,150,000000d1
random8,inverse,255,151,00000090
random8,inverse,255,152,000000f3
random8,inverse,255,153,000000f9
random8,inverse,255,154,000000dd
random8,inverse,255,155,000000a4
random8,inverse,255,156,00000028
random8,inverse,255,157,000000ec
random8,inverse,255,158,000000cb
random8,inverse,255,159,00000058
random8,inverse,255,160,00000075
random8,inverse,255,161,0000007b
random8,inverse,255,162,000000f6
random8,inverse,255,163,000000d6
random8,inverse,255,164,00000096
random8,inverse,255,165,000000b3
random8,inverse,255,166,0000007b
random8,inverse,255,167,0000000b
random8,inverse,255,168,00000007
random8,inverse,255,169,00000060
random8,inverse,255,170,00000036
random8,inverse,255,171,000000a2
random8,inverse,255,172,00000003
random8,inverse,255,173,0000000e
random8,inverse,255,174,000000c3
random8,inverse,255,175,00000009
random8,inverse,255,176,00000087
random8,inverse,255,177,00000008
random8,inverse,255,178,0000007d
random8,inverse,255,179,0000006a
random8,inverse,255,180,0000004f
random8,inverse,255,181,0000005b
random8,inverse,255,182,00000081
random8,inverse,255,183,000000b2
random8,inverse,255,184,000000d6
random8,inverse,255,185,000000d3
random8,inverse,255,186,000000ab
random8,inverse,255,187,0000008d
random8,inverse,255,188,00000059
random8,inverse,255,189,000000fb
random8,inverse,255,190,00000097
random8,inverse,255,191,00000066
random8,inverse,255,192,000000d4
random8,inverse,255,193,00000020
random8,inverse,255,194,000000a0
random8,inverse,255,195,0000006a
random8,inverse,255,196,00000003
random8,inverse,255,197,0000004f
random8,inverse,255,198,000000e3
random8,inverse,255,199,00000085
random8,inverse,255,200,00000061
random8,inverse,255,201,00000051
random8,inverse,255,202,0000003c
random8,inverse,255,203,00000063
random8,inverse,255,204,0000002c
random8,inverse,255,205,000000b5
random8,inverse,255,206,00000046
random8,inverse,255,207,0000006f
random8,inverse,255,208,0000005e
random8,inverse,255,209,000000c5
random8,inverse,255,210,0000005f
random8,inverse,255,211,000000d6
random8,inverse,255,212,000000b3
random8,inverse,255,213,0000008e
random8,inverse,255,214,000000a1
random8,inverse,255,215,00000084
random8,inverse,255,216,000000a9
random8,inverse,255,217,000000dc
random8,inverse,255,218,000000e9
random8,inverse,255,219,00000025
random8,inverse,255,220,0000007a
random8,inverse,255,221,0000003b
random8,inverse,255,222,000000d2
random8,inverse,255,223,00000024
random8,inverse,255,224,00000023
random8,inverse,255,225,000000f6
random8,inverse,255,226,000000ba
random8,inverse,255,227,000000af
random8,inverse,255,228,00000060
random8,inverse,255,229,0000001a
random8,inverse,255,230,000000bb
random8,inverse,255,231,000000af
random8,inverse,255,232,000000ac
random8,inverse,255,233,00000073
random8,inverse,255,234,000000b2
random8,inverse,255,235,000000d3
random8,inverse,255,236,00000045
random8,inverse,255,237,0000008c
random8,inverse,255,238,0000003a
random8,inverse,255,239,00000086
random8,inverse,255,240,00000025
random8,inverse,255,241,000000b3
random8,inverse,255,242,000000b1
random8,inverse,255,243,000000f3
random8,inverse,255,244,00000008
random8,inverse,255,245,000000f2
random8,inverse,255,246,00000031
random8,inverse,255,247,00000007
random8,inverse,255,248,0000006c
random8,inverse,255,249,00000015
random8,inverse,255,250,00000097
random8,inverse,255,251,0000006d
random8,inverse,255,252,0000008b
random8,inverse,255,253,000000aa
random8,inverse,255,254,0000007e
random8,inverse,255,255,000000c6
random8,inverse,255,256,0000004f
random8,inverse,255,257,0000001b
random8,inverse,255,258,000000ad
random8,inverse,255,259,0000008e
random8,inverse,255,260,000000f2
random8,inverse,255,261,000000ad
random8,inverse,255,262,00000084
random8,inverse,255,263,000000ad
random8,inverse,255,264,00000005
random8,inverse,255,265,00000054
random8,inverse,255,266,000000b1
random8,inverse,255,267,000000cf
random8,inverse,255,268,000000c3
random8,inverse,255,269,0000009b
random8,inverse,255,270,000000d0
random8,inverse,255,271,0000005f
random8,inverse,255,272,00000029
random8,inverse,255,273,000000cf
random8,inverse,255,274,0000003c
random8,inverse,255,275,0000008b
random8,inverse,255,276,000000f3
random8,inverse,255,277,000000fc
random8,inverse,255,278,00000012
random8,inverse,255,279,0000003d
random8,inverse,255,280,0000009c
random8,inverse,255,281,000000ee
random8,inverse,255,282,0000002e
random8,inverse,255,283,00000021
random8,inverse,255,284,00000061
random8,inverse,255,285,00000031
random8,inverse,255,286,0000002c
random8,inverse,255,287,000000a5
random8,inverse,255,288,0000003e
random8,inverse,255,289,00000010
random8,inverse,255,290,00000067
random8,inverse,255,291,000000f3
random8,inverse,255,292,000000ef
random8,inverse,255,293,00000098
random8,inverse,255,294,000000fc
random8,inverse,255,295,000000f8
random8,inverse,255,296,000000f0
random8,inverse,255,297,00000095
random8,inverse,255,298,000000c7
random8,inverse,255,299,0000005f
random8,inverse,255,300,0000007c
random8,inverse,255,301,00000093
random8,inverse,255,302,00000064
random8,inverse,255,303,00000096
random8,inverse,255,304,00000090
random8,inverse,255,305,000000dd
random8,inverse,255,306,0000002e
random8,inverse,255,307,000000c7
random8,inverse,255,308,000000e8
random8,inverse,255,309,00000080
random8,inverse,255,310,00000042
random8,inverse,255,311,000000df
random8,inverse,255,312,000000ff
random8,inverse,255,313,00000048
random8,inverse,255,314,0000007c
random8,inverse,255,315,0000008a
random8,inverse,255,316,00000012
random8,inverse,255,317,000000c0
random8,inverse,255,318,00000078
random8,inverse,255,319,00000033
random8,inverse,255,320,0000001d
random8,inverse,255,321,00000035
random8,inverse,255,322,00000091
random8,inverse,255,323,00000007
random8,inverse,255,324,000000dc
random8,inverse,255,325,000000b4
random8,inverse,255,326,000000e4
random8,inverse,255,327,000000f2
random8,inverse,255,328,000000ca
random8,inverse,255,329,00000006
random8,inverse,255,330,0000004d
random8,inverse,255,331,000000a0
random8,inverse,255,332,00000025
random8,inverse,255,333,000000ba
random8,inverse,255,334,00000067
random8,inverse,255,335,0000007c
random8,inverse,255,336,000000e7
random8,inverse,255,337,0000001a
random8,inverse,255,338,00000090
random8,inverse,255,339,000000b3
random8,inverse,255,340,000000cc
random8,inverse,255,341,00000033
random8,inverse,255,342,000000e2
random8,inverse,255,343,00000031
random8,inverse,255,344,00000052
random8,inverse,255,345,000000d1
random8,inverse,255,346,0000003a
random8,inverse,255,347,000000a2
random8,inverse,255,348,000000b3
random8,inverse,255,349,00000080
random8,inverse,255,350,00000033
random8,inverse,255,351,00000071
random8,inverse,255,352,000000ec
random8,inverse,255,353,0000008b
random8,inverse,255,354,0000002b
random8,inverse,255,355,000000cc
random8,inverse,255,356,000000b9
random8,inverse,255,357,000000ff
random8,inverse,255,358,0000003c
random8,inverse,255,359,0000009c
random8,inverse,255,360,00000095
random8,inverse,255,361,000000a8
random8,inverse,255,362,00000043
random8,inverse,255,363,00000090
random8,inverse,255,364,000000be
random8,inverse,255,365,00000011
random8,inverse,255,366,000000db
random8,inverse,255,367,00000013
random8,inverse,255,368,0000002e
random8,inverse,255,369,00000088
random8,inverse,255,370,00000062
random8,inverse,255,371,00000050
random8,inverse,255,372,000000a1
random8,inverse,255,373,00000017
random8,inverse,255,374,000000f2
random8,inverse,255,375,00000034
random8,inverse,255,376,00000095
random8,inverse,255,377,0000008a
random8,inverse,255,378,00000068
random8,inverse,255,379,0000006a
random8,inverse,255,380,00000044
random8,inverse,255,381,0000006f
random8,inverse,255,382,0000005f
random8,inverse,255,383,00000060
structured8,forward,383,0,0000002d
structured8,forward,383,1,000000a5
structured8,forward,383,2,000000ec
structured8,forward,383,3,00000036
structured8,forward,383,4,0000007f
structured8,forward,383,5,00000083
structured8,forward,383,6,000000ca
structured8,forward,383,7,00000010
structured8,forward,383,8,00000059
structured8,forward,383,9,000000e9
structured8,forward,383,10,00000030
structured8,forward,383,11,0000007a
structured8,forward,383,12,00000083
structured8,forward,383,13,000000cf
structured8,forward,383,14,00000016
structured8,forward,383,15,0000005c
structured8,forward,383,16,000000e5
structured8,forward,383,17,0000003d
structured8,forward,383,18,00000074
structured8,forward,383,19,0000008e
structured8,forward,383,20,000000c7
structured8,forward,383,21,0000001b
structured8,forward,383,22,00000052
structured8,forward,383,23,000000e8
structured8,forward,383,24,00000021
structured8,forward,383,25,00000071
structured8,forward,383,26,00000088
structured8,forward,383,27,000000c2
structured8,forward,383,28,0000001b
structured8,forward,383,29,00000057
structured8,forward,383,30,000000ee
structured8,forward,383,31,00000024
structured8,forward,383,32,0000007d
structured8,forward,383,33,00000095
structured8,forward,383,34,000000dc
structured8,forward,383,35,00000006
structured8,forward,383,36,0000004f
structured8,forward,383,37,000000f3
structured8,forward,383,38,0000003a
structured8,forward,383,39,00000060
structured8,forward,383,40,000000a9
structured8,forward,383,41,000000d9
structured8,forward,383,42,00000000
structured8,forward,383,43,0000004a
structured8,forward,383,44,000000f3
structured8,forward,383,45,0000003f
structured8,forward,383,46,00000066
structured8,forward,383,47,000000ac
structured8,forward,383,48,000000d5
structured8,forward,383,49,0000000d
structured8,forward,383,50,00000044
structured8,forward,383,51,000000fe
structured8,forward,383,52,00000037
structured8,forward,383,53,0000006b
structured8,forward,383,54,000000a2
structured8,forward,383,55,000000d8
structured8,forward,383,56,00000011
structured8,forward,383,57,00000041
structured8,forward,383,58,000000f8
structured8,forward,383,59,00000032
structured8,forward,383,60,0000006b
structured8,forward,383,61,000000a7
structured8,forward,383,62,000000de
structured8,forward,383,63,00000014
structured8,forward,383,64,0000004d
structured8,forward,383,65,000000c5
structured8,forward,383,66,0000000c
structured8,forward,383,67,00000056
structured8,forward,383,68,0000009f
structured8,forward,383,69,000000e3
structured8,forward,383,70,0000002a
structured8,forward,383,71,00000070
structured8,forward,383,72,000000b9
structured8,forward,383,73,00000009
structured8,forward,383,74,00000050
structured8,forward,383,75,0000009a
structured8,forward,383,76,000000e3
structured8,forward,383,77,0000002f
structured8,forward,383,78,00000076
structured8,forward,383,79,000000bc
structured8,forward,383,80,00000005
structured8,forward,383,81,0000005d
structured8,forward,383,82,00000094
structured8,forward,383,83,000000ee
structured8,forward,383,84,00000027
structured8,forward,383,85,0000007b
structured8,forward,383,86,000000b2
structured8,forward,383,87,00000008
structured8,forward,383,88,00000041
structured8,forward,383,89,00000091
structured8,forward,383,90,000000e8
structured8,forward,383,91,00000022
structured8,forward,383,92,0000007b
structured8,forward,383,93,000000b7
structured8,forward,383,94,0000000e
structured8,forward,383,95,00000044
structured8,forward,383,96,0000009d
structured8,forward,383,97,000000f5
structured8,forward,383,98,0000003c
structured8,forward,383,99,00000066
structured8,forward,383,100,000000af
structured8,forward,383,101,00000013
structured8,forward,383,102,0000005a
structured8,forward,383,103,00000080
structured8,forward,383,104,000000c9
structured8,forward,383,105,00000039
structured8,forward,383,106,00000060
structured8,forward,383,107,000000aa
structured8,forward,383,108,00000013
structured8,forward,383,109,0000005f
structured8,forward,383,110,00000086
structured8,forward,383,111,000000cc
structured8,forward,383,112,00000035
structured8,forward,383,113,0000006d
structured8,forward,383,114,000000a4
structured8,forward,383,115,0000001e
structured8,forward,383,116,00000057
structured8,forward,383,117,0000008b
structured8,forward,383,118,000000c2
structured8,forward,383,119,00000038
structured8,forward,383,120,00000071
structured8,forward,383,121,000000a1
structured8,forward,383,122,00000018
structured8,forward,383,123,00000052
structured8,forward,383,124,0000008b
structured8,forward,383,125,000000c7
structured8,forward,383,126,0000003e
structured8,forward,383,127,00000074
structured8,forward,383,128,000000ad
structured8,forward,383,129,00000065
structured8,forward,383,130,0000002c
structured8,forward,383,131,000000f6
structured8,forward,383,132,000000bf
structured8,forward,383,133,00000043
structured8,forward,383,134,0000000a
structured8,forward,383,135,000000d0
structured8,forward,383,136,00000099
structured8,forward,383,137,00000029
structured8,forward,383,138,000000f0
structured8,forward,383,139,000000ba
structured8,forward,383,140,00000043
structured8,forward,383,141,0000000f
structured8,forward,383,142,000000d6
structured8,forward,383,143,0000009c
structured8,forward,383,144,00000025
structured8,forward,383,145,000000fd
structured8,forward,383,146,000000b4
structured8,forward,383,147,0000004e
structured8,forward,383,148,00000007
structured8,forward,383,149,000000db
structured8,forward,383,150,00000092
structured8,forward,383,151,00000028
structured8,forward,383,152,000000e1
structured8,forward,383,153,000000b1
structured8,forward,383,154,00000048
structured8,forward,383,155,00000002
structured8,forward,383,156,000000db
structured8,forward,383,157,00000097
structured8,forward,383,158,0000002e
structured8,forward,383,159,000000e4
structured8,forward,383,160,000000bd
structured8,forward,383,161,00000055
structured8,forward,383,162,0000001c
structured8,forward,383,163,000000c6
structured8,forward,383,164,0000008f
structured8,forward,383,165,00000033
structured8,forward,383,166,000000fa
structured8,forward,383,167,000000a0
structured8,forward,383,168,00000069
structured8,forward,383,169,00000019
structured8,forward,383,170,000000c0
structured8,forward,383,171,0000008a
structured8,forward,383,172,00000033
structured8,forward,383,173,000000ff
structured8,forward,383,174,000000a6
structured8,forward,383,175,0000006c
structured8,forward,383,176,00000015
structured8,forward,383,177,000000cd
structured8,forward,383,178,00000084
structured8,forward,383,179,0000003e
structured8,forward,383,180,000000f7
structured8,forward,383,181,000000ab
structured8,forward,383,182,00000062
structured8,forward,383,183,00000018
structured8,forward,383,184,000000d1
structured8,forward,383,185,00000081
structured8,forward,383,186,00000038
structured8,forward,383,187,000000f2
structured8,forward,383,188,000000ab
structured8,forward,383,189,00000067
structured8,forward,383,190,0000001e
structured8,forward,383,191,000000d4
structured8,forward,383,192,0000008d
structured8,forward,383,193,00000005
structured8,forward,383,194,000000cc
structured8,forward,383,195,00000096
structured8,forward,383,196,0000005f
structured8,forward,383,197,00000023
structured8,forward,383,198,000000ea
structured8,forward,383,199,000000b0
structured8,forward,383,200,00000079
structured8,forward,383,201,000000c9
structured8,forward,383,202,00000090
structured8,forward,383,203,0000005a
structured8,forward,383,204,00000023
structured8,forward,383,205,000000ef
structured8,forward,383,206,000000b6
structured8,forward,383,207,0000007c
structured8,forward,383,208,000000c5
structured8,forward,383,209,0000009d
structured8,forward,383,210,00000054
structured8,forward,383,211,0000002e
structured8,forward,383,212,000000e7
structured8,forward,383,213,000000bb
structured8,forward,383,214,00000072
structured8,forward,383,215,000000c8
structured8,forward,383,216,00000081
structured8,forward,383,217,00000051
structured8,forward,383,218,00000028
structured8,forward,383,219,000000e2
structured8,forward,383,220,000000bb
structured8,forward,383,221,00000077
structured8,forward,383,222,000000ce
structured8,forward,383,223,00000084
structured8,forward,383,224,0000005d
structured8,forward,383,225,00000035
structured8,forward,383,226,000000fc
structured8,forward,383,227,000000a6
structured8,forward,383,228,0000006f
structured8,forward,383,229,000000d3
structured8,forward,383,230,0000009a
structured8,forward,383,231,00000040
structured8,forward,383,232,00000009
structured8,forward,383,233,000000f9
structured8,forward,383,234,000000a0
structured8,forward,383,235,0000006a
structured8,forward,383,236,000000d3
structured8,forward,383,237,0000009f
structured8,forward,383,238,00000046
structured8,forward,383,239,0000000c
structured8,forward,383,240,000000f5
structured8,forward,383,241,000000ad
structured8,forward,383,242,00000064
structured8,forward,383,243,000000de
structured8,forward,383,244,00000097
structured8,forward,383,245,0000004b
structured8,forward,383,246,00000002
structured8,forward,383,247,000000f8
structured8,forward,383,248,000000b1
structured8,forward,383,249,00000061
structured8,forward,383,250,000000d8
structured8,forward,383,251,00000092
structured8,forward,383,252,0000004b
structured8,forward,383,253,00000007
structured8,forward,383,254,000000fe
structured8,forward,383,255,000000b4
structured8,forward,383,256,0000006d
structured8,forward,383,257,00000025
structured8,forward,383,258,0000006c
structured8,forward,383,259,000000b6
structured8,forward,383,260,000000ff
structured8,forward,383,261,00000003
structured8,forward,383,262,0000004a
structured8,forward,383,263,00000090
structured8,forward,383,264,000000d9
structured8,forward,383,265,00000069
structured8,forward,383,266,000000b0
structured8,forward,383,267,000000fa
structured8,forward,383,268,00000003
structured8,forward,383,269,0000004f
structured8,forward,383,270,00000096
structured8,forward,383,271,000000dc
structured8,forward,383,272,00000065
structured8,forward,383,273,000000bd
structured8,forward,383,274,000000f4
structured8,forward,383,275,0000000e
structured8,forward,383,276,00000047
structured8,forward,383,277,0000009b
structured8,forward,383,278,000000d2
structured8,forward,383,279,00000068
structured8,forward,383,280,000000a1
structured8,forward,383,281,000000f1
structured8,forward,383,282,00000008
structured8,forward,383,283,00000042
structured8,forward,383,284,0000009b
structured8,forward,383,285,000000d7
structured8,forward,383,286,0000006e
structured8,forward,383,287,000000a4
structured8,forward,383,288,000000fd
structured8,forward,383,289,00000015
structured8,forward,383,290,0000005c
structured8,forward,383,291,00000086
structured8,forward,383,292,000000cf
structured8,forward,383,293,00000073
structured8,forward,383,294,000000ba
structured8,forward,383,295,000000e0
structured8,forward,383,296,00000029
structured8,forward,383,297,00000059
structured8,forward,383,298,00000080
structured8,forward,383,299,000000ca
structured8,forward,383,300,00000073
structured8,forward,383,301,000000bf
structured8,forward,383,302,000000e6
structured8,forward,383,303,0000002c
structured8,forward,383,304,00000055
structured8,forward,383,305,0000008d
structured8,forward,383,306,000000c4
structured8,forward,383,307,0000007e
structured8,forward,383,308,000000b7
structured8,forward,383,309,000000eb
structured8,forward,383,310,00000022
structured8,forward,383,311,00000058
structured8,forward,383,312,00000091
structured8,forward,383,313,000000c1
structured8,forward,383,314,00000078
structured8,forward,383,315,000000b2
structured8,forward,383,316,000000eb
structured8,forward,383,317,00000027
structured8,forward,383,318,0000005e
structured8,forward,383,319,00000094
structured8,forward,383,320,000000cd
structured8,forward,383,321,00000045
structured8,forward,383,322,0000008c
structured8,forward,383,323,000000d6
structured8,forward,383,324,0000001f
structured8,forward,383,325,00000063
structured8,forward,383,326,000000aa
structured8,forward,383,327,000000f0
structured8,forward,383,328,00000039
structured8,forward,383,329,00000089
structured8,forward,383,330,000000d0
structured8,forward,383,331,0000001a
structured8,forward,383,332,00000063
structured8,forward,383,333,000000af
structured8,forward,383,334,000000f6
structured8,forward,383,335,0000003c
structured8,forward,383,336,00000085
structured8,forward,383,337,000000dd
structured8,forward,383,338,00000014
structured8,forward,383,339,0000006e
structured8,forward,383,340,000000a7
structured8,forward,383,341,000000fb
structured8,forward,383,342,00000032
structured8,forward,383,343,00000088
structured8,forward,383,344,000000c1
structured8,forward,383,345,00000011
structured8,forward,383,346,00000068
structured8,forward,383,347,000000a2
structured8,forward,383,348,000000fb
structured8,forward,383,349,00000037
structured8,forward,383,350,0000008e
structured8,forward,383,351,000000c4
structured8,forward,383,352,0000001d
structured8,forward,383,353,00000075
structured8,forward,383,354,000000bc
structured8,forward,383,355,000000e6
structured8,forward,383,356,0000002f
structured8,forward,383,357,00000093
structured8,forward,383,358,000000da
structured8,forward,383,359,00000000
structured8,forward,383,360,00000049
structured8,forward,383,361,000000b9
structured8,forward,383,362,000000e0
structured8,forward,383,363,0000002a
structured8,forward,383,364,00000093
structured8,forward,383,365,000000df
structured8,forward,383,366,00000006
structured8,forward,383,367,0000004c
structured8,forward,383,368,000000b5
structured8,forward,383,369,000000ed
structured8,forward,383,370,00000024
structured8,forward,383,371,0000009e
structured8,forward,383,372,000000d7
structured8,forward,383,373,0000000b
structured8,forward,383,374,00000042
structured8,forward,383,375,000000b8
structured8,forward,383,376,000000f1
structured8,forward,383,377,00000021
structured8,forward,383,378,00000098
structured8,forward,383,379,000000d2
structured8,forward,383,380,0000000b
structured8,forward,383,381,00000047
structured8,forward,383,382,000000be
structured8,forward,383,383,000000f4
structured8,inverse,383,0,000000ec
structured8,inverse,383,1,00000036
structured8,inverse,383,2,0000007f
structured8,inverse,383,3,00000083
structured8,inverse,383,4,000000ca
structured8,inverse,383,5,00000010
structured8,inverse,383,6,00000059
structured8,inverse,383,7,000000e9
structured8,inverse,383,8,00000030
structured8,inverse,383,9,0000007a
structured8,inverse,383,10,00000083
structured8,inverse,383,11,000000cf
structured8,inverse,383,12,00000016
structured8,inverse,383,13,0000005c
structured8,inverse,383,14,000000e5
structured8,inverse,383,15,0000003d
structured8,inverse,383,16,00000074
structured8,inverse,383,17,0000008e
structured8,inverse,383,18,000000c7
structured8,inverse,383,19,0000001b
structured8,inverse,383,20,00000052
structured8,inverse,383,21,000000e8
structured8,inverse,383,22,00000021
structured8,inverse,383,23,00000071
structured8,inverse,383,24,00000088
structured8,inverse,383,25,000000c2
structured8,inverse,383,26,0000001b
structured8,inverse,383,27,00000057
structured8,inverse,383,28,000000ee
structured8,inverse,383,29,00000024
structured8,inverse,383,30,0000007d
structured8,inverse,383,31,00000095
structured8,inverse,383,32,000000dc
structured8,inverse,383,33,00000006
structured8,inverse,383,34,0000004f
structured8,inverse,383,35,000000f3
structured8,inverse,383,36,0000003a
structured8,inverse,383,37,00000060
structured8,inverse,383,38,000000a9
structured8,inverse,383,39,000000d9
structured8,inverse,383,40,00000000
structured8,inverse,383,41,0000004a
structured8,inverse,383,42,000000f3
structured8,inverse,383,43,0000003f
structured8,inverse,383,44,00000066
structured8,inverse,383,45,000000ac
structured8,inverse,383,46,000000d5
structured8,inverse,383,47,0000000d
structured8,inverse,383,48,00000044
structured8,inverse,383,49,000000fe
structured8,inverse,383,50,00000037
structured8,inverse,383,51,0000006b
structured8,inverse,383,52,000000a2
structured8,inverse,383,53,000000d8
structured8,inverse,383,54,00000011
structured8,inverse,383,55,00000041
structured8,inverse,383,56,000000f8
structured8,inverse,383,57,00000032
structured8,inverse,383,58,0000006b
structured8,inverse,383,59,000000a7
structured8,inverse,383,60,000000de
structured8,inverse,383,61,00000014
structured8,inverse,383,62,0000004d
structured8,inverse,383,63,000000c5
structured8,inverse,383,64,0000000c
structured8,inverse,383,65,00000056
structured8,inverse,383,66,0000009f
structured8,inverse,383,67,000000e3
structured8,inverse,383,68,0000002a
structured8,inverse,383,69,00000070
structured8,inverse,383,70,000000b9
structured8,inverse,383,71,00000009
structured8,inverse,383,72,00000050
structured8,inverse,383,73,0000009a
structured8,inverse,383,74,000000e3
structured8,inverse,383,75,0000002f
structured8,inverse,383,76,00000076
structured8,inverse,383,77,000000bc
structured8,inverse,383,78,00000005
structured8,inverse,383,79,0000005d
structured8,inverse,383,80,00000094
structured8,inverse,383,81,000000ee
structured8,inverse,383,82,00000027
structured8,inverse,383,83,0000007b
structured8,inverse,383,84,000000b2
structured8,inverse,383,85,00000008
structured8,inverse,383,86,00000041
structured8,inverse,383,87,00000091
structured8,inverse,383,88,000000e8
structured8,inverse,383,89,00000022
structured8,inverse,383,90,0000007b
structured8,inverse,383,91,000000b7
structured8,inverse,383,92,0000000e
structured8,inverse,383,93,00000044
structured8,inverse,383,94,0000009d
structured8,inverse,383,95,000000f5
structured8,inverse,383,96,0000003c
structured8,inverse,383,97,00000066
structured8,inverse,383,98,000000af
structured8,inverse,383,99,00000013
structured8,inverse,383,100,0000005a
structured8,inverse,383,101,00000080
structured8,inverse,383,102,000000c9
structured8,inverse,383,103,00000039
structured8,inverse,383,104,00000060
structured8,inverse,383,105,000000aa
structured8,inverse,383,106,00000013
structured8,inverse,383,107,0000005f
structured8,inverse,383,108,00000086
structured8,inverse,383,109,000000cc
structured8,inverse,383,110,00000035
structured8,inverse,383,111,0000006d
structured8,inverse,383,112,000000a4
structured8,inverse,383,113,0000001e
structured8,inverse,383,114,00000057
structured8,inverse,383,115,0000008b
structured8,inverse,383,116,000000c2
structured8,inverse,383,117,00000038
structured8,inverse,383,118,00000071
structured8,inverse,383,119,000000a1
structured8,inverse,383,120,00000018
structured8,inverse,383,121,00000052
structured8,inverse,383,122,0000008b
structured8,inverse,383,123,000000c7
structured8,inverse,383,124,0000003e
structured8,inverse,383,125,00000074
structured8,inverse,383,126,000000ad
structured8,inverse,383,127,00000065
structured8,inverse,383,128,0000002c
structured8,inverse,383,129,000000f6
structured8,inverse,383,130,000000bf
structured8,inverse,383,131,00000043
structured8,inverse,383,132,0000000a
structured8,inverse,383,133,000000d0
structured8,inverse,383,134,00000099
structured8,inverse,383,135,00000029
structured8,inverse,383,136,000000f0
structured8,inverse,383,137,000000ba
structured8,inverse,383,138,00000043
structured8,inverse,383,139,0000000f
structured8,inverse,383,140,000000d6
structured8,inverse,383,141,0000009c
structured8,inverse,383,142,00000025
structured8,inverse,383,143,000000fd
structured8,inverse,383,144,000000b4
structured8,inverse,383,145,0000004e
structured8,inverse,383,146,00000007
structured8,inverse,383,147,000000db
structured8,inverse,383,148,00000092
structured8,inverse,383,149,00000028
structured8,inverse,383,150,000000e1
structured8,inverse,383,151,000000b1
structured8,inverse,383,152,00000048
structured8,inverse,383,153,00000002
structured8,inverse,383,154,000000db
structured8,inverse,383,155,00000097
structured8,inverse,383,156,0000002e
structured8,inverse,383,157,000000e4
structured8,inverse,383,158,000000bd
structured8,inverse,383,159,00000055
structured8,inverse,383,160,0000001c
structured8,inverse,383,161,000000c6
structured8,inverse,383,162,0000008f
structured8,inverse,383,163,00000033
structured8,inverse,383,164,000000fa
structured8,inverse,383,165,000000a0
structured8,inverse,383,166,00000069
structured8,inverse,383,167,00000019
structured8,inverse,383,168,000000c0
structured8,inverse,383,169,0000008a
structured8,inverse,383,170,00000033
structured8,inverse,383,171,000000ff
structured8,inverse,383,172,000000a6
structured8,inverse,383,173,0000006c
structured8,inverse,383,174,00000015
structured8,inverse,383,175,000000cd
structured8,inverse,383,176,00000084
structured8,inverse,383,177,0000003e
structured8,inverse,383,178,000000f7
structured8,inverse,383,179,000000ab
structured8,inverse,383,180,00000062
structured8,inverse,383,181,00000018
structured8,inverse,383,182,000000d1
structured8,inverse,383,183,00000081
structured8,inverse,383,184,00000038
structured8,inverse,383,185,000000f2
structured8,inverse,383,186,000000ab
structured8,inverse,383,187,00000067
structured8,inverse,383,188,0000001e
structured8,inverse,383,189,000000d4
structured8,inverse,383,190,0000008d
structured8,inverse,383,191,00000005
structured8,inverse,383,192,000000cc
structured8,inverse,383,193,00000096
structured8,inverse,383,194,0000005f
structured8,inverse,383,195,00000023
structured8,inverse,383,196,000000ea
structured8,inverse,383,197,000000b0
structured8,inverse,383,198,00000079
structured8,inverse,383,199,000000c9
structured8,inverse,383,200,00000090
structured8,inverse,383,201,0000005a
structured8,inverse,383,202,00000023
structured8,inverse,383,203,000000ef
structured8,inverse,383,204,000000b6
structured8,inverse,383,205,0000007c
structured8,inverse,383,206,000000c5
structured8,inverse,383,207,0000009d
structured8,inverse,383,208,00000054
structured8,inverse,383,209,0000002e
structured8,inverse,383,210,000000e7
structured8,inverse,383,211,000000bb
structured8,inverse,383,212,00000072
structured8,inverse,383,213,000000c8
structured8,inverse,383,214,00000081
structured8,inverse,383,215,00000051
structured8,inverse,383,216,00000028
structured8,inverse,383,217,000000e2
structured8,inverse,383,218,000000bb
structured8,inverse,383,219,00000077
structured8,inverse,383,220,000000ce
structured8,inverse,383,221,00000084
structured8,inverse,383,222,0000005d
structured8,inverse,383,223,00000035
structured8,inverse,383,224,000000fc
structured8,inverse,383,225,000000a6
structured8,inverse,383,226,0000006f
structured8,inverse,383,227,000000d3
structured8,inverse,383,228,0000009a
structured8,inverse,383,229,00000040
structured8,inverse,383,230,00000009
structured8,inverse,383,231,000000f9
structured8,inverse,383,232,000000a0
structured8,inverse,383,233,0000006a
structured8,inverse,383,234,000000d3
structured8,inverse,383,235,0000009f
structured8,inverse,383,236,00000046
structured8,inverse,383,237,0000000c
structured8,inverse,383,238,000000f5
structured8,inverse,383,239,000000ad
structured8,inverse,383,240,00000064
structured8,inverse,383,241,000000de
structured8,inverse,383,242,00000097
structured8,inverse,383,243,0000004b
structured8,inverse,383,244,00000002
structured8,inverse,383,245,000000f8
structured8,inverse,383,246,000000b1
structured8,inverse,383,247,00000061
structured8,inverse,383,248,000000d8
structured8,inverse,383,249,00000092
structured8,inverse,383,250,0000004b
structured8,inverse,383,251,00000007
structured8,inverse,383,252,000000fe
structured8,inverse,383,253,000000b4
structured8,inverse,383,254,0000006d
structured8,inverse,383,255,00000025
structured8,inverse,383,256,0000006c
structured8,inverse,383,257,000000b6
structured8,inverse,383,258,000000ff
structured8,inverse,383,259,00000003
structured8,inverse,383,260,0000004a
structured8,inverse,383,261,00000090
structured8,inverse,383,262,000000d9
structured8,inverse,383,263,00000069
structured8,inverse,383,264,000000b0
structured8,inverse,383,265,000000fa
structured8,inverse,383,266,00000003
structured8,inverse,383,267,0000004f
structured8,inverse,383,268,00000096
structured8,inverse,383,269,000000dc
structured8,inverse,383,270,00000065
structured8,inverse,383,271,000000bd
structured8,inverse,383,272,000000f4
structured8,inverse,383,273,0000000e
structured8,inverse,383,274,00000047
structured8,inverse,383,275,0000009b
structured8,inverse,383,276,000000d2
structured8,inverse,383,277,00000068
structured8,inverse,383,278,000000a1
structured8,inverse,383,279,000000f1
structured8,inverse,383,280,00000008
structured8,inverse,383,281,00000042
structured8,inverse,383,282,0000009b
structured8,inverse,383,283,000000d7
structured8,inverse,383,284,0000006e
structured8,inverse,383,285,000000a4
structured8,inverse,383,286,000000fd
structured8,inverse,383,287,00000015
structured8,inverse,383,288,0000005c
structured8,inverse,383,289,00000086
structured8,inverse,383,290,000000cf
structured8,inverse,383,291,00000073
structured8,inverse,383,292,000000ba
structured8,inverse,383,293,000000e0
structured8,inverse,383,294,00000029
structured8,inverse,383,295,00000059
structured8,inverse,383,296,00000080
structured8,inverse,383,297,000000ca
structured8,inverse,383,298,00000073
structured8,inverse,383,299,000000bf
structured8,inverse,383,300,000000e6
structured8,inverse,383,301,0000002c
structured8,inverse,383,302,00000055
structured8,inverse,383,303,0000008d
structured8,inverse,383,304,000000c4
structured8,inverse,383,305,0000007e
structured8,inverse,383,306,000000b7
structured8,inverse,383,307,000000eb
structured8,inverse,383,308,00000022
structured8,inverse,383,309,00000058
structured8,inverse,383,310,00000091
structured8,inverse,383,311,000000c1
structured8,inverse,383,312,00000078
structured8,inverse,383,313,000000b2
structured8,inverse,383,314,000000eb
structured8,inverse,383,315,00000027
structured8,inverse,383,316,0000005e
structured8,inverse,383,317,00000094
structured8,inverse,383,318,000000cd
structured8,inverse,383,319,00000045
structured8,inverse,383,320,0000008c
structured8,inverse,383,321,000000d6
structured8,inverse,383,322,0000001f
structured8,inverse,383,323,00000063
structured8,inverse,383,324,000000aa
structured8,inverse,383,325,000000f0
structured8,inverse,383,326,00000039
structured8,inverse,383,327,00000089
structured8,inverse,383,328,000000d0
structured8,inverse,383,329,0000001a
structured8,inverse,383,330,00000063
structured8,inverse,383,331,000000af
structured8,inverse,383,332,000000f6
structured8,inverse,383,333,0000003c
structured8,inverse,383,334,00000085
structured8,inverse,383,335,000000dd
structured8,inverse,383,336,00000014
structured8,inverse,383,337,0000006e
structured8,inverse,383,338,000000a7
structured8,inverse,383,339,000000fb
structured8,inverse,383,340,00000032
structured8,inverse,383,341,00000088
structured8,inverse,383,342,000000c1
structured8,inverse,383,343,00000011
structured8,inverse,383,344,00000068
structured8,inverse,383,345,000000a2
structured8,inverse,383,346,000000fb
structured8,inverse,383,347,00000037
structured8,inverse,383,348,0000008e
structured8,inverse,383,349,000000c4
structured8,inverse,383,350,0000001d
structured8,inverse,383,351,00000075
structured8,inverse,383,352,000000bc
structured8,inverse,383,353,000000e6
structured8,inverse,383,354,0000002f
structured8,inverse,383,355,00000093
structured8,inverse,383,356,000000da
structured8,inverse,383,357,00000000
structured8,inverse,383,358,00000049
structured8,inverse,383,359,000000b9
structured8,inverse,383,360,000000e0
structured8,inverse,383,361,0000002a
structured8,inverse,383,362,00000093
structured8,inverse,383,363,000000df
structured8,inverse,383,364,00000006
structured8,inverse,383,365,0000004c
structured8,inverse,383,366,000000b5
structured8,inverse,383,367,000000ed
structured8,inverse,383,368,00000024
structured8,inverse,383,369,0000009e
structured8,inverse,383,370,000000d7
structured8,inverse,383,371,0000000b
structured8,inverse,383,372,00000042
structured8,inverse,383,373,000000b8
structured8,inverse,383,374,000000f1
structured8,inverse,383,375,00000021
structured8,inverse,383,376,00000098
structured8,inverse,383,377,000000d2
structured8,inverse,383,378,0000000b
structured8,inverse,383,379,00000047
structured8,inverse,383,380,000000be
structured8,inverse,383,381,000000f4
structured8,inverse,383,382,0000002d
structured8,inverse,383,383,000000a5
random8,forward,383,0,0000007e
random8,forward,383,1,000000c6
random8,forward,383,2,0000004f
random8,forward,383,3,0000001b
random8,forward,383,4,000000ad
random8,forward,383,5,0000008e
random8,forward,383,6,000000f2
random8,forward,383,7,000000ad
random8,forward,383,8,00000084
random8,forward,383,9,000000ad
random8,forward,383,10,00000005
random8,forward,383,11,00000054
random8,forward,383,12,000000b1
random8,forward,383,13,000000cf
random8,forward,383,14,000000c3
random8,forward,383,15,0000009b
random8,forward,383,16,000000d0
random8,forward,383,17,0000005f
random8,forward,383,18,00000029
random8,forward,383,19,000000cf
random8,forward,383,20,0000003c
random8,forward,383,21,0000008b
random8,forward,383,22,000000f3
random8,forward,383,23,000000fc
random8,forward,383,24,00000012
random8,forward,383,25,0000003d
random8,forward,383,26,0000009c
random8,forward,383,27,000000ee
random8,forward,383,28,0000002e
random8,forward,383,29,00000021
random8,forward,383,30,00000061
random8,forward,383,31,00000031
random8,forward,383,32,0000002c
random8,forward,383,33,000000a5
random8,forward,383,34,0000003e
random8,forward,383,35,00000010
random8,forward,383,36,00000067
random8,forward,383,37,000000f3
random8,forward,383,38,000000ef
random8,forward,383,39,00000098
random8,forward,383,40,000000fc
random8,forward,383,41,000000f8
random8,forward,383,42,000000f0
random8,forward,383,43,00000095
random8,forward,383,44,000000c7
random8,forward,383,45,0000005f
random8,forward,383,46,0000007c
random8,forward,383,47,00000093
random8,forward,383,48,00000064
random8,forward,383,49,00000096
random8,forward,383,50,00000090
random8,forward,383,51,000000dd
random8,forward,383,52,0000002e
random8,forward,383,53,000000c7
random8,forward,383,54,000000e8
random8,forward,383,55,00000080
random8,forward,383,56,00000042
random8,forward,383,57,000000df
random8,forward,383,58,000000ff
random8,forward,383,59,00000048
random8,forward,383,60,0000007c
random8,forward,383,61,0000008a
random8,forward,383,62,00000012
random8,forward,383,63,000000c0
random8,forward,383,64,00000078
random8,forward,383,65,00000033
random8,forward,383,66,0000001d
random8,forward,383,67,00000035
random8,forward,383,68,00000091
random8,forward,383,69,00000007
random8,forward,383,70,000000dc
random8,forward,383,71,000000b4
random8,forward,383,72,000000e4
random8,forward,383,73,000000f2
random8,forward,383,74,000000ca
random8,forward,383,75,00000006
random8,forward,383,76,0000004d
random8,forward,383,77,000000a0
random8,forward,383,78,00000025
random8,forward,383,79,000000ba
random8,forward,383,80,00000067
random8,forward,383,81,0000007c
random8,forward,383,82,000000e7
random8,forward,383,83,0000001a
random8,forward,383,84,00000090
random8,forward,383,85,000000b3
random8,forward,383,86,000000cc
random8,forward,383,87,00000033
random8,forward,383,88,000000e2
random8,forward,383,89,00000031
random8,forward,383,90,00000052
random8,forward,383,91,000000d1
random8,forward,383,92,0000003a
random8,forward,383,93,000000a2
random8,forward,383,94,000000b3
random8,forward,383,95,00000080
random8,forward,383,96,00000033
random8,forward,383,97,00000071
random8,forward,383,98,000000ec
random8,forward,383,99,0000008b
random8,forward,383,100,0000002b
random8,forward,383,101,000000cc
random8,forward,383,102,000000b9
random8,forward,383,103,000000ff
random8,forward,383,104,0000003c
random8,forward,383,105,0000009c
random8,forward,383,106,00000095
random8,forward,383,107,000000a8
random8,forward,383,108,00000043
random8,forward,383,109,00000090
random8,forward,383,110,000000be
random8,forward,383,111,00000011
random8,forward,383,112,000000db
random8,forward,383,113,00000013
random8,forward,383,114,0000002e
random8,forward,383,115,00000088
random8,forward,383,116,00000062
random8,forward,383,117,00000050
random8,forward,383,118,000000a1
random8,forward,383,119,00000017
random8,forward,383,120,000000f2
random8,forward,383,121,00000034
random8,forward,383,122,00000095
random8,forward,383,123,0000008a
random8,forward,383,124,00000068
random8,forward,383,125,0000006a
random8,forward,383,126,00000044
random8,forward,383,127,0000006f
random8,forward,383,128,0000005f
random8,forward,383,129,00000060
random8,forward,383,130,000000ab
random8,forward,383,131,00000010
random8,forward,383,132,00000035
random8,forward,383,133,00000040
random8,forward,383,134,00000086
random8,forward,383,135,0000007a
random8,forward,383,136,00000004
random8,forward,383,137,000000f7
random8,forward,383,138,00000050
random8,forward,383,139,00000079
random8,forward,383,140,000000a9
random8,forward,383,141,00000031
random8,forward,383,142,00000046
random8,forward,383,143,00000099
random8,forward,383,144,000000bf
random8,forward,383,145,00000059
random8,forward,383,146,00000064
random8,forward,383,147,00000025
random8,forward,383,148,000000a4
random8,forward,383,149,0000009c
random8,forward,383,150,00000066
random8,forward,383,151,0000002a
random8,forward,383,152,00000072
random8,forward,383,153,000000e6
random8,forward,383,154,000000c8
random8,forward,383,155,00000074
random8,forward,383,156,00000006
random8,forward,383,157,000000e3
random8,forward,383,158,000000c5
random8,forward,383,159,0000008e
random8,forward,383,160,000000fb
random8,forward,383,161,000000fe
random8,forward,383,162,0000005a
random8,forward,383,163,000000c6
random8,forward,383,164,000000ae
random8,forward,383,165,00000064
random8,forward,383,166,00000043
random8,forward,383,167,00000026
random8,forward,383,168,0000003c
random8,forward,383,169,00000001
random8,forward,383,170,000000fb
random8,forward,383,171,0000007a
random8,forward,383,172,0000007e
random8,forward,383,173,00000081
random8,forward,383,174,000000bf
random8,forward,383,175,00000050
random8,forward,383,176,00000013
random8,forward,383,177,0000004f
random8,forward,383,178,0000008b
random8,forward,383,179,000000f2
random8,forward,383,180,00000055
random8,forward,383,181,00000098
random8,forward,383,182,0000001b
random8,forward,383,183,0000006d
random8,forward,383,184,00000062
random8,forward,383,185,00000048
random8,forward,383,186,000000eb
random8,forward,383,187,0000008d
random8,forward,383,188,00000013
random8,forward,383,189,0000000b
random8,forward,383,190,00000036
random8,forward,383,191,000000de
random8,forward,383,192,00000007
random8,forward,383,193,0000004d
random8,forward,383,194,000000f9
random8,forward,383,195,000000ab
random8,forward,383,196,00000098
random8,forward,383,197,00000039
random8,forward,383,198,000000ef
random8,forward,383,199,00000001
random8,forward,383,200,000000e3
random8,forward,383,201,000000bc
random8,forward,383,202,00000096
random8,forward,383,203,000000ac
random8,forward,383,204,000000c4
random8,forward,383,205,00000081
random8,forward,383,206,00000028
random8,forward,383,207,00000037
random8,forward,383,208,000000d7
random8,forward,383,209,000000f6
random8,forward,383,210,000000a2
random8,forward,383,211,000000f0
random8,forward,383,212,00000077
random8,forward,383,213,00000045
random8,forward,383,214,000000c0
random8,forward,383,215,000000e1
random8,forward,383,216,000000c1
random8,forward,383,217,0000005b
random8,forward,383,218,000000fd
random8,forward,383,219,000000d7
random8,forward,383,220,00000091
random8,forward,383,221,000000e3
random8,forward,383,222,00000097
random8,forward,383,223,0000005d
random8,forward,383,224,00000083
random8,forward,383,225,0000004b
random8,forward,383,226,00000088
random8,forward,383,227,000000c0
random8,forward,383,228,000000f2
random8,forward,383,229,000000bd
random8,forward,383,230,0000008c
random8,forward,383,231,0000000c
random8,forward,383,232,000000fb
random8,forward,383,233,00000026
random8,forward,383,234,00000021
random8,forward,383,235,0000000d
random8,forward,383,236,0000007a
random8,forward,383,237,00000032
random8,forward,383,238,00000081
random8,forward,383,239,0000004f
random8,forward,383,240,0000000b
random8,forward,383,241,0000004c
random8,forward,383,242,000000a9
random8,forward,383,243,0000001d
random8,forward,383,244,00000009
random8,forward,383,245,000000a1
random8,forward,383,246,00000055
random8,forward,383,247,00000084
random8,forward,383,248,00000091
random8,forward,383,249,0000001d
random8,forward,383,250,00000000
random8,forward,383,251,00000050
random8,forward,383,252,0000007f
random8,forward,383,253,0000006c
random8,forward,383,254,000000e7
random8,forward,383,255,0000000c
random8,forward,383,256,0000006f
random8,forward,383,257,000000f9
random8,forward,383,258,00000006
random8,forward,383,259,00000006
random8,forward,383,260,000000bc
random8,forward,383,261,000000f1
random8,forward,383,262,00000019
random8,forward,383,263,00000048
random8,forward,383,264,00000083
random8,forward,383,265,00000040
random8,forward,383,266,0000009c
random8,forward,383,267,0000009f
random8,forward,383,268,000000a0
random8,forward,383,269,00000092
random8,forward,383,270,000000ca
random8,forward,383,271,00000096
random8,forward,383,272,000000af
random8,forward,383,273,00000052
random8,forward,383,274,000000a0
random8,forward,383,275,0000007a
random8,forward,383,276,0000000b
random8,forward,383,277,000000ae
random8,forward,383,278,000000da
random8,forward,383,279,00000057
random8,forward,383,280,000000d1
random8,forward,383,281,00000090
random8,forward,383,282,000000f3
random8,forward,383,283,000000f9
random8,forward,383,284,000000dd
random8,forward,383,285,000000a4
random8,forward,383,286,00000028
random8,forward,383,287,000000ec
random8,forward,383,288,000000cb
random8,forward,383,289,00000058
random8,forward,383,290,00000075
random8,forward,383,291,0000007b
random8,forward,383,292,000000f6
random8,forward,383,293,000000d6
random8,forward,383,294,00000096
random8,forward,383,295,000000b3
random8,forward,383,296,0000007b
random8,forward,383,297,0000000b
random8,forward,383,298,00000007
random8,forward,383,299,00000060
random8,forward,383,300,00000036
random8,forward,383,301,000000a2
random8,forward,383,302,00000003
random8,forward,383,303,0000000e
random8,forward,383,304,000000c3
random8,forward,383,305,00000009
random8,forward,383,306,00000087
random8,forward,383,307,00000008
random8,forward,383,308,0000007d
random8,forward,383,309,0000006a
random8,forward,383,310,0000004f
random8,forward,383,311,0000005b
random8,forward,383,312,00000081
random8,forward,383,313,000000b2
random8,forward,383,314,000000d6
random8,forward,383,315,000000d3
random8,forward,383,316,000000ab
random8,forward,383,317,0000008d
random8,forward,383,318,00000059
random8,forward,383,319,000000fb
random8,forward,383,320,00000097
random8,forward,383,321,00000066
random8,forward,383,322,000000d4
random8,forward,383,323,00000020
random8,forward,383,324,000000a0
random8,forward,383,325,0000006a
random8,forward,383,326,00000003
random8,forward,383,327,0000004f
random8,forward,383,328,000000e3
random8,forward,383,329,00000085
random8,forward,383,330,00000061
random8,forward,383,331,00000051
random8,forward,383,332,0000003c
random8,forward,383,333,00000063
random8,forward,383,334,0000002c
random8,forward,383,335,000000b5
random8,forward,383,336,00000046
random8,forward,383,337,0000006f
random8,forward,383,338,0000005e
random8,forward,383,339,000000c5
random8,forward,383,340,0000005f
random8,forward,383,341,000000d6
random8,forward,383,342,000000b3
random8,forward,383,343,0000008e
random8,forward,383,344,000000a1
random8,forward,383,345,00000084
random8,forward,383,346,000000a9
random8,forward,383,347,000000dc
random8,forward,383,348,000000e9
random8,forward,383,349,00000025
random8,forward,383,350,0000007a
random8,forward,383,351,0000003b
random8,forward,383,352,000000d2
random8,forward,383,353,00000024
random8,forward,383,354,00000023
random8,forward,383,355,000000f6
random8,forward,383,356,000000ba
random8,forward,383,357,000000af
random8,forward,383,358,00000060
random8,forward,383,359,0000001a
random8,forward,383,360,000000bb
random8,forward,383,361,000000af
random8,forward,383,362,000000ac
random8,forward,383,363,00000073
random8,forward,383,364,000000b2
random8,forward,383,365,000000d3
random8,forward,383,366,00000045
random8,forward,383,367,0000008c
random8,forward,383,368,0000003a
random8,forward,383,369,00000086
random8,forward,383,370,00000025
random8,forward,383,371,000000b3
random8,forward,383,372,000000b1
random8,forward,383,373,000000f3
random8,forward,383,374,00000008
random8,forward,383,375,000000f2
random8,forward,383,376,00000031
random8,forward,383,377,00000007
random8,forward,383,378,0000006c
random8,forward,383,379,00000015
random8,forward,383,380,00000097
random8,forward,383,381,0000006d
random8,forward,383,382,0000008b
random8,forward,383,383,000000aa
random8,inverse,383,0,0000004f
random8,inverse,383,1,0000001b
random8,inverse,383,2,000000ad
random8,inverse,383,3,0000008e
random8,inverse,383,4,000000f2
random8,inverse,383,5,000000ad
random8,inverse,383,6,00000084
random8,inverse,383,7,000000ad
random8,inverse,383,8,00000005
random8,inverse,383,9,00000054
random8,inverse,383,10,000000b1
random8,inverse,383,11,000000cf
random8,inverse,383,12,000000c3
random8,inverse,383,13,0000009b
random8,inverse,383,14,000000d0
random8,inverse,383,15,0000005f
random8,inverse,383,16,00000029
random8,inverse,383,17,000000cf
random8,inverse,383,18,0000003c
random8,inverse,383,19,0000008b
random8,inverse,383,20,000000f3
random8,inverse,383,21,000000fc
random8,inverse,383,22,00000012
random8,inverse,383,23,0000003d
random8,inverse,383,24,0000009c
random8,inverse,383,25,000000ee
random8,inverse,383,26,0000002e
random8,inverse,383,27,00000021
random8,inverse,383,28,00000061
random8,inverse,383,29,00000031
random8,inverse,383,30,0000002c
random8,inverse,383,31,000000a5
random8,inverse,383,32,0000003e
random8,inverse,383,33,00000010
random8,inverse,383,34,00000067
random8,inverse,383,35,000000f3
random8,inverse,383,36,000000ef
random8,inverse,383,37,00000098
random8,inverse,383,38,000000fc
random8,inverse,383,39,000000f8
random8,inverse,383,40,000000f0
random8,inverse,383,41,00000095
random8,inverse,383,42,000000c7
random8,inverse,383,43,0000005f
random8,inverse,383,44,0000007c
random8,inverse,383,45,00000093
random8,inverse,383,46,00000064
random8,inverse,383,47,00000096
random8,inverse,383,48,00000090
random8,inverse,383,49,000000dd
random8,inverse,383,50,0000002e
random8,inverse,383,51,000000c7
random8,inverse,383,52,000000e8
random8,inverse,383,53,00000080
random8,inverse,383,54,00000042
random8,inverse,383,55,000000df
random8,inverse,383,56,000000ff
random8,inverse,383,57,00000048
random8,inverse,383,58,0000007c
random8,inverse,383,59,0000008a
random8,inverse,383,60,00000012
random8,inverse,383,61,000000c0
random8,inverse,383,62,00000078
random8,inverse,383,63,00000033
random8,inverse,383,64,0000001d
random8,inverse,383,65,00000035
random8,inverse,383,66,00000091
random8,inverse,383,67,00000007
random8,inverse,383,68,000000dc
random8,inverse,383,69,000000b4
random8,inverse,383,70,000000e4
random8,inverse,383,71,000000f2
random8,inverse,383,72,000000ca
random8,inverse,383,73,00000006
random8,inverse,383,74,0000004d
random8,inverse,383,75,000000a0
random8,inverse,383,76,00000025
random8,inverse,383,77,000000ba
random8,inverse,383,78,00000067
random8,inverse,383,79,0000007c
random8,inverse,383,80,000000e7
random8,inverse,383,81,0000001a
random8,inverse,383,82,00000090
random8,inverse,383,83,000000b3
random8,inverse,383,84,000000cc
random8,inverse,383,85,00000033
random8,inverse,383,86,000000e2
random8,inverse,383,87,00000031
random8,inverse,383,88,00000052
random8,inverse,383,89,000000d1
random8,inverse,383,90,0000003a
random8,inverse,383,91,000000a2
random8,inverse,383,92,000000b3
random8,inverse,383,93,00000080
random8,inverse,383,94,00000033
random8,inverse,383,95,00000071
random8,inverse,383,96,000000ec
random8,inverse,383,97,0000008b
random8,inverse,383,98,0000002b
random8,inverse,383,99,000000cc
random8,inverse,383,100,000000b9
random8,inverse,383,101,000000ff
random8,inverse,383,102,0000003c
random8,inverse,383,103,0000009c
random8,inverse,383,104,00000095
random8,inverse,383,105,000000a8
random8,inverse,383,106,00000043
random8,inverse,383,107,00000090
random8,inverse,383,108,000000be
random8,inverse,383,109,00000011
random8,inverse,383,110,000000db
random8,inverse,383,111,00000013
random8,inverse,383,112,0000002e
random8,inverse,383,113,00000088
random8,inverse,383,114,00000062
random8,inverse,383,115,00000050
random8,inverse,383,116,000000a1
random8,inverse,383,117,00000017
random8,inverse,383,118,000000f2
random8,inverse,383,119,00000034
random8,inverse,383,120,00000095
random8,inverse,383,121,0000008a
random8,inverse,383,122,00000068
random8,inverse,383,123,0000006a
random8,inverse,383,124,00000044
random8,inverse,383,125,0000006f
random8,inverse,383,126,0000005f
random8,inverse,383,127,00000060
random8,inverse,383,128,000000ab
random8,inverse,383,129,00000010
random8,inverse,383,130,00000035
random8,inverse,383,131,00000040
random8,inverse,383,132,00000086
random8,inverse,383,133,0000007a
random8,inverse,383,134,00000004
random8,inverse,383,135,000000f7
random8,inverse,383,136,00000050
random8,inverse,383,137,00000079
random8,inverse,383,138,000000a9
random8,inverse,383,139,00000031
random8,inverse,383,140,00000046
random8,inverse,383,141,00000099
random8,inverse,383,142,000000bf
random8,inverse,383,143,00000059
random8,inverse,383,144,00000064
random8,inverse,383,145,00000025
random8,inverse,383,146,000000a4
random8,inverse,383,147,0000009c
random8,inverse,383,148,00000066
random8,inverse,383,149,0000002a
random8,inverse,383,150,00000072
random8,inverse,383,151,000000e6
random8,inverse,383,152,000000c8
random8,inverse,383,153,00000074
random8,inverse,383,154,00000006
random8,inverse,383,155,000000e3
random8,inverse,383,156,000000c5
random8,inverse,383,157,0000008e
random8,inverse,383,158,000000fb
random8,inverse,383,159,000000fe
random8,inverse,383,160,0000005a
random8,inverse,383,161,000000c6
random8,inverse,383,162,000000ae
random8,inverse,383,163,00000064
random8,inverse,383,164,00000043
random8,inverse,383,165,00000026
random8,inverse,383,166,0000003c
random8,inverse,383,167,00000001
random8,inverse,383,168,000000fb
random8,inverse,383,169,0000007a
random8,inverse,383,170,0000007e
random8,inverse,383,171,00000081
random8,inverse,383,172,000000bf
random8,inverse,383,173,00000050
random8,inverse,383,174,00000013
random8,inverse,383,175,0000004f
random8,inverse,383,176,0000008b
random8,inverse,383,177,000000f2
random8,inverse,383,178,00000055
random8,inverse,383,179,00000098
random8,inverse,383,180,0000001b
random8,inverse,383,181,0000006d
random8,inverse,383,182,00000062
random8,inverse,383,183,00000048
random8,inverse,383,184,000000eb
random8,inverse,383,185,0000008d
random8,inverse,383,186,00000013
random8,inverse,383,187,0000000b
random8,inverse,383,188,00000036
random8,inverse,383,189,000000de
random8,inverse,383,190,00000007
random8,inverse,383,191,0000004d
random8,inverse,383,192,000000f9
random8,inverse,383,193,000000ab
random8,inverse,383,194,00000098
random8,inverse,383,195,00000039
random8,inverse,383,196,000000ef
random8,inverse,383,197,00000001
random8,inverse,383,198,000000e3
random8,inverse,383,199,000000bc
random8,inverse,383,200,00000096
random8,inverse,383,201,000000ac
random8,inverse,383,202,000000c4
random8,inverse,383,203,00000081
random8,inverse,383,204,00000028
random8,inverse,383,205,00000037
random8,inverse,383,206,000000d7
random8,inverse,383,207,000000f6
random8,inverse,383,208,000000a2
random8,inverse,383,209,000000f0
random8,inverse,383,210,00000077
random8,inverse,383,211,00000045
random8,inverse,383,212,000000c0
random8,inverse,383,213,000000e1
random8,inverse,383,214,000000c1
random8,inverse,383,215,0000005b
random8,inverse,383,216,000000fd
random8,inverse,383,217,000000d7
random8,inverse,383,218,00000091
random8,inverse,383,219,000000e3
random8,inverse,383,220,00000097
random8,inverse,383,221,0000005d
random8,inverse,383,222,00000083
random8,inverse,383,223,0000004b
random8,inverse,383,224,00000088
random8,inverse,383,225,000000c0
random8,inverse,383,226,000000f2
random8,inverse,383,227,000000bd
random8,inverse,383,228,0000008c
random8,inverse,383,229,0000000c
random8,inverse,383,230,000000fb
random8,inverse,383,231,00000026
random8,inverse,383,232,00000021
random8,inverse,383,233,0000000d
random8,inverse,383,234,0000007a
random8,inverse,383,235,00000032
random8,inverse,383,236,00000081
random8,inverse,383,237,0000004f
random8,inverse,383,238,0000000b
random8,inverse,383,239,0000004c
random8,inverse,383,240,000000a9
random8,inverse,383,241,0000001d
random8,inverse,383,242,00000009
random8,inverse,383,243,000000a1
random8,inverse,383,244,00000055
random8,inverse,383,245,00000084
random8,inverse,383,246,00000091
random8,inverse,383,247,0000001d
random8,inverse,383,248,00000000
random8,inverse,383,249,00000050
random8,inverse,383,250,0000007f
random8,inverse,383,251,0000006c
random8,inverse,383,252,000000e7
random8,inverse,383,253,0000000c
random8,inverse,383,254,0000006f
random8,inverse,383,255,000000f9
random8,inverse,383,256,00000006
random8,inverse,383,257,00000006
random8,inverse,383,258,000000bc
random8,inverse,383,259,000000f1
random8,inverse,383,260,00000019
random8,inverse,383,261,00000048
random8,inverse,383,262,00000083
random8,inverse,383,263,00000040
random8,inverse,383,264,0000009c
random8,inverse,383,265,0000009f
random8,inverse,383,266,000000a0
random8,inverse,383,267,00000092
random8,inverse,383,268,000000ca
random8,inverse,383,269,00000096
random8,inverse,383,270,000000af
random8,inverse,383,271,00000052
random8,inverse,383,272,000000a0
random8,inverse,383,273,0000007a
random8,inverse,383,274,0000000b
random8,inverse,383,275,000000ae
random8,inverse,383,276,000000da
random8,inverse,383,277,00000057
random8,inverse,383,278,000000d1
random8,inverse,383,279,00000090
random8,inverse,383,280,000000f3
random8,inverse,383,281,000000f9
random8,inverse,383,282,000000dd
random8,inverse,383,283,000000a4
random8,inverse,383,284,00000028
random8,inverse,383,285,000000ec
random8,inverse,383,286,000000cb
random8,inverse,383,287,00000058
random8,inverse,383,288,00000075
random8,inverse,383,289,0000007b
random8,inverse,383,290,000000f6
random8,inverse,383,291,000000d6
random8,inverse,383,292,00000096
random8,inverse,383,293,000000b3
random8,inverse,383,294,0000007b
random8,inverse,383,295,0000000b
random8,inverse,383,296,00000007
random8,inverse,383,297,00000060
random8,inverse,383,298,00000036
random8,inverse,383,299,000000a2
random8,inverse,383,300,00000003
random8,inverse,383,301,0000000e
random8,inverse,383,302,000000c3
random8,inverse,383,303,00000009
random8,inverse,383,304,00000087
random8,inverse,383,305,00000008
random8,inverse,383,306,0000007d
random8,inverse,383,307,0000006a
random8,inverse,383,308,0000004f
random8,inverse,383,309,0000005b
random8,inverse,383,310,00000081
random8,inverse,383,311,000000b2
random8,inverse,383,312,000000d6
random8,inverse,383,313,000000d3
random8,inverse,383,314,000000ab
random8,inverse,383,315,0000008d
random8,inverse,383,316,00000059
random8,inverse,383,317,000000fb
random8,inverse,383,318,00000097
random8,inverse,383,319,00000066
random8,inverse,383,320,000000d4
random8,inverse,383,321,00000020
random8,inverse,383,322,000000a0
random8,inverse,383,323,0000006a
random8,inverse,383,324,00000003
random8,inverse,383,325,0000004f
random8,inverse,383,326,000000e3
random8,inverse,383,327,00000085
random8,inverse,383,328,00000061
random8,inverse,383,329,00000051
random8,inverse,383,330,0000003c
random8,inverse,383,331,00000063
random8,inverse,383,332,0000002c
random8,inverse,383,333,000000b5
random8,inverse,383,334,00000046
random8,inverse,383,335,0000006f
random8,inverse,383,336,0000005e
random8,inverse,383,337,000000c5
random8,inverse,383,338,0000005f
random8,inverse,383,339,000000d6
random8,inverse,383,340,000000b3
random8,inverse,383,341,0000008e
random8,inverse,383,342,000000a1
random8,inverse,383,343,00000084
random8,inverse,383,344,000000a9
random8,inverse,383,345,000000dc
random8,inverse,383,346,000000e9
random8,inverse,383,347,00000025
random8,inverse,383,348,0000007a
random8,inverse,383,349,0000003b
random8,inverse,383,350,000000d2
random8,inverse,383,351,00000024
random8,inverse,383,352,00000023
random8,inverse,383,353,000000f6
random8,inverse,383,354,000000ba
random8,inverse,383,355,000000af
random8,inverse,383,356,00000060
random8,inverse,383,357,0000001a
random8,inverse,383,358,000000bb
random8,inverse,383,359,000000af
random8,inverse,383,360,000000ac
random8,inverse,383,361,00000073
random8,inverse,383,362,000000b2
random8,inverse,383,363,000000d3
random8,inverse,383,364,00000045
random8,inverse,383,365,0000008c
random8,inverse,383,366,0000003a
random8,inverse,383,367,00000086
random8,inverse,383,368,00000025
random8,inverse,383,369,000000b3
random8,inverse,383,370,000000b1
random8,inverse,383,371,000000f3
random8,inverse,383,372,00000008
random8,inverse,383,373,000000f2
random8,inverse,383,374,00000031
random8,inverse,383,375,00000007
random8,inverse,383,376,0000006c
random8,inverse,383,377,00000015
random8,inverse,383,378,00000097
random8,inverse,383,379,0000006d
random8,inverse,383,380,0000008b
random8,inverse,383,381,000000aa
random8,inverse,383,382,0000007e
random8,inverse,383,383,000000c6
